method,variant,architecture,seed,split,threshold_mode,status,reason,source,validation_calibrated,label_id,label,train_support,support,predicted_support,tp,fp,fn,tn,precision,recall,f1
A,standard,tfidf_lr,,validation,fixed,ok,,D:\DoAn\Đồ án NLP\goemotions-multilabel-classification\data\processed\baseline\full\analysis_validation.json,False,0,admiration,4130,488.0,221.0,177.0,44.0,311.0,4894.0,0.8009049773755657,0.36270491803278687,0.4992947813822285
A,standard,tfidf_lr,,validation,fixed,ok,,D:\DoAn\Đồ án NLP\goemotions-multilabel-classification\data\processed\baseline\full\analysis_validation.json,False,1,amusement,2328,303.0,148.0,122.0,26.0,181.0,5097.0,0.8243243243243243,0.40264026402640263,0.541019955654102
A,standard,tfidf_lr,,validation,fixed,ok,,D:\DoAn\Đồ án NLP\goemotions-multilabel-classification\data\processed\baseline\full\analysis_validation.json,False,2,anger,1567,195.0,36.0,26.0,10.0,169.0,5221.0,0.7222222222222222,0.13333333333333333,0.22510822510822512
A,standard,tfidf_lr,,validation,fixed,ok,,D:\DoAn\Đồ án NLP\goemotions-multilabel-classification\data\processed\baseline\full\analysis_validation.json,False,3,annoyance,2470,303.0,6.0,2.0,4.0,301.0,5119.0,0.3333333333333333,0.006600660066006601,0.012944983818770227
A,standard,tfidf_lr,,validation,fixed,ok,,D:\DoAn\Đồ án NLP\goemotions-multilabel-classification\data\processed\baseline\full\analysis_validation.json,False,4,approval,2939,397.0,22.0,13.0,9.0,384.0,5020.0,0.5909090909090909,0.0327455919395466,0.06205250596658711
A,standard,tfidf_lr,,validation,fixed,ok,,D:\DoAn\Đồ án NLP\goemotions-multilabel-classification\data\processed\baseline\full\analysis_validation.json,False,5,caring,1087,153.0,8.0,5.0,3.0,148.0,5270.0,0.625,0.032679738562091505,0.062111801242236024
A,standard,tfidf_lr,,validation,fixed,ok,,D:\DoAn\Đồ án NLP\goemotions-multilabel-classification\data\processed\baseline\full\analysis_validation.json,False,6,confusion,1368,152.0,9.0,3.0,6.0,149.0,5268.0,0.3333333333333333,0.019736842105263157,0.037267080745341616
A,standard,tfidf_lr,,validation,fixed,ok,,D:\DoAn\Đồ án NLP\goemotions-multilabel-classification\data\processed\baseline\full\analysis_validation.json,False,7,curiosity,2191,248.0,46.0,28.0,18.0,220.0,5160.0,0.6086956521739131,0.11290322580645161,0.19047619047619047
A,standard,tfidf_lr,,validation,fixed,ok,,D:\DoAn\Đồ án NLP\goemotions-multilabel-classification\data\processed\baseline\full\analysis_validation.json,False,8,desire,641,77.0,14.0,13.0,1.0,64.0,5348.0,0.9285714285714286,0.16883116883116883,0.2857142857142857
A,standard,tfidf_lr,,validation,fixed,ok,,D:\DoAn\Đồ án NLP\goemotions-multilabel-classification\data\processed\baseline\full\analysis_validation.json,False,9,disappointment,1269,163.0,0.0,0.0,0.0,163.0,5263.0,0.0,0.0,0.0
A,standard,tfidf_lr,,validation,fixed,ok,,D:\DoAn\Đồ án NLP\goemotions-multilabel-classification\data\processed\baseline\full\analysis_validation.json,False,10,disapproval,2022,292.0,13.0,7.0,6.0,285.0,5128.0,0.5384615384615384,0.023972602739726026,0.04590163934426229
A,standard,tfidf_lr,,validation,fixed,ok,,D:\DoAn\Đồ án NLP\goemotions-multilabel-classification\data\processed\baseline\full\analysis_validation.json,False,11,disgust,793,97.0,8.0,5.0,3.0,92.0,5326.0,0.625,0.05154639175257732,0.09523809523809523
A,standard,tfidf_lr,,validation,fixed,ok,,D:\DoAn\Đồ án NLP\goemotions-multilabel-classification\data\processed\baseline\full\analysis_validation.json,False,12,embarrassment,303,35.0,2.0,2.0,0.0,33.0,5391.0,1.0,0.05714285714285714,0.10810810810810811
A,standard,tfidf_lr,,validation,fixed,ok,,D:\DoAn\Đồ án NLP\goemotions-multilabel-classification\data\processed\baseline\full\analysis_validation.json,False,13,excitement,853,96.0,13.0,5.0,8.0,91.0,5322.0,0.38461538461538464,0.052083333333333336,0.09174311926605505
A,standard,tfidf_lr,,validation,fixed,ok,,D:\DoAn\Đồ án NLP\goemotions-multilabel-classification\data\processed\baseline\full\analysis_validation.json,False,14,fear,596,90.0,8.0,8.0,0.0,82.0,5336.0,1.0,0.08888888888888889,0.16326530612244897
A,standard,tfidf_lr,,validation,fixed,ok,,D:\DoAn\Đồ án NLP\goemotions-multilabel-classification\data\processed\baseline\full\analysis_validation.json,False,15,gratitude,2662,358.0,286.0,277.0,9.0,81.0,5059.0,0.9685314685314685,0.7737430167597765,0.860248447204969
A,standard,tfidf_lr,,validation,fixed,ok,,D:\DoAn\Đồ án NLP\goemotions-multilabel-classification\data\processed\baseline\full\analysis_validation.json,False,16,grief,77,13.0,0.0,0.0,0.0,13.0,5413.0,0.0,0.0,0.0
A,standard,tfidf_lr,,validation,fixed,ok,,D:\DoAn\Đồ án NLP\goemotions-multilabel-classification\data\processed\baseline\full\analysis_validation.json,False,17,joy,1452,172.0,37.0,25.0,12.0,147.0,5242.0,0.6756756756756757,0.14534883720930233,0.23923444976076555
A,standard,tfidf_lr,,validation,fixed,ok,,D:\DoAn\Đồ án NLP\goemotions-multilabel-classification\data\processed\baseline\full\analysis_validation.json,False,18,love,2086,252.0,169.0,128.0,41.0,124.0,5133.0,0.757396449704142,0.5079365079365079,0.6080760095011877
A,standard,tfidf_lr,,validation,fixed,ok,,D:\DoAn\Đồ án NLP\goemotions-multilabel-classification\data\processed\baseline\full\analysis_validation.json,False,19,nervousness,164,21.0,0.0,0.0,0.0,21.0,5405.0,0.0,0.0,0.0
A,standard,tfidf_lr,,validation,fixed,ok,,D:\DoAn\Đồ án NLP\goemotions-multilabel-classification\data\processed\baseline\full\analysis_validation.json,False,20,optimism,1581,209.0,58.0,45.0,13.0,164.0,5204.0,0.7758620689655172,0.215311004784689,0.33707865168539325
A,standard,tfidf_lr,,validation,fixed,ok,,D:\DoAn\Đồ án NLP\goemotions-multilabel-classification\data\processed\baseline\full\analysis_validation.json,False,21,pride,111,15.0,0.0,0.0,0.0,15.0,5411.0,0.0,0.0,0.0
A,standard,tfidf_lr,,validation,fixed,ok,,D:\DoAn\Đồ án NLP\goemotions-multilabel-classification\data\processed\baseline\full\analysis_validation.json,False,22,realization,1110,127.0,2.0,1.0,1.0,126.0,5298.0,0.5,0.007874015748031496,0.015503875968992248
A,standard,tfidf_lr,,validation,fixed,ok,,D:\DoAn\Đồ án NLP\goemotions-multilabel-classification\data\processed\baseline\full\analysis_validation.json,False,23,relief,153,18.0,0.0,0.0,0.0,18.0,5408.0,0.0,0.0,0.0
A,standard,tfidf_lr,,validation,fixed,ok,,D:\DoAn\Đồ án NLP\goemotions-multilabel-classification\data\processed\baseline\full\analysis_validation.json,False,24,remorse,545,68.0,21.0,16.0,5.0,52.0,5353.0,0.7619047619047619,0.23529411764705882,0.3595505617977528
A,standard,tfidf_lr,,validation,fixed,ok,,D:\DoAn\Đồ án NLP\goemotions-multilabel-classification\data\processed\baseline\full\analysis_validation.json,False,25,sadness,1326,143.0,25.0,20.0,5.0,123.0,5278.0,0.8,0.13986013986013987,0.23809523809523808
A,standard,tfidf_lr,,validation,fixed,ok,,D:\DoAn\Đồ án NLP\goemotions-multilabel-classification\data\processed\baseline\full\analysis_validation.json,False,26,surprise,1060,129.0,20.0,8.0,12.0,121.0,5285.0,0.4,0.06201550387596899,0.10738255033557047
A,standard,tfidf_lr,,validation,fixed,ok,,D:\DoAn\Đồ án NLP\goemotions-multilabel-classification\data\processed\baseline\full\analysis_validation.json,False,27,neutral,14219,1766.0,1060.0,683.0,377.0,1083.0,3283.0,0.6443396226415095,0.38674971687429216,0.48336871903750883
A,standard,tfidf_lr,,validation,global,ok,,D:\DoAn\Đồ án NLP\goemotions-multilabel-classification\data\processed\baseline\full\analysis_validation.json,True,0,admiration,4130,488.0,951.0,410.0,541.0,78.0,4397.0,0.43112513144058884,0.8401639344262295,0.5698401667824878
A,standard,tfidf_lr,,validation,global,ok,,D:\DoAn\Đồ án NLP\goemotions-multilabel-classification\data\processed\baseline\full\analysis_validation.json,True,1,amusement,2328,303.0,365.0,251.0,114.0,52.0,5009.0,0.6876712328767123,0.8283828382838284,0.7514970059880239
A,standard,tfidf_lr,,validation,global,ok,,D:\DoAn\Đồ án NLP\goemotions-multilabel-classification\data\processed\baseline\full\analysis_validation.json,True,2,anger,1567,195.0,192.0,85.0,107.0,110.0,5124.0,0.4427083333333333,0.4358974358974359,0.4392764857881137
A,standard,tfidf_lr,,validation,global,ok,,D:\DoAn\Đồ án NLP\goemotions-multilabel-classification\data\processed\baseline\full\analysis_validation.json,True,3,annoyance,2470,303.0,526.0,119.0,407.0,184.0,4716.0,0.2262357414448669,0.3927392739273927,0.2870928829915561
A,standard,tfidf_lr,,validation,global,ok,,D:\DoAn\Đồ án NLP\goemotions-multilabel-classification\data\processed\baseline\full\analysis_validation.json,True,4,approval,2939,397.0,761.0,177.0,584.0,220.0,4445.0,0.2325886990801577,0.44584382871536526,0.30569948186528495
A,standard,tfidf_lr,,validation,global,ok,,D:\DoAn\Đồ án NLP\goemotions-multilabel-classification\data\processed\baseline\full\analysis_validation.json,True,5,caring,1087,153.0,168.0,55.0,113.0,98.0,5160.0,0.3273809523809524,0.35947712418300654,0.3426791277258567
A,standard,tfidf_lr,,validation,global,ok,,D:\DoAn\Đồ án NLP\goemotions-multilabel-classification\data\processed\baseline\full\analysis_validation.json,True,6,confusion,1368,152.0,216.0,67.0,149.0,85.0,5125.0,0.3101851851851852,0.4407894736842105,0.3641304347826087
A,standard,tfidf_lr,,validation,global,ok,,D:\DoAn\Đồ án NLP\goemotions-multilabel-classification\data\processed\baseline\full\analysis_validation.json,True,7,curiosity,2191,248.0,422.0,138.0,284.0,110.0,4894.0,0.32701421800947866,0.5564516129032258,0.41194029850746267
A,standard,tfidf_lr,,validation,global,ok,,D:\DoAn\Đồ án NLP\goemotions-multilabel-classification\data\processed\baseline\full\analysis_validation.json,True,8,desire,641,77.0,65.0,36.0,29.0,41.0,5320.0,0.5538461538461539,0.4675324675324675,0.5070422535211268
A,standard,tfidf_lr,,validation,global,ok,,D:\DoAn\Đồ án NLP\goemotions-multilabel-classification\data\processed\baseline\full\analysis_validation.json,True,9,disappointment,1269,163.0,71.0,22.0,49.0,141.0,5214.0,0.30985915492957744,0.13496932515337423,0.18803418803418803
A,standard,tfidf_lr,,validation,global,ok,,D:\DoAn\Đồ án NLP\goemotions-multilabel-classification\data\processed\baseline\full\analysis_validation.json,True,10,disapproval,2022,292.0,478.0,129.0,349.0,163.0,4785.0,0.2698744769874477,0.4417808219178082,0.33506493506493507
A,standard,tfidf_lr,,validation,global,ok,,D:\DoAn\Đồ án NLP\goemotions-multilabel-classification\data\processed\baseline\full\analysis_validation.json,True,11,disgust,793,97.0,74.0,35.0,39.0,62.0,5290.0,0.47297297297297297,0.36082474226804123,0.4093567251461988
A,standard,tfidf_lr,,validation,global,ok,,D:\DoAn\Đồ án NLP\goemotions-multilabel-classification\data\processed\baseline\full\analysis_validation.json,True,12,embarrassment,303,35.0,3.0,2.0,1.0,33.0,5390.0,0.6666666666666666,0.05714285714285714,0.10526315789473684
A,standard,tfidf_lr,,validation,global,ok,,D:\DoAn\Đồ án NLP\goemotions-multilabel-classification\data\processed\baseline\full\analysis_validation.json,True,13,excitement,853,96.0,60.0,24.0,36.0,72.0,5294.0,0.4,0.25,0.3076923076923077
A,standard,tfidf_lr,,validation,global,ok,,D:\DoAn\Đồ án NLP\goemotions-multilabel-classification\data\processed\baseline\full\analysis_validation.json,True,14,fear,596,90.0,50.0,35.0,15.0,55.0,5321.0,0.7,0.3888888888888889,0.5
A,standard,tfidf_lr,,validation,global,ok,,D:\DoAn\Đồ án NLP\goemotions-multilabel-classification\data\processed\baseline\full\analysis_validation.json,True,15,gratitude,2662,358.0,359.0,321.0,38.0,37.0,5030.0,0.8941504178272981,0.8966480446927374,0.895397489539749
A,standard,tfidf_lr,,validation,global,ok,,D:\DoAn\Đồ án NLP\goemotions-multilabel-classification\data\processed\baseline\full\analysis_validation.json,True,16,grief,77,13.0,2.0,0.0,2.0,13.0,5411.0,0.0,0.0,0.0
A,standard,tfidf_lr,,validation,global,ok,,D:\DoAn\Đồ án NLP\goemotions-multilabel-classification\data\processed\baseline\full\analysis_validation.json,True,17,joy,1452,172.0,177.0,102.0,75.0,70.0,5179.0,0.576271186440678,0.5930232558139535,0.5845272206303725
A,standard,tfidf_lr,,validation,global,ok,,D:\DoAn\Đồ án NLP\goemotions-multilabel-classification\data\processed\baseline\full\analysis_validation.json,True,18,love,2086,252.0,336.0,222.0,114.0,30.0,5060.0,0.6607142857142857,0.8809523809523809,0.7551020408163265
A,standard,tfidf_lr,,validation,global,ok,,D:\DoAn\Đồ án NLP\goemotions-multilabel-classification\data\processed\baseline\full\analysis_validation.json,True,19,nervousness,164,21.0,2.0,1.0,1.0,20.0,5404.0,0.5,0.047619047619047616,0.08695652173913043
A,standard,tfidf_lr,,validation,global,ok,,D:\DoAn\Đồ án NLP\goemotions-multilabel-classification\data\processed\baseline\full\analysis_validation.json,True,20,optimism,1581,209.0,226.0,125.0,101.0,84.0,5116.0,0.5530973451327433,0.5980861244019139,0.5747126436781609
A,standard,tfidf_lr,,validation,global,ok,,D:\DoAn\Đồ án NLP\goemotions-multilabel-classification\data\processed\baseline\full\analysis_validation.json,True,21,pride,111,15.0,3.0,3.0,0.0,12.0,5411.0,1.0,0.2,0.3333333333333333
A,standard,tfidf_lr,,validation,global,ok,,D:\DoAn\Đồ án NLP\goemotions-multilabel-classification\data\processed\baseline\full\analysis_validation.json,True,22,realization,1110,127.0,67.0,21.0,46.0,106.0,5253.0,0.31343283582089554,0.16535433070866143,0.21649484536082475
A,standard,tfidf_lr,,validation,global,ok,,D:\DoAn\Đồ án NLP\goemotions-multilabel-classification\data\processed\baseline\full\analysis_validation.json,True,23,relief,153,18.0,0.0,0.0,0.0,18.0,5408.0,0.0,0.0,0.0
A,standard,tfidf_lr,,validation,global,ok,,D:\DoAn\Đồ án NLP\goemotions-multilabel-classification\data\processed\baseline\full\analysis_validation.json,True,24,remorse,545,68.0,74.0,50.0,24.0,18.0,5334.0,0.6756756756756757,0.7352941176470589,0.704225352112676
A,standard,tfidf_lr,,validation,global,ok,,D:\DoAn\Đồ án NLP\goemotions-multilabel-classification\data\processed\baseline\full\analysis_validation.json,True,25,sadness,1326,143.0,151.0,70.0,81.0,73.0,5202.0,0.46357615894039733,0.48951048951048953,0.47619047619047616
A,standard,tfidf_lr,,validation,global,ok,,D:\DoAn\Đồ án NLP\goemotions-multilabel-classification\data\processed\baseline\full\analysis_validation.json,True,26,surprise,1060,129.0,141.0,62.0,79.0,67.0,5218.0,0.4397163120567376,0.4806201550387597,0.45925925925925926
A,standard,tfidf_lr,,validation,global,ok,,D:\DoAn\Đồ án NLP\goemotions-multilabel-classification\data\processed\baseline\full\analysis_validation.json,True,27,neutral,14219,1766.0,4546.0,1739.0,2807.0,27.0,853.0,0.38253409590849097,0.9847112117780294,0.5510139416983524
A,standard,tfidf_lr,,validation,tuned,ok,,D:\DoAn\Đồ án NLP\goemotions-multilabel-classification\data\processed\baseline\full\analysis_validation.json,True,0,admiration,4130,488.0,528.0,346.0,182.0,142.0,4756.0,0.6553030303030303,0.7090163934426229,0.6811023622047244
A,standard,tfidf_lr,,validation,tuned,ok,,D:\DoAn\Đồ án NLP\goemotions-multilabel-classification\data\processed\baseline\full\analysis_validation.json,True,1,amusement,2328,303.0,365.0,251.0,114.0,52.0,5009.0,0.6876712328767123,0.8283828382838284,0.7514970059880239
A,standard,tfidf_lr,,validation,tuned,ok,,D:\DoAn\Đồ án NLP\goemotions-multilabel-classification\data\processed\baseline\full\analysis_validation.json,True,2,anger,1567,195.0,192.0,85.0,107.0,110.0,5124.0,0.4427083333333333,0.4358974358974359,0.4392764857881137
A,standard,tfidf_lr,,validation,tuned,ok,,D:\DoAn\Đồ án NLP\goemotions-multilabel-classification\data\processed\baseline\full\analysis_validation.json,True,3,annoyance,2470,303.0,526.0,119.0,407.0,184.0,4716.0,0.2262357414448669,0.3927392739273927,0.2870928829915561
A,standard,tfidf_lr,,validation,tuned,ok,,D:\DoAn\Đồ án NLP\goemotions-multilabel-classification\data\processed\baseline\full\analysis_validation.json,True,4,approval,2939,397.0,292.0,107.0,185.0,290.0,4844.0,0.3664383561643836,0.2695214105793451,0.31059506531204645
A,standard,tfidf_lr,,validation,tuned,ok,,D:\DoAn\Đồ án NLP\goemotions-multilabel-classification\data\processed\baseline\full\analysis_validation.json,True,5,caring,1087,153.0,168.0,55.0,113.0,98.0,5160.0,0.3273809523809524,0.35947712418300654,0.3426791277258567
A,standard,tfidf_lr,,validation,tuned,ok,,D:\DoAn\Đồ án NLP\goemotions-multilabel-classification\data\processed\baseline\full\analysis_validation.json,True,6,confusion,1368,152.0,216.0,67.0,149.0,85.0,5125.0,0.3101851851851852,0.4407894736842105,0.3641304347826087
A,standard,tfidf_lr,,validation,tuned,ok,,D:\DoAn\Đồ án NLP\goemotions-multilabel-classification\data\processed\baseline\full\analysis_validation.json,True,7,curiosity,2191,248.0,178.0,92.0,86.0,156.0,5092.0,0.5168539325842697,0.3709677419354839,0.431924882629108
A,standard,tfidf_lr,,validation,tuned,ok,,D:\DoAn\Đồ án NLP\goemotions-multilabel-classification\data\processed\baseline\full\analysis_validation.json,True,8,desire,641,77.0,65.0,36.0,29.0,41.0,5320.0,0.5538461538461539,0.4675324675324675,0.5070422535211268
A,standard,tfidf_lr,,validation,tuned,ok,,D:\DoAn\Đồ án NLP\goemotions-multilabel-classification\data\processed\baseline\full\analysis_validation.json,True,9,disappointment,1269,163.0,480.0,74.0,406.0,89.0,4857.0,0.15416666666666667,0.4539877300613497,0.2301710730948678
A,standard,tfidf_lr,,validation,tuned,ok,,D:\DoAn\Đồ án NLP\goemotions-multilabel-classification\data\processed\baseline\full\analysis_validation.json,True,10,disapproval,2022,292.0,478.0,129.0,349.0,163.0,4785.0,0.2698744769874477,0.4417808219178082,0.33506493506493507
A,standard,tfidf_lr,,validation,tuned,ok,,D:\DoAn\Đồ án NLP\goemotions-multilabel-classification\data\processed\baseline\full\analysis_validation.json,True,11,disgust,793,97.0,130.0,48.0,82.0,49.0,5247.0,0.36923076923076925,0.4948453608247423,0.42290748898678415
A,standard,tfidf_lr,,validation,tuned,ok,,D:\DoAn\Đồ án NLP\goemotions-multilabel-classification\data\processed\baseline\full\analysis_validation.json,True,12,embarrassment,303,35.0,9.0,8.0,1.0,27.0,5390.0,0.8888888888888888,0.22857142857142856,0.36363636363636365
A,standard,tfidf_lr,,validation,tuned,ok,,D:\DoAn\Đồ án NLP\goemotions-multilabel-classification\data\processed\baseline\full\analysis_validation.json,True,13,excitement,853,96.0,60.0,24.0,36.0,72.0,5294.0,0.4,0.25,0.3076923076923077
A,standard,tfidf_lr,,validation,tuned,ok,,D:\DoAn\Đồ án NLP\goemotions-multilabel-classification\data\processed\baseline\full\analysis_validation.json,True,14,fear,596,90.0,77.0,49.0,28.0,41.0,5308.0,0.6363636363636364,0.5444444444444444,0.5868263473053892
A,standard,tfidf_lr,,validation,tuned,ok,,D:\DoAn\Đồ án NLP\goemotions-multilabel-classification\data\processed\baseline\full\analysis_validation.json,True,15,gratitude,2662,358.0,324.0,311.0,13.0,47.0,5055.0,0.9598765432098766,0.8687150837988827,0.9120234604105572
A,standard,tfidf_lr,,validation,tuned,ok,,D:\DoAn\Đồ án NLP\goemotions-multilabel-classification\data\processed\baseline\full\analysis_validation.json,True,16,grief,77,13.0,0.0,0.0,0.0,13.0,5413.0,0.0,0.0,0.0
A,standard,tfidf_lr,,validation,tuned,ok,,D:\DoAn\Đồ án NLP\goemotions-multilabel-classification\data\processed\baseline\full\analysis_validation.json,True,17,joy,1452,172.0,177.0,102.0,75.0,70.0,5179.0,0.576271186440678,0.5930232558139535,0.5845272206303725
A,standard,tfidf_lr,,validation,tuned,ok,,D:\DoAn\Đồ án NLP\goemotions-multilabel-classification\data\processed\baseline\full\analysis_validation.json,True,18,love,2086,252.0,296.0,213.0,83.0,39.0,5091.0,0.7195945945945946,0.8452380952380952,0.7773722627737226
A,standard,tfidf_lr,,validation,tuned,ok,,D:\DoAn\Đồ án NLP\goemotions-multilabel-classification\data\processed\baseline\full\analysis_validation.json,True,19,nervousness,164,21.0,1.0,1.0,0.0,20.0,5405.0,1.0,0.047619047619047616,0.09090909090909091
A,standard,tfidf_lr,,validation,tuned,ok,,D:\DoAn\Đồ án NLP\goemotions-multilabel-classification\data\processed\baseline\full\analysis_validation.json,True,20,optimism,1581,209.0,162.0,109.0,53.0,100.0,5164.0,0.6728395061728395,0.5215311004784688,0.5876010781671159
A,standard,tfidf_lr,,validation,tuned,ok,,D:\DoAn\Đồ án NLP\goemotions-multilabel-classification\data\processed\baseline\full\analysis_validation.json,True,21,pride,111,15.0,3.0,3.0,0.0,12.0,5411.0,1.0,0.2,0.3333333333333333
A,standard,tfidf_lr,,validation,tuned,ok,,D:\DoAn\Đồ án NLP\goemotions-multilabel-classification\data\processed\baseline\full\analysis_validation.json,True,22,realization,1110,127.0,67.0,21.0,46.0,106.0,5253.0,0.31343283582089554,0.16535433070866143,0.21649484536082475
A,standard,tfidf_lr,,validation,tuned,ok,,D:\DoAn\Đồ án NLP\goemotions-multilabel-classification\data\processed\baseline\full\analysis_validation.json,True,23,relief,153,18.0,1.0,1.0,0.0,17.0,5408.0,1.0,0.05555555555555555,0.10526315789473684
A,standard,tfidf_lr,,validation,tuned,ok,,D:\DoAn\Đồ án NLP\goemotions-multilabel-classification\data\processed\baseline\full\analysis_validation.json,True,24,remorse,545,68.0,86.0,58.0,28.0,10.0,5330.0,0.6744186046511628,0.8529411764705882,0.7532467532467533
A,standard,tfidf_lr,,validation,tuned,ok,,D:\DoAn\Đồ án NLP\goemotions-multilabel-classification\data\processed\baseline\full\analysis_validation.json,True,25,sadness,1326,143.0,151.0,70.0,81.0,73.0,5202.0,0.46357615894039733,0.48951048951048953,0.47619047619047616
A,standard,tfidf_lr,,validation,tuned,ok,,D:\DoAn\Đồ án NLP\goemotions-multilabel-classification\data\processed\baseline\full\analysis_validation.json,True,26,surprise,1060,129.0,141.0,62.0,79.0,67.0,5218.0,0.4397163120567376,0.4806201550387597,0.45925925925925926
A,standard,tfidf_lr,,validation,tuned,ok,,D:\DoAn\Đồ án NLP\goemotions-multilabel-classification\data\processed\baseline\full\analysis_validation.json,True,27,neutral,14219,1766.0,2833.0,1463.0,1370.0,303.0,2290.0,0.5164136957289093,0.8284258210645526,0.6362252663622526
A,standard,tfidf_lr,,test,fixed,missing,Chưa có kết quả A hợp lệ cho cấu hình này,D:\DoAn\Đồ án NLP\goemotions-multilabel-classification\data\processed\baseline\final\final_results.json,False,0,admiration,4130,,,,,,,,,
A,standard,tfidf_lr,,test,fixed,missing,Chưa có kết quả A hợp lệ cho cấu hình này,D:\DoAn\Đồ án NLP\goemotions-multilabel-classification\data\processed\baseline\final\final_results.json,False,1,amusement,2328,,,,,,,,,
A,standard,tfidf_lr,,test,fixed,missing,Chưa có kết quả A hợp lệ cho cấu hình này,D:\DoAn\Đồ án NLP\goemotions-multilabel-classification\data\processed\baseline\final\final_results.json,False,2,anger,1567,,,,,,,,,
A,standard,tfidf_lr,,test,fixed,missing,Chưa có kết quả A hợp lệ cho cấu hình này,D:\DoAn\Đồ án NLP\goemotions-multilabel-classification\data\processed\baseline\final\final_results.json,False,3,annoyance,2470,,,,,,,,,
A,standard,tfidf_lr,,test,fixed,missing,Chưa có kết quả A hợp lệ cho cấu hình này,D:\DoAn\Đồ án NLP\goemotions-multilabel-classification\data\processed\baseline\final\final_results.json,False,4,approval,2939,,,,,,,,,
A,standard,tfidf_lr,,test,fixed,missing,Chưa có kết quả A hợp lệ cho cấu hình này,D:\DoAn\Đồ án NLP\goemotions-multilabel-classification\data\processed\baseline\final\final_results.json,False,5,caring,1087,,,,,,,,,
A,standard,tfidf_lr,,test,fixed,missing,Chưa có kết quả A hợp lệ cho cấu hình này,D:\DoAn\Đồ án NLP\goemotions-multilabel-classification\data\processed\baseline\final\final_results.json,False,6,confusion,1368,,,,,,,,,
A,standard,tfidf_lr,,test,fixed,missing,Chưa có kết quả A hợp lệ cho cấu hình này,D:\DoAn\Đồ án NLP\goemotions-multilabel-classification\data\processed\baseline\final\final_results.json,False,7,curiosity,2191,,,,,,,,,
A,standard,tfidf_lr,,test,fixed,missing,Chưa có kết quả A hợp lệ cho cấu hình này,D:\DoAn\Đồ án NLP\goemotions-multilabel-classification\data\processed\baseline\final\final_results.json,False,8,desire,641,,,,,,,,,
A,standard,tfidf_lr,,test,fixed,missing,Chưa có kết quả A hợp lệ cho cấu hình này,D:\DoAn\Đồ án NLP\goemotions-multilabel-classification\data\processed\baseline\final\final_results.json,False,9,disappointment,1269,,,,,,,,,
A,standard,tfidf_lr,,test,fixed,missing,Chưa có kết quả A hợp lệ cho cấu hình này,D:\DoAn\Đồ án NLP\goemotions-multilabel-classification\data\processed\baseline\final\final_results.json,False,10,disapproval,2022,,,,,,,,,
A,standard,tfidf_lr,,test,fixed,missing,Chưa có kết quả A hợp lệ cho cấu hình này,D:\DoAn\Đồ án NLP\goemotions-multilabel-classification\data\processed\baseline\final\final_results.json,False,11,disgust,793,,,,,,,,,
A,standard,tfidf_lr,,test,fixed,missing,Chưa có kết quả A hợp lệ cho cấu hình này,D:\DoAn\Đồ án NLP\goemotions-multilabel-classification\data\processed\baseline\final\final_results.json,False,12,embarrassment,303,,,,,,,,,
A,standard,tfidf_lr,,test,fixed,missing,Chưa có kết quả A hợp lệ cho cấu hình này,D:\DoAn\Đồ án NLP\goemotions-multilabel-classification\data\processed\baseline\final\final_results.json,False,13,excitement,853,,,,,,,,,
A,standard,tfidf_lr,,test,fixed,missing,Chưa có kết quả A hợp lệ cho cấu hình này,D:\DoAn\Đồ án NLP\goemotions-multilabel-classification\data\processed\baseline\final\final_results.json,False,14,fear,596,,,,,,,,,
A,standard,tfidf_lr,,test,fixed,missing,Chưa có kết quả A hợp lệ cho cấu hình này,D:\DoAn\Đồ án NLP\goemotions-multilabel-classification\data\processed\baseline\final\final_results.json,False,15,gratitude,2662,,,,,,,,,
A,standard,tfidf_lr,,test,fixed,missing,Chưa có kết quả A hợp lệ cho cấu hình này,D:\DoAn\Đồ án NLP\goemotions-multilabel-classification\data\processed\baseline\final\final_results.json,False,16,grief,77,,,,,,,,,
A,standard,tfidf_lr,,test,fixed,missing,Chưa có kết quả A hợp lệ cho cấu hình này,D:\DoAn\Đồ án NLP\goemotions-multilabel-classification\data\processed\baseline\final\final_results.json,False,17,joy,1452,,,,,,,,,
A,standard,tfidf_lr,,test,fixed,missing,Chưa có kết quả A hợp lệ cho cấu hình này,D:\DoAn\Đồ án NLP\goemotions-multilabel-classification\data\processed\baseline\final\final_results.json,False,18,love,2086,,,,,,,,,
A,standard,tfidf_lr,,test,fixed,missing,Chưa có kết quả A hợp lệ cho cấu hình này,D:\DoAn\Đồ án NLP\goemotions-multilabel-classification\data\processed\baseline\final\final_results.json,False,19,nervousness,164,,,,,,,,,
A,standard,tfidf_lr,,test,fixed,missing,Chưa có kết quả A hợp lệ cho cấu hình này,D:\DoAn\Đồ án NLP\goemotions-multilabel-classification\data\processed\baseline\final\final_results.json,False,20,optimism,1581,,,,,,,,,
A,standard,tfidf_lr,,test,fixed,missing,Chưa có kết quả A hợp lệ cho cấu hình này,D:\DoAn\Đồ án NLP\goemotions-multilabel-classification\data\processed\baseline\final\final_results.json,False,21,pride,111,,,,,,,,,
A,standard,tfidf_lr,,test,fixed,missing,Chưa có kết quả A hợp lệ cho cấu hình này,D:\DoAn\Đồ án NLP\goemotions-multilabel-classification\data\processed\baseline\final\final_results.json,False,22,realization,1110,,,,,,,,,
A,standard,tfidf_lr,,test,fixed,missing,Chưa có kết quả A hợp lệ cho cấu hình này,D:\DoAn\Đồ án NLP\goemotions-multilabel-classification\data\processed\baseline\final\final_results.json,False,23,relief,153,,,,,,,,,
A,standard,tfidf_lr,,test,fixed,missing,Chưa có kết quả A hợp lệ cho cấu hình này,D:\DoAn\Đồ án NLP\goemotions-multilabel-classification\data\processed\baseline\final\final_results.json,False,24,remorse,545,,,,,,,,,
A,standard,tfidf_lr,,test,fixed,missing,Chưa có kết quả A hợp lệ cho cấu hình này,D:\DoAn\Đồ án NLP\goemotions-multilabel-classification\data\processed\baseline\final\final_results.json,False,25,sadness,1326,,,,,,,,,
A,standard,tfidf_lr,,test,fixed,missing,Chưa có kết quả A hợp lệ cho cấu hình này,D:\DoAn\Đồ án NLP\goemotions-multilabel-classification\data\processed\baseline\final\final_results.json,False,26,surprise,1060,,,,,,,,,
A,standard,tfidf_lr,,test,fixed,missing,Chưa có kết quả A hợp lệ cho cấu hình này,D:\DoAn\Đồ án NLP\goemotions-multilabel-classification\data\processed\baseline\final\final_results.json,False,27,neutral,14219,,,,,,,,,
A,standard,tfidf_lr,,test,global,missing,Chưa có kết quả A hợp lệ cho cấu hình này,D:\DoAn\Đồ án NLP\goemotions-multilabel-classification\data\processed\baseline\final\final_results.json,False,0,admiration,4130,,,,,,,,,
A,standard,tfidf_lr,,test,global,missing,Chưa có kết quả A hợp lệ cho cấu hình này,D:\DoAn\Đồ án NLP\goemotions-multilabel-classification\data\processed\baseline\final\final_results.json,False,1,amusement,2328,,,,,,,,,
A,standard,tfidf_lr,,test,global,missing,Chưa có kết quả A hợp lệ cho cấu hình này,D:\DoAn\Đồ án NLP\goemotions-multilabel-classification\data\processed\baseline\final\final_results.json,False,2,anger,1567,,,,,,,,,
A,standard,tfidf_lr,,test,global,missing,Chưa có kết quả A hợp lệ cho cấu hình này,D:\DoAn\Đồ án NLP\goemotions-multilabel-classification\data\processed\baseline\final\final_results.json,False,3,annoyance,2470,,,,,,,,,
A,standard,tfidf_lr,,test,global,missing,Chưa có kết quả A hợp lệ cho cấu hình này,D:\DoAn\Đồ án NLP\goemotions-multilabel-classification\data\processed\baseline\final\final_results.json,False,4,approval,2939,,,,,,,,,
A,standard,tfidf_lr,,test,global,missing,Chưa có kết quả A hợp lệ cho cấu hình này,D:\DoAn\Đồ án NLP\goemotions-multilabel-classification\data\processed\baseline\final\final_results.json,False,5,caring,1087,,,,,,,,,
A,standard,tfidf_lr,,test,global,missing,Chưa có kết quả A hợp lệ cho cấu hình này,D:\DoAn\Đồ án NLP\goemotions-multilabel-classification\data\processed\baseline\final\final_results.json,False,6,confusion,1368,,,,,,,,,
A,standard,tfidf_lr,,test,global,missing,Chưa có kết quả A hợp lệ cho cấu hình này,D:\DoAn\Đồ án NLP\goemotions-multilabel-classification\data\processed\baseline\final\final_results.json,False,7,curiosity,2191,,,,,,,,,
A,standard,tfidf_lr,,test,global,missing,Chưa có kết quả A hợp lệ cho cấu hình này,D:\DoAn\Đồ án NLP\goemotions-multilabel-classification\data\processed\baseline\final\final_results.json,False,8,desire,641,,,,,,,,,
A,standard,tfidf_lr,,test,global,missing,Chưa có kết quả A hợp lệ cho cấu hình này,D:\DoAn\Đồ án NLP\goemotions-multilabel-classification\data\processed\baseline\final\final_results.json,False,9,disappointment,1269,,,,,,,,,
A,standard,tfidf_lr,,test,global,missing,Chưa có kết quả A hợp lệ cho cấu hình này,D:\DoAn\Đồ án NLP\goemotions-multilabel-classification\data\processed\baseline\final\final_results.json,False,10,disapproval,2022,,,,,,,,,
A,standard,tfidf_lr,,test,global,missing,Chưa có kết quả A hợp lệ cho cấu hình này,D:\DoAn\Đồ án NLP\goemotions-multilabel-classification\data\processed\baseline\final\final_results.json,False,11,disgust,793,,,,,,,,,
A,standard,tfidf_lr,,test,global,missing,Chưa có kết quả A hợp lệ cho cấu hình này,D:\DoAn\Đồ án NLP\goemotions-multilabel-classification\data\processed\baseline\final\final_results.json,False,12,embarrassment,303,,,,,,,,,
A,standard,tfidf_lr,,test,global,missing,Chưa có kết quả A hợp lệ cho cấu hình này,D:\DoAn\Đồ án NLP\goemotions-multilabel-classification\data\processed\baseline\final\final_results.json,False,13,excitement,853,,,,,,,,,
A,standard,tfidf_lr,,test,global,missing,Chưa có kết quả A hợp lệ cho cấu hình này,D:\DoAn\Đồ án NLP\goemotions-multilabel-classification\data\processed\baseline\final\final_results.json,False,14,fear,596,,,,,,,,,
A,standard,tfidf_lr,,test,global,missing,Chưa có kết quả A hợp lệ cho cấu hình này,D:\DoAn\Đồ án NLP\goemotions-multilabel-classification\data\processed\baseline\final\final_results.json,False,15,gratitude,2662,,,,,,,,,
A,standard,tfidf_lr,,test,global,missing,Chưa có kết quả A hợp lệ cho cấu hình này,D:\DoAn\Đồ án NLP\goemotions-multilabel-classification\data\processed\baseline\final\final_results.json,False,16,grief,77,,,,,,,,,
A,standard,tfidf_lr,,test,global,missing,Chưa có kết quả A hợp lệ cho cấu hình này,D:\DoAn\Đồ án NLP\goemotions-multilabel-classification\data\processed\baseline\final\final_results.json,False,17,joy,1452,,,,,,,,,
A,standard,tfidf_lr,,test,global,missing,Chưa có kết quả A hợp lệ cho cấu hình này,D:\DoAn\Đồ án NLP\goemotions-multilabel-classification\data\processed\baseline\final\final_results.json,False,18,love,2086,,,,,,,,,
A,standard,tfidf_lr,,test,global,missing,Chưa có kết quả A hợp lệ cho cấu hình này,D:\DoAn\Đồ án NLP\goemotions-multilabel-classification\data\processed\baseline\final\final_results.json,False,19,nervousness,164,,,,,,,,,
A,standard,tfidf_lr,,test,global,missing,Chưa có kết quả A hợp lệ cho cấu hình này,D:\DoAn\Đồ án NLP\goemotions-multilabel-classification\data\processed\baseline\final\final_results.json,False,20,optimism,1581,,,,,,,,,
A,standard,tfidf_lr,,test,global,missing,Chưa có kết quả A hợp lệ cho cấu hình này,D:\DoAn\Đồ án NLP\goemotions-multilabel-classification\data\processed\baseline\final\final_results.json,False,21,pride,111,,,,,,,,,
A,standard,tfidf_lr,,test,global,missing,Chưa có kết quả A hợp lệ cho cấu hình này,D:\DoAn\Đồ án NLP\goemotions-multilabel-classification\data\processed\baseline\final\final_results.json,False,22,realization,1110,,,,,,,,,
A,standard,tfidf_lr,,test,global,missing,Chưa có kết quả A hợp lệ cho cấu hình này,D:\DoAn\Đồ án NLP\goemotions-multilabel-classification\data\processed\baseline\final\final_results.json,False,23,relief,153,,,,,,,,,
A,standard,tfidf_lr,,test,global,missing,Chưa có kết quả A hợp lệ cho cấu hình này,D:\DoAn\Đồ án NLP\goemotions-multilabel-classification\data\processed\baseline\final\final_results.json,False,24,remorse,545,,,,,,,,,
A,standard,tfidf_lr,,test,global,missing,Chưa có kết quả A hợp lệ cho cấu hình này,D:\DoAn\Đồ án NLP\goemotions-multilabel-classification\data\processed\baseline\final\final_results.json,False,25,sadness,1326,,,,,,,,,
A,standard,tfidf_lr,,test,global,missing,Chưa có kết quả A hợp lệ cho cấu hình này,D:\DoAn\Đồ án NLP\goemotions-multilabel-classification\data\processed\baseline\final\final_results.json,False,26,surprise,1060,,,,,,,,,
A,standard,tfidf_lr,,test,global,missing,Chưa có kết quả A hợp lệ cho cấu hình này,D:\DoAn\Đồ án NLP\goemotions-multilabel-classification\data\processed\baseline\final\final_results.json,False,27,neutral,14219,,,,,,,,,
A,standard,tfidf_lr,,test,tuned,missing,Chưa có kết quả A hợp lệ cho cấu hình này,D:\DoAn\Đồ án NLP\goemotions-multilabel-classification\data\processed\baseline\final\final_results.json,False,0,admiration,4130,,,,,,,,,
A,standard,tfidf_lr,,test,tuned,missing,Chưa có kết quả A hợp lệ cho cấu hình này,D:\DoAn\Đồ án NLP\goemotions-multilabel-classification\data\processed\baseline\final\final_results.json,False,1,amusement,2328,,,,,,,,,
A,standard,tfidf_lr,,test,tuned,missing,Chưa có kết quả A hợp lệ cho cấu hình này,D:\DoAn\Đồ án NLP\goemotions-multilabel-classification\data\processed\baseline\final\final_results.json,False,2,anger,1567,,,,,,,,,
A,standard,tfidf_lr,,test,tuned,missing,Chưa có kết quả A hợp lệ cho cấu hình này,D:\DoAn\Đồ án NLP\goemotions-multilabel-classification\data\processed\baseline\final\final_results.json,False,3,annoyance,2470,,,,,,,,,
A,standard,tfidf_lr,,test,tuned,missing,Chưa có kết quả A hợp lệ cho cấu hình này,D:\DoAn\Đồ án NLP\goemotions-multilabel-classification\data\processed\baseline\final\final_results.json,False,4,approval,2939,,,,,,,,,
A,standard,tfidf_lr,,test,tuned,missing,Chưa có kết quả A hợp lệ cho cấu hình này,D:\DoAn\Đồ án NLP\goemotions-multilabel-classification\data\processed\baseline\final\final_results.json,False,5,caring,1087,,,,,,,,,
A,standard,tfidf_lr,,test,tuned,missing,Chưa có kết quả A hợp lệ cho cấu hình này,D:\DoAn\Đồ án NLP\goemotions-multilabel-classification\data\processed\baseline\final\final_results.json,False,6,confusion,1368,,,,,,,,,
A,standard,tfidf_lr,,test,tuned,missing,Chưa có kết quả A hợp lệ cho cấu hình này,D:\DoAn\Đồ án NLP\goemotions-multilabel-classification\data\processed\baseline\final\final_results.json,False,7,curiosity,2191,,,,,,,,,
A,standard,tfidf_lr,,test,tuned,missing,Chưa có kết quả A hợp lệ cho cấu hình này,D:\DoAn\Đồ án NLP\goemotions-multilabel-classification\data\processed\baseline\final\final_results.json,False,8,desire,641,,,,,,,,,
A,standard,tfidf_lr,,test,tuned,missing,Chưa có kết quả A hợp lệ cho cấu hình này,D:\DoAn\Đồ án NLP\goemotions-multilabel-classification\data\processed\baseline\final\final_results.json,False,9,disappointment,1269,,,,,,,,,
A,standard,tfidf_lr,,test,tuned,missing,Chưa có kết quả A hợp lệ cho cấu hình này,D:\DoAn\Đồ án NLP\goemotions-multilabel-classification\data\processed\baseline\final\final_results.json,False,10,disapproval,2022,,,,,,,,,
A,standard,tfidf_lr,,test,tuned,missing,Chưa có kết quả A hợp lệ cho cấu hình này,D:\DoAn\Đồ án NLP\goemotions-multilabel-classification\data\processed\baseline\final\final_results.json,False,11,disgust,793,,,,,,,,,
A,standard,tfidf_lr,,test,tuned,missing,Chưa có kết quả A hợp lệ cho cấu hình này,D:\DoAn\Đồ án NLP\goemotions-multilabel-classification\data\processed\baseline\final\final_results.json,False,12,embarrassment,303,,,,,,,,,
A,standard,tfidf_lr,,test,tuned,missing,Chưa có kết quả A hợp lệ cho cấu hình này,D:\DoAn\Đồ án NLP\goemotions-multilabel-classification\data\processed\baseline\final\final_results.json,False,13,excitement,853,,,,,,,,,
A,standard,tfidf_lr,,test,tuned,missing,Chưa có kết quả A hợp lệ cho cấu hình này,D:\DoAn\Đồ án NLP\goemotions-multilabel-classification\data\processed\baseline\final\final_results.json,False,14,fear,596,,,,,,,,,
A,standard,tfidf_lr,,test,tuned,missing,Chưa có kết quả A hợp lệ cho cấu hình này,D:\DoAn\Đồ án NLP\goemotions-multilabel-classification\data\processed\baseline\final\final_results.json,False,15,gratitude,2662,,,,,,,,,
A,standard,tfidf_lr,,test,tuned,missing,Chưa có kết quả A hợp lệ cho cấu hình này,D:\DoAn\Đồ án NLP\goemotions-multilabel-classification\data\processed\baseline\final\final_results.json,False,16,grief,77,,,,,,,,,
A,standard,tfidf_lr,,test,tuned,missing,Chưa có kết quả A hợp lệ cho cấu hình này,D:\DoAn\Đồ án NLP\goemotions-multilabel-classification\data\processed\baseline\final\final_results.json,False,17,joy,1452,,,,,,,,,
A,standard,tfidf_lr,,test,tuned,missing,Chưa có kết quả A hợp lệ cho cấu hình này,D:\DoAn\Đồ án NLP\goemotions-multilabel-classification\data\processed\baseline\final\final_results.json,False,18,love,2086,,,,,,,,,
A,standard,tfidf_lr,,test,tuned,missing,Chưa có kết quả A hợp lệ cho cấu hình này,D:\DoAn\Đồ án NLP\goemotions-multilabel-classification\data\processed\baseline\final\final_results.json,False,19,nervousness,164,,,,,,,,,
A,standard,tfidf_lr,,test,tuned,missing,Chưa có kết quả A hợp lệ cho cấu hình này,D:\DoAn\Đồ án NLP\goemotions-multilabel-classification\data\processed\baseline\final\final_results.json,False,20,optimism,1581,,,,,,,,,
A,standard,tfidf_lr,,test,tuned,missing,Chưa có kết quả A hợp lệ cho cấu hình này,D:\DoAn\Đồ án NLP\goemotions-multilabel-classification\data\processed\baseline\final\final_results.json,False,21,pride,111,,,,,,,,,
A,standard,tfidf_lr,,test,tuned,missing,Chưa có kết quả A hợp lệ cho cấu hình này,D:\DoAn\Đồ án NLP\goemotions-multilabel-classification\data\processed\baseline\final\final_results.json,False,22,realization,1110,,,,,,,,,
A,standard,tfidf_lr,,test,tuned,missing,Chưa có kết quả A hợp lệ cho cấu hình này,D:\DoAn\Đồ án NLP\goemotions-multilabel-classification\data\processed\baseline\final\final_results.json,False,23,relief,153,,,,,,,,,
A,standard,tfidf_lr,,test,tuned,missing,Chưa có kết quả A hợp lệ cho cấu hình này,D:\DoAn\Đồ án NLP\goemotions-multilabel-classification\data\processed\baseline\final\final_results.json,False,24,remorse,545,,,,,,,,,
A,standard,tfidf_lr,,test,tuned,missing,Chưa có kết quả A hợp lệ cho cấu hình này,D:\DoAn\Đồ án NLP\goemotions-multilabel-classification\data\processed\baseline\final\final_results.json,False,25,sadness,1326,,,,,,,,,
A,standard,tfidf_lr,,test,tuned,missing,Chưa có kết quả A hợp lệ cho cấu hình này,D:\DoAn\Đồ án NLP\goemotions-multilabel-classification\data\processed\baseline\final\final_results.json,False,26,surprise,1060,,,,,,,,,
A,standard,tfidf_lr,,test,tuned,missing,Chưa có kết quả A hợp lệ cho cấu hình này,D:\DoAn\Đồ án NLP\goemotions-multilabel-classification\data\processed\baseline\final\final_results.json,False,27,neutral,14219,,,,,,,,,
A,balanced,tfidf_lr,,validation,fixed,ok,,D:\DoAn\Đồ án NLP\goemotions-multilabel-classification\data\processed\baseline\balanced\full\analysis_validation.json,False,0,admiration,4130,488.0,675.0,389.0,286.0,99.0,4652.0,0.5762962962962963,0.7971311475409836,0.6689595872742906
A,balanced,tfidf_lr,,validation,fixed,ok,,D:\DoAn\Đồ án NLP\goemotions-multilabel-classification\data\processed\baseline\balanced\full\analysis_validation.json,False,1,amusement,2328,303.0,372.0,251.0,121.0,52.0,5002.0,0.6747311827956989,0.8283828382838284,0.7437037037037038
A,balanced,tfidf_lr,,validation,fixed,ok,,D:\DoAn\Đồ án NLP\goemotions-multilabel-classification\data\processed\baseline\balanced\full\analysis_validation.json,False,2,anger,1567,195.0,314.0,109.0,205.0,86.0,5026.0,0.3471337579617834,0.558974358974359,0.42829076620825146
A,balanced,tfidf_lr,,validation,fixed,ok,,D:\DoAn\Đồ án NLP\goemotions-multilabel-classification\data\processed\baseline\balanced\full\analysis_validation.json,False,3,annoyance,2470,303.0,639.0,132.0,507.0,171.0,4616.0,0.20657276995305165,0.43564356435643564,0.2802547770700637
A,balanced,tfidf_lr,,validation,fixed,ok,,D:\DoAn\Đồ án NLP\goemotions-multilabel-classification\data\processed\baseline\balanced\full\analysis_validation.json,False,4,approval,2939,397.0,701.0,172.0,529.0,225.0,4500.0,0.24536376604850213,0.4332493702770781,0.3132969034608379
A,balanced,tfidf_lr,,validation,fixed,ok,,D:\DoAn\Đồ án NLP\goemotions-multilabel-classification\data\processed\baseline\balanced\full\analysis_validation.json,False,5,caring,1087,153.0,346.0,88.0,258.0,65.0,5015.0,0.2543352601156069,0.5751633986928104,0.3527054108216433
A,balanced,tfidf_lr,,validation,fixed,ok,,D:\DoAn\Đồ án NLP\goemotions-multilabel-classification\data\processed\baseline\balanced\full\analysis_validation.json,False,6,confusion,1368,152.0,367.0,80.0,287.0,72.0,4987.0,0.21798365122615804,0.5263157894736842,0.30828516377649323
A,balanced,tfidf_lr,,validation,fixed,ok,,D:\DoAn\Đồ án NLP\goemotions-multilabel-classification\data\processed\baseline\balanced\full\analysis_validation.json,False,7,curiosity,2191,248.0,477.0,145.0,332.0,103.0,4846.0,0.3039832285115304,0.5846774193548387,0.4
A,balanced,tfidf_lr,,validation,fixed,ok,,D:\DoAn\Đồ án NLP\goemotions-multilabel-classification\data\processed\baseline\balanced\full\analysis_validation.json,False,8,desire,641,77.0,158.0,48.0,110.0,29.0,5239.0,0.3037974683544304,0.6233766233766234,0.4085106382978723
A,balanced,tfidf_lr,,validation,fixed,ok,,D:\DoAn\Đồ án NLP\goemotions-multilabel-classification\data\processed\baseline\balanced\full\analysis_validation.json,False,9,disappointment,1269,163.0,302.0,57.0,245.0,106.0,5018.0,0.18874172185430463,0.3496932515337423,0.24516129032258063
A,balanced,tfidf_lr,,validation,fixed,ok,,D:\DoAn\Đồ án NLP\goemotions-multilabel-classification\data\processed\baseline\balanced\full\analysis_validation.json,False,10,disapproval,2022,292.0,593.0,154.0,439.0,138.0,4695.0,0.2596964586846543,0.5273972602739726,0.3480225988700565
A,balanced,tfidf_lr,,validation,fixed,ok,,D:\DoAn\Đồ án NLP\goemotions-multilabel-classification\data\processed\baseline\balanced\full\analysis_validation.json,False,11,disgust,793,97.0,166.0,50.0,116.0,47.0,5213.0,0.30120481927710846,0.5154639175257731,0.38022813688212925
A,balanced,tfidf_lr,,validation,fixed,ok,,D:\DoAn\Đồ án NLP\goemotions-multilabel-classification\data\processed\baseline\balanced\full\analysis_validation.json,False,12,embarrassment,303,35.0,39.0,19.0,20.0,16.0,5371.0,0.48717948717948717,0.5428571428571428,0.5135135135135135
A,balanced,tfidf_lr,,validation,fixed,ok,,D:\DoAn\Đồ án NLP\goemotions-multilabel-classification\data\processed\baseline\balanced\full\analysis_validation.json,False,13,excitement,853,96.0,207.0,42.0,165.0,54.0,5165.0,0.2028985507246377,0.4375,0.27722772277227725
A,balanced,tfidf_lr,,validation,fixed,ok,,D:\DoAn\Đồ án NLP\goemotions-multilabel-classification\data\processed\baseline\balanced\full\analysis_validation.json,False,14,fear,596,90.0,102.0,57.0,45.0,33.0,5291.0,0.5588235294117647,0.6333333333333333,0.59375
A,balanced,tfidf_lr,,validation,fixed,ok,,D:\DoAn\Đồ án NLP\goemotions-multilabel-classification\data\processed\baseline\balanced\full\analysis_validation.json,False,15,gratitude,2662,358.0,369.0,323.0,46.0,35.0,5022.0,0.8753387533875339,0.9022346368715084,0.8885832187070152
A,balanced,tfidf_lr,,validation,fixed,ok,,D:\DoAn\Đồ án NLP\goemotions-multilabel-classification\data\processed\baseline\balanced\full\analysis_validation.json,False,16,grief,77,13.0,21.0,7.0,14.0,6.0,5399.0,0.3333333333333333,0.5384615384615384,0.4117647058823529
A,balanced,tfidf_lr,,validation,fixed,ok,,D:\DoAn\Đồ án NLP\goemotions-multilabel-classification\data\processed\baseline\balanced\full\analysis_validation.json,False,17,joy,1452,172.0,274.0,114.0,160.0,58.0,5094.0,0.41605839416058393,0.6627906976744186,0.5112107623318386
A,balanced,tfidf_lr,,validation,fixed,ok,,D:\DoAn\Đồ án NLP\goemotions-multilabel-classification\data\processed\baseline\balanced\full\analysis_validation.json,False,18,love,2086,252.0,355.0,228.0,127.0,24.0,5047.0,0.6422535211267606,0.9047619047619048,0.7512355848434926
A,balanced,tfidf_lr,,validation,fixed,ok,,D:\DoAn\Đồ án NLP\goemotions-multilabel-classification\data\processed\baseline\balanced\full\analysis_validation.json,False,19,nervousness,164,21.0,18.0,6.0,12.0,15.0,5393.0,0.3333333333333333,0.2857142857142857,0.3076923076923077
A,balanced,tfidf_lr,,validation,fixed,ok,,D:\DoAn\Đồ án NLP\goemotions-multilabel-classification\data\processed\baseline\balanced\full\analysis_validation.json,False,20,optimism,1581,209.0,348.0,141.0,207.0,68.0,5010.0,0.4051724137931034,0.6746411483253588,0.5062836624775583
A,balanced,tfidf_lr,,validation,fixed,ok,,D:\DoAn\Đồ án NLP\goemotions-multilabel-classification\data\processed\baseline\balanced\full\analysis_validation.json,False,21,pride,111,15.0,16.0,8.0,8.0,7.0,5403.0,0.5,0.5333333333333333,0.5161290322580645
A,balanced,tfidf_lr,,validation,fixed,ok,,D:\DoAn\Đồ án NLP\goemotions-multilabel-classification\data\processed\baseline\balanced\full\analysis_validation.json,False,22,realization,1110,127.0,288.0,46.0,242.0,81.0,5057.0,0.1597222222222222,0.36220472440944884,0.2216867469879518
A,balanced,tfidf_lr,,validation,fixed,ok,,D:\DoAn\Đồ án NLP\goemotions-multilabel-classification\data\processed\baseline\balanced\full\analysis_validation.json,False,23,relief,153,18.0,29.0,3.0,26.0,15.0,5382.0,0.10344827586206896,0.16666666666666666,0.1276595744680851
A,balanced,tfidf_lr,,validation,fixed,ok,,D:\DoAn\Đồ án NLP\goemotions-multilabel-classification\data\processed\baseline\balanced\full\analysis_validation.json,False,24,remorse,545,68.0,91.0,60.0,31.0,8.0,5327.0,0.6593406593406593,0.8823529411764706,0.7547169811320755
A,balanced,tfidf_lr,,validation,fixed,ok,,D:\DoAn\Đồ án NLP\goemotions-multilabel-classification\data\processed\baseline\balanced\full\analysis_validation.json,False,25,sadness,1326,143.0,252.0,89.0,163.0,54.0,5120.0,0.3531746031746032,0.6223776223776224,0.4506329113924051
A,balanced,tfidf_lr,,validation,fixed,ok,,D:\DoAn\Đồ án NLP\goemotions-multilabel-classification\data\processed\baseline\balanced\full\analysis_validation.json,False,26,surprise,1060,129.0,228.0,77.0,151.0,52.0,5146.0,0.33771929824561403,0.5968992248062015,0.43137254901960786
A,balanced,tfidf_lr,,validation,fixed,ok,,D:\DoAn\Đồ án NLP\goemotions-multilabel-classification\data\processed\baseline\balanced\full\analysis_validation.json,False,27,neutral,14219,1766.0,2369.0,1311.0,1058.0,455.0,2602.0,0.5533980582524272,0.7423556058890147,0.63409915356711
A,balanced,tfidf_lr,,validation,global,ok,,D:\DoAn\Đồ án NLP\goemotions-multilabel-classification\data\processed\baseline\balanced\full\analysis_validation.json,True,0,admiration,4130,488.0,608.0,374.0,234.0,114.0,4704.0,0.6151315789473685,0.7663934426229508,0.6824817518248175
A,balanced,tfidf_lr,,validation,global,ok,,D:\DoAn\Đồ án NLP\goemotions-multilabel-classification\data\processed\baseline\balanced\full\analysis_validation.json,True,1,amusement,2328,303.0,359.0,247.0,112.0,56.0,5011.0,0.6880222841225627,0.8151815181518152,0.7462235649546828
A,balanced,tfidf_lr,,validation,global,ok,,D:\DoAn\Đồ án NLP\goemotions-multilabel-classification\data\processed\baseline\balanced\full\analysis_validation.json,True,2,anger,1567,195.0,262.0,100.0,162.0,95.0,5069.0,0.3816793893129771,0.5128205128205128,0.437636761487965
A,balanced,tfidf_lr,,validation,global,ok,,D:\DoAn\Đồ án NLP\goemotions-multilabel-classification\data\processed\baseline\balanced\full\analysis_validation.json,True,3,annoyance,2470,303.0,473.0,105.0,368.0,198.0,4755.0,0.2219873150105708,0.3465346534653465,0.2706185567010309
A,balanced,tfidf_lr,,validation,global,ok,,D:\DoAn\Đồ án NLP\goemotions-multilabel-classification\data\processed\baseline\balanced\full\analysis_validation.json,True,4,approval,2939,397.0,531.0,141.0,390.0,256.0,4639.0,0.2655367231638418,0.35516372795969775,0.30387931034482757
A,balanced,tfidf_lr,,validation,global,ok,,D:\DoAn\Đồ án NLP\goemotions-multilabel-classification\data\processed\baseline\balanced\full\analysis_validation.json,True,5,caring,1087,153.0,287.0,82.0,205.0,71.0,5068.0,0.2857142857142857,0.5359477124183006,0.37272727272727274
A,balanced,tfidf_lr,,validation,global,ok,,D:\DoAn\Đồ án NLP\goemotions-multilabel-classification\data\processed\baseline\balanced\full\analysis_validation.json,True,6,confusion,1368,152.0,324.0,78.0,246.0,74.0,5028.0,0.24074074074074073,0.5131578947368421,0.3277310924369748
A,balanced,tfidf_lr,,validation,global,ok,,D:\DoAn\Đồ án NLP\goemotions-multilabel-classification\data\processed\baseline\balanced\full\analysis_validation.json,True,7,curiosity,2191,248.0,397.0,133.0,264.0,115.0,4914.0,0.3350125944584383,0.5362903225806451,0.4124031007751938
A,balanced,tfidf_lr,,validation,global,ok,,D:\DoAn\Đồ án NLP\goemotions-multilabel-classification\data\processed\baseline\balanced\full\analysis_validation.json,True,8,desire,641,77.0,136.0,46.0,90.0,31.0,5259.0,0.3382352941176471,0.5974025974025974,0.431924882629108
A,balanced,tfidf_lr,,validation,global,ok,,D:\DoAn\Đồ án NLP\goemotions-multilabel-classification\data\processed\baseline\balanced\full\analysis_validation.json,True,9,disappointment,1269,163.0,221.0,48.0,173.0,115.0,5090.0,0.2171945701357466,0.294478527607362,0.25
A,balanced,tfidf_lr,,validation,global,ok,,D:\DoAn\Đồ án NLP\goemotions-multilabel-classification\data\processed\baseline\balanced\full\analysis_validation.json,True,10,disapproval,2022,292.0,502.0,143.0,359.0,149.0,4775.0,0.2848605577689243,0.4897260273972603,0.3602015113350126
A,balanced,tfidf_lr,,validation,global,ok,,D:\DoAn\Đồ án NLP\goemotions-multilabel-classification\data\processed\baseline\balanced\full\analysis_validation.json,True,11,disgust,793,97.0,141.0,47.0,94.0,50.0,5235.0,0.3333333333333333,0.4845360824742268,0.3949579831932773
A,balanced,tfidf_lr,,validation,global,ok,,D:\DoAn\Đồ án NLP\goemotions-multilabel-classification\data\processed\baseline\balanced\full\analysis_validation.json,True,12,embarrassment,303,35.0,34.0,19.0,15.0,16.0,5376.0,0.5588235294117647,0.5428571428571428,0.5507246376811594
A,balanced,tfidf_lr,,validation,global,ok,,D:\DoAn\Đồ án NLP\goemotions-multilabel-classification\data\processed\baseline\balanced\full\analysis_validation.json,True,13,excitement,853,96.0,161.0,37.0,124.0,59.0,5206.0,0.22981366459627328,0.3854166666666667,0.28793774319066145
A,balanced,tfidf_lr,,validation,global,ok,,D:\DoAn\Đồ án NLP\goemotions-multilabel-classification\data\processed\baseline\balanced\full\analysis_validation.json,True,14,fear,596,90.0,93.0,56.0,37.0,34.0,5299.0,0.6021505376344086,0.6222222222222222,0.6120218579234973
A,balanced,tfidf_lr,,validation,global,ok,,D:\DoAn\Đồ án NLP\goemotions-multilabel-classification\data\processed\baseline\balanced\full\analysis_validation.json,True,15,gratitude,2662,358.0,357.0,320.0,37.0,38.0,5031.0,0.896358543417367,0.8938547486033519,0.8951048951048951
A,balanced,tfidf_lr,,validation,global,ok,,D:\DoAn\Đồ án NLP\goemotions-multilabel-classification\data\processed\baseline\balanced\full\analysis_validation.json,True,16,grief,77,13.0,19.0,7.0,12.0,6.0,5401.0,0.3684210526315789,0.5384615384615384,0.4375
A,balanced,tfidf_lr,,validation,global,ok,,D:\DoAn\Đồ án NLP\goemotions-multilabel-classification\data\processed\baseline\balanced\full\analysis_validation.json,True,17,joy,1452,172.0,239.0,110.0,129.0,62.0,5125.0,0.4602510460251046,0.6395348837209303,0.5352798053527981
A,balanced,tfidf_lr,,validation,global,ok,,D:\DoAn\Đồ án NLP\goemotions-multilabel-classification\data\processed\baseline\balanced\full\analysis_validation.json,True,18,love,2086,252.0,339.0,226.0,113.0,26.0,5061.0,0.6666666666666666,0.8968253968253969,0.7648054145516074
A,balanced,tfidf_lr,,validation,global,ok,,D:\DoAn\Đồ án NLP\goemotions-multilabel-classification\data\processed\baseline\balanced\full\analysis_validation.json,True,19,nervousness,164,21.0,16.0,5.0,11.0,16.0,5394.0,0.3125,0.23809523809523808,0.2702702702702703
A,balanced,tfidf_lr,,validation,global,ok,,D:\DoAn\Đồ án NLP\goemotions-multilabel-classification\data\processed\baseline\balanced\full\analysis_validation.json,True,20,optimism,1581,209.0,294.0,132.0,162.0,77.0,5055.0,0.4489795918367347,0.631578947368421,0.5248508946322068
A,balanced,tfidf_lr,,validation,global,ok,,D:\DoAn\Đồ án NLP\goemotions-multilabel-classification\data\processed\baseline\balanced\full\analysis_validation.json,True,21,pride,111,15.0,14.0,8.0,6.0,7.0,5405.0,0.5714285714285714,0.5333333333333333,0.5517241379310345
A,balanced,tfidf_lr,,validation,global,ok,,D:\DoAn\Đồ án NLP\goemotions-multilabel-classification\data\processed\baseline\balanced\full\analysis_validation.json,True,22,realization,1110,127.0,222.0,39.0,183.0,88.0,5116.0,0.17567567567567569,0.30708661417322836,0.22349570200573066
A,balanced,tfidf_lr,,validation,global,ok,,D:\DoAn\Đồ án NLP\goemotions-multilabel-classification\data\processed\baseline\balanced\full\analysis_validation.json,True,23,relief,153,18.0,23.0,3.0,20.0,15.0,5388.0,0.13043478260869565,0.16666666666666666,0.14634146341463414
A,balanced,tfidf_lr,,validation,global,ok,,D:\DoAn\Đồ án NLP\goemotions-multilabel-classification\data\processed\baseline\balanced\full\analysis_validation.json,True,24,remorse,545,68.0,91.0,60.0,31.0,8.0,5327.0,0.6593406593406593,0.8823529411764706,0.7547169811320755
A,balanced,tfidf_lr,,validation,global,ok,,D:\DoAn\Đồ án NLP\goemotions-multilabel-classification\data\processed\baseline\balanced\full\analysis_validation.json,True,25,sadness,1326,143.0,226.0,82.0,144.0,61.0,5139.0,0.36283185840707965,0.5734265734265734,0.4444444444444444
A,balanced,tfidf_lr,,validation,global,ok,,D:\DoAn\Đồ án NLP\goemotions-multilabel-classification\data\processed\baseline\balanced\full\analysis_validation.json,True,26,surprise,1060,129.0,202.0,74.0,128.0,55.0,5169.0,0.36633663366336633,0.5736434108527132,0.4471299093655589
A,balanced,tfidf_lr,,validation,global,ok,,D:\DoAn\Đồ án NLP\goemotions-multilabel-classification\data\processed\baseline\balanced\full\analysis_validation.json,True,27,neutral,14219,1766.0,1956.0,1136.0,820.0,630.0,2840.0,0.5807770961145194,0.6432616081540203,0.6104245029554003
A,balanced,tfidf_lr,,validation,tuned,ok,,D:\DoAn\Đồ án NLP\goemotions-multilabel-classification\data\processed\baseline\balanced\full\analysis_validation.json,True,0,admiration,4130,488.0,608.0,374.0,234.0,114.0,4704.0,0.6151315789473685,0.7663934426229508,0.6824817518248175
A,balanced,tfidf_lr,,validation,tuned,ok,,D:\DoAn\Đồ án NLP\goemotions-multilabel-classification\data\processed\baseline\balanced\full\analysis_validation.json,True,1,amusement,2328,303.0,349.0,245.0,104.0,58.0,5019.0,0.7020057306590258,0.8085808580858086,0.7515337423312883
A,balanced,tfidf_lr,,validation,tuned,ok,,D:\DoAn\Đồ án NLP\goemotions-multilabel-classification\data\processed\baseline\balanced\full\analysis_validation.json,True,2,anger,1567,195.0,217.0,95.0,122.0,100.0,5109.0,0.4377880184331797,0.48717948717948717,0.46116504854368934
A,balanced,tfidf_lr,,validation,tuned,ok,,D:\DoAn\Đồ án NLP\goemotions-multilabel-classification\data\processed\baseline\balanced\full\analysis_validation.json,True,3,annoyance,2470,303.0,816.0,158.0,658.0,145.0,4465.0,0.19362745098039216,0.5214521452145214,0.28239499553172476
A,balanced,tfidf_lr,,validation,tuned,ok,,D:\DoAn\Đồ án NLP\goemotions-multilabel-classification\data\processed\baseline\balanced\full\analysis_validation.json,True,4,approval,2939,397.0,395.0,130.0,265.0,267.0,4764.0,0.3291139240506329,0.327455919395466,0.3282828282828283
A,balanced,tfidf_lr,,validation,tuned,ok,,D:\DoAn\Đồ án NLP\goemotions-multilabel-classification\data\processed\baseline\balanced\full\analysis_validation.json,True,5,caring,1087,153.0,194.0,67.0,127.0,86.0,5146.0,0.34536082474226804,0.43790849673202614,0.3861671469740634
A,balanced,tfidf_lr,,validation,tuned,ok,,D:\DoAn\Đồ án NLP\goemotions-multilabel-classification\data\processed\baseline\balanced\full\analysis_validation.json,True,6,confusion,1368,152.0,204.0,70.0,134.0,82.0,5140.0,0.3431372549019608,0.4605263157894737,0.39325842696629215
A,balanced,tfidf_lr,,validation,tuned,ok,,D:\DoAn\Đồ án NLP\goemotions-multilabel-classification\data\processed\baseline\balanced\full\analysis_validation.json,True,7,curiosity,2191,248.0,251.0,108.0,143.0,140.0,5035.0,0.4302788844621514,0.43548387096774194,0.43286573146292584
A,balanced,tfidf_lr,,validation,tuned,ok,,D:\DoAn\Đồ án NLP\goemotions-multilabel-classification\data\processed\baseline\balanced\full\analysis_validation.json,True,8,desire,641,77.0,69.0,38.0,31.0,39.0,5318.0,0.5507246376811594,0.4935064935064935,0.5205479452054794
A,balanced,tfidf_lr,,validation,tuned,ok,,D:\DoAn\Đồ án NLP\goemotions-multilabel-classification\data\processed\baseline\balanced\full\analysis_validation.json,True,9,disappointment,1269,163.0,221.0,48.0,173.0,115.0,5090.0,0.2171945701357466,0.294478527607362,0.25
A,balanced,tfidf_lr,,validation,tuned,ok,,D:\DoAn\Đồ án NLP\goemotions-multilabel-classification\data\processed\baseline\balanced\full\analysis_validation.json,True,10,disapproval,2022,292.0,502.0,143.0,359.0,149.0,4775.0,0.2848605577689243,0.4897260273972603,0.3602015113350126
A,balanced,tfidf_lr,,validation,tuned,ok,,D:\DoAn\Đồ án NLP\goemotions-multilabel-classification\data\processed\baseline\balanced\full\analysis_validation.json,True,11,disgust,793,97.0,114.0,44.0,70.0,53.0,5259.0,0.38596491228070173,0.4536082474226804,0.41706161137440756
A,balanced,tfidf_lr,,validation,tuned,ok,,D:\DoAn\Đồ án NLP\goemotions-multilabel-classification\data\processed\baseline\balanced\full\analysis_validation.json,True,12,embarrassment,303,35.0,34.0,19.0,15.0,16.0,5376.0,0.5588235294117647,0.5428571428571428,0.5507246376811594
A,balanced,tfidf_lr,,validation,tuned,ok,,D:\DoAn\Đồ án NLP\goemotions-multilabel-classification\data\processed\baseline\balanced\full\analysis_validation.json,True,13,excitement,853,96.0,136.0,37.0,99.0,59.0,5231.0,0.27205882352941174,0.3854166666666667,0.31896551724137934
A,balanced,tfidf_lr,,validation,tuned,ok,,D:\DoAn\Đồ án NLP\goemotions-multilabel-classification\data\processed\baseline\balanced\full\analysis_validation.json,True,14,fear,596,90.0,93.0,56.0,37.0,34.0,5299.0,0.6021505376344086,0.6222222222222222,0.6120218579234973
A,balanced,tfidf_lr,,validation,tuned,ok,,D:\DoAn\Đồ án NLP\goemotions-multilabel-classification\data\processed\baseline\balanced\full\analysis_validation.json,True,15,gratitude,2662,358.0,324.0,310.0,14.0,48.0,5054.0,0.9567901234567902,0.8659217877094972,0.9090909090909091
A,balanced,tfidf_lr,,validation,tuned,ok,,D:\DoAn\Đồ án NLP\goemotions-multilabel-classification\data\processed\baseline\balanced\full\analysis_validation.json,True,16,grief,77,13.0,19.0,7.0,12.0,6.0,5401.0,0.3684210526315789,0.5384615384615384,0.4375
A,balanced,tfidf_lr,,validation,tuned,ok,,D:\DoAn\Đồ án NLP\goemotions-multilabel-classification\data\processed\baseline\balanced\full\analysis_validation.json,True,17,joy,1452,172.0,173.0,98.0,75.0,74.0,5179.0,0.5664739884393064,0.5697674418604651,0.5681159420289855
A,balanced,tfidf_lr,,validation,tuned,ok,,D:\DoAn\Đồ án NLP\goemotions-multilabel-classification\data\processed\baseline\balanced\full\analysis_validation.json,True,18,love,2086,252.0,299.0,214.0,85.0,38.0,5089.0,0.7157190635451505,0.8492063492063492,0.7767695099818511
A,balanced,tfidf_lr,,validation,tuned,ok,,D:\DoAn\Đồ án NLP\goemotions-multilabel-classification\data\processed\baseline\balanced\full\analysis_validation.json,True,19,nervousness,164,21.0,11.0,5.0,6.0,16.0,5399.0,0.45454545454545453,0.23809523809523808,0.3125
A,balanced,tfidf_lr,,validation,tuned,ok,,D:\DoAn\Đồ án NLP\goemotions-multilabel-classification\data\processed\baseline\balanced\full\analysis_validation.json,True,20,optimism,1581,209.0,176.0,113.0,63.0,96.0,5154.0,0.6420454545454546,0.5406698564593302,0.587012987012987
A,balanced,tfidf_lr,,validation,tuned,ok,,D:\DoAn\Đồ án NLP\goemotions-multilabel-classification\data\processed\baseline\balanced\full\analysis_validation.json,True,21,pride,111,15.0,8.0,7.0,1.0,8.0,5410.0,0.875,0.4666666666666667,0.6086956521739131
A,balanced,tfidf_lr,,validation,tuned,ok,,D:\DoAn\Đồ án NLP\goemotions-multilabel-classification\data\processed\baseline\balanced\full\analysis_validation.json,True,22,realization,1110,127.0,122.0,32.0,90.0,95.0,5209.0,0.26229508196721313,0.25196850393700787,0.2570281124497992
A,balanced,tfidf_lr,,validation,tuned,ok,,D:\DoAn\Đồ án NLP\goemotions-multilabel-classification\data\processed\baseline\balanced\full\analysis_validation.json,True,23,relief,153,18.0,5.0,2.0,3.0,16.0,5405.0,0.4,0.1111111111111111,0.17391304347826086
A,balanced,tfidf_lr,,validation,tuned,ok,,D:\DoAn\Đồ án NLP\goemotions-multilabel-classification\data\processed\baseline\balanced\full\analysis_validation.json,True,24,remorse,545,68.0,91.0,60.0,31.0,8.0,5327.0,0.6593406593406593,0.8823529411764706,0.7547169811320755
A,balanced,tfidf_lr,,validation,tuned,ok,,D:\DoAn\Đồ án NLP\goemotions-multilabel-classification\data\processed\baseline\balanced\full\analysis_validation.json,True,25,sadness,1326,143.0,126.0,63.0,63.0,80.0,5220.0,0.5,0.4405594405594406,0.4684014869888476
A,balanced,tfidf_lr,,validation,tuned,ok,,D:\DoAn\Đồ án NLP\goemotions-multilabel-classification\data\processed\baseline\balanced\full\analysis_validation.json,True,26,surprise,1060,129.0,146.0,66.0,80.0,63.0,5217.0,0.4520547945205479,0.5116279069767442,0.48
A,balanced,tfidf_lr,,validation,tuned,ok,,D:\DoAn\Đồ án NLP\goemotions-multilabel-classification\data\processed\baseline\balanced\full\analysis_validation.json,True,27,neutral,14219,1766.0,2752.0,1446.0,1306.0,320.0,2354.0,0.5254360465116279,0.8187995469988675,0.6401062416998672
A,balanced,tfidf_lr,,test,fixed,missing,Chưa có kết quả A hợp lệ cho cấu hình này,D:\DoAn\Đồ án NLP\goemotions-multilabel-classification\data\processed\baseline\final\final_results.json,False,0,admiration,4130,,,,,,,,,
A,balanced,tfidf_lr,,test,fixed,missing,Chưa có kết quả A hợp lệ cho cấu hình này,D:\DoAn\Đồ án NLP\goemotions-multilabel-classification\data\processed\baseline\final\final_results.json,False,1,amusement,2328,,,,,,,,,
A,balanced,tfidf_lr,,test,fixed,missing,Chưa có kết quả A hợp lệ cho cấu hình này,D:\DoAn\Đồ án NLP\goemotions-multilabel-classification\data\processed\baseline\final\final_results.json,False,2,anger,1567,,,,,,,,,
A,balanced,tfidf_lr,,test,fixed,missing,Chưa có kết quả A hợp lệ cho cấu hình này,D:\DoAn\Đồ án NLP\goemotions-multilabel-classification\data\processed\baseline\final\final_results.json,False,3,annoyance,2470,,,,,,,,,
A,balanced,tfidf_lr,,test,fixed,missing,Chưa có kết quả A hợp lệ cho cấu hình này,D:\DoAn\Đồ án NLP\goemotions-multilabel-classification\data\processed\baseline\final\final_results.json,False,4,approval,2939,,,,,,,,,
A,balanced,tfidf_lr,,test,fixed,missing,Chưa có kết quả A hợp lệ cho cấu hình này,D:\DoAn\Đồ án NLP\goemotions-multilabel-classification\data\processed\baseline\final\final_results.json,False,5,caring,1087,,,,,,,,,
A,balanced,tfidf_lr,,test,fixed,missing,Chưa có kết quả A hợp lệ cho cấu hình này,D:\DoAn\Đồ án NLP\goemotions-multilabel-classification\data\processed\baseline\final\final_results.json,False,6,confusion,1368,,,,,,,,,
A,balanced,tfidf_lr,,test,fixed,missing,Chưa có kết quả A hợp lệ cho cấu hình này,D:\DoAn\Đồ án NLP\goemotions-multilabel-classification\data\processed\baseline\final\final_results.json,False,7,curiosity,2191,,,,,,,,,
A,balanced,tfidf_lr,,test,fixed,missing,Chưa có kết quả A hợp lệ cho cấu hình này,D:\DoAn\Đồ án NLP\goemotions-multilabel-classification\data\processed\baseline\final\final_results.json,False,8,desire,641,,,,,,,,,
A,balanced,tfidf_lr,,test,fixed,missing,Chưa có kết quả A hợp lệ cho cấu hình này,D:\DoAn\Đồ án NLP\goemotions-multilabel-classification\data\processed\baseline\final\final_results.json,False,9,disappointment,1269,,,,,,,,,
A,balanced,tfidf_lr,,test,fixed,missing,Chưa có kết quả A hợp lệ cho cấu hình này,D:\DoAn\Đồ án NLP\goemotions-multilabel-classification\data\processed\baseline\final\final_results.json,False,10,disapproval,2022,,,,,,,,,
A,balanced,tfidf_lr,,test,fixed,missing,Chưa có kết quả A hợp lệ cho cấu hình này,D:\DoAn\Đồ án NLP\goemotions-multilabel-classification\data\processed\baseline\final\final_results.json,False,11,disgust,793,,,,,,,,,
A,balanced,tfidf_lr,,test,fixed,missing,Chưa có kết quả A hợp lệ cho cấu hình này,D:\DoAn\Đồ án NLP\goemotions-multilabel-classification\data\processed\baseline\final\final_results.json,False,12,embarrassment,303,,,,,,,,,
A,balanced,tfidf_lr,,test,fixed,missing,Chưa có kết quả A hợp lệ cho cấu hình này,D:\DoAn\Đồ án NLP\goemotions-multilabel-classification\data\processed\baseline\final\final_results.json,False,13,excitement,853,,,,,,,,,
A,balanced,tfidf_lr,,test,fixed,missing,Chưa có kết quả A hợp lệ cho cấu hình này,D:\DoAn\Đồ án NLP\goemotions-multilabel-classification\data\processed\baseline\final\final_results.json,False,14,fear,596,,,,,,,,,
A,balanced,tfidf_lr,,test,fixed,missing,Chưa có kết quả A hợp lệ cho cấu hình này,D:\DoAn\Đồ án NLP\goemotions-multilabel-classification\data\processed\baseline\final\final_results.json,False,15,gratitude,2662,,,,,,,,,
A,balanced,tfidf_lr,,test,fixed,missing,Chưa có kết quả A hợp lệ cho cấu hình này,D:\DoAn\Đồ án NLP\goemotions-multilabel-classification\data\processed\baseline\final\final_results.json,False,16,grief,77,,,,,,,,,
A,balanced,tfidf_lr,,test,fixed,missing,Chưa có kết quả A hợp lệ cho cấu hình này,D:\DoAn\Đồ án NLP\goemotions-multilabel-classification\data\processed\baseline\final\final_results.json,False,17,joy,1452,,,,,,,,,
A,balanced,tfidf_lr,,test,fixed,missing,Chưa có kết quả A hợp lệ cho cấu hình này,D:\DoAn\Đồ án NLP\goemotions-multilabel-classification\data\processed\baseline\final\final_results.json,False,18,love,2086,,,,,,,,,
A,balanced,tfidf_lr,,test,fixed,missing,Chưa có kết quả A hợp lệ cho cấu hình này,D:\DoAn\Đồ án NLP\goemotions-multilabel-classification\data\processed\baseline\final\final_results.json,False,19,nervousness,164,,,,,,,,,
A,balanced,tfidf_lr,,test,fixed,missing,Chưa có kết quả A hợp lệ cho cấu hình này,D:\DoAn\Đồ án NLP\goemotions-multilabel-classification\data\processed\baseline\final\final_results.json,False,20,optimism,1581,,,,,,,,,
A,balanced,tfidf_lr,,test,fixed,missing,Chưa có kết quả A hợp lệ cho cấu hình này,D:\DoAn\Đồ án NLP\goemotions-multilabel-classification\data\processed\baseline\final\final_results.json,False,21,pride,111,,,,,,,,,
A,balanced,tfidf_lr,,test,fixed,missing,Chưa có kết quả A hợp lệ cho cấu hình này,D:\DoAn\Đồ án NLP\goemotions-multilabel-classification\data\processed\baseline\final\final_results.json,False,22,realization,1110,,,,,,,,,
A,balanced,tfidf_lr,,test,fixed,missing,Chưa có kết quả A hợp lệ cho cấu hình này,D:\DoAn\Đồ án NLP\goemotions-multilabel-classification\data\processed\baseline\final\final_results.json,False,23,relief,153,,,,,,,,,
A,balanced,tfidf_lr,,test,fixed,missing,Chưa có kết quả A hợp lệ cho cấu hình này,D:\DoAn\Đồ án NLP\goemotions-multilabel-classification\data\processed\baseline\final\final_results.json,False,24,remorse,545,,,,,,,,,
A,balanced,tfidf_lr,,test,fixed,missing,Chưa có kết quả A hợp lệ cho cấu hình này,D:\DoAn\Đồ án NLP\goemotions-multilabel-classification\data\processed\baseline\final\final_results.json,False,25,sadness,1326,,,,,,,,,
A,balanced,tfidf_lr,,test,fixed,missing,Chưa có kết quả A hợp lệ cho cấu hình này,D:\DoAn\Đồ án NLP\goemotions-multilabel-classification\data\processed\baseline\final\final_results.json,False,26,surprise,1060,,,,,,,,,
A,balanced,tfidf_lr,,test,fixed,missing,Chưa có kết quả A hợp lệ cho cấu hình này,D:\DoAn\Đồ án NLP\goemotions-multilabel-classification\data\processed\baseline\final\final_results.json,False,27,neutral,14219,,,,,,,,,
A,balanced,tfidf_lr,,test,global,missing,Chưa có kết quả A hợp lệ cho cấu hình này,D:\DoAn\Đồ án NLP\goemotions-multilabel-classification\data\processed\baseline\final\final_results.json,False,0,admiration,4130,,,,,,,,,
A,balanced,tfidf_lr,,test,global,missing,Chưa có kết quả A hợp lệ cho cấu hình này,D:\DoAn\Đồ án NLP\goemotions-multilabel-classification\data\processed\baseline\final\final_results.json,False,1,amusement,2328,,,,,,,,,
A,balanced,tfidf_lr,,test,global,missing,Chưa có kết quả A hợp lệ cho cấu hình này,D:\DoAn\Đồ án NLP\goemotions-multilabel-classification\data\processed\baseline\final\final_results.json,False,2,anger,1567,,,,,,,,,
A,balanced,tfidf_lr,,test,global,missing,Chưa có kết quả A hợp lệ cho cấu hình này,D:\DoAn\Đồ án NLP\goemotions-multilabel-classification\data\processed\baseline\final\final_results.json,False,3,annoyance,2470,,,,,,,,,
A,balanced,tfidf_lr,,test,global,missing,Chưa có kết quả A hợp lệ cho cấu hình này,D:\DoAn\Đồ án NLP\goemotions-multilabel-classification\data\processed\baseline\final\final_results.json,False,4,approval,2939,,,,,,,,,
A,balanced,tfidf_lr,,test,global,missing,Chưa có kết quả A hợp lệ cho cấu hình này,D:\DoAn\Đồ án NLP\goemotions-multilabel-classification\data\processed\baseline\final\final_results.json,False,5,caring,1087,,,,,,,,,
A,balanced,tfidf_lr,,test,global,missing,Chưa có kết quả A hợp lệ cho cấu hình này,D:\DoAn\Đồ án NLP\goemotions-multilabel-classification\data\processed\baseline\final\final_results.json,False,6,confusion,1368,,,,,,,,,
A,balanced,tfidf_lr,,test,global,missing,Chưa có kết quả A hợp lệ cho cấu hình này,D:\DoAn\Đồ án NLP\goemotions-multilabel-classification\data\processed\baseline\final\final_results.json,False,7,curiosity,2191,,,,,,,,,
A,balanced,tfidf_lr,,test,global,missing,Chưa có kết quả A hợp lệ cho cấu hình này,D:\DoAn\Đồ án NLP\goemotions-multilabel-classification\data\processed\baseline\final\final_results.json,False,8,desire,641,,,,,,,,,
A,balanced,tfidf_lr,,test,global,missing,Chưa có kết quả A hợp lệ cho cấu hình này,D:\DoAn\Đồ án NLP\goemotions-multilabel-classification\data\processed\baseline\final\final_results.json,False,9,disappointment,1269,,,,,,,,,
A,balanced,tfidf_lr,,test,global,missing,Chưa có kết quả A hợp lệ cho cấu hình này,D:\DoAn\Đồ án NLP\goemotions-multilabel-classification\data\processed\baseline\final\final_results.json,False,10,disapproval,2022,,,,,,,,,
A,balanced,tfidf_lr,,test,global,missing,Chưa có kết quả A hợp lệ cho cấu hình này,D:\DoAn\Đồ án NLP\goemotions-multilabel-classification\data\processed\baseline\final\final_results.json,False,11,disgust,793,,,,,,,,,
A,balanced,tfidf_lr,,test,global,missing,Chưa có kết quả A hợp lệ cho cấu hình này,D:\DoAn\Đồ án NLP\goemotions-multilabel-classification\data\processed\baseline\final\final_results.json,False,12,embarrassment,303,,,,,,,,,
A,balanced,tfidf_lr,,test,global,missing,Chưa có kết quả A hợp lệ cho cấu hình này,D:\DoAn\Đồ án NLP\goemotions-multilabel-classification\data\processed\baseline\final\final_results.json,False,13,excitement,853,,,,,,,,,
A,balanced,tfidf_lr,,test,global,missing,Chưa có kết quả A hợp lệ cho cấu hình này,D:\DoAn\Đồ án NLP\goemotions-multilabel-classification\data\processed\baseline\final\final_results.json,False,14,fear,596,,,,,,,,,
A,balanced,tfidf_lr,,test,global,missing,Chưa có kết quả A hợp lệ cho cấu hình này,D:\DoAn\Đồ án NLP\goemotions-multilabel-classification\data\processed\baseline\final\final_results.json,False,15,gratitude,2662,,,,,,,,,
A,balanced,tfidf_lr,,test,global,missing,Chưa có kết quả A hợp lệ cho cấu hình này,D:\DoAn\Đồ án NLP\goemotions-multilabel-classification\data\processed\baseline\final\final_results.json,False,16,grief,77,,,,,,,,,
A,balanced,tfidf_lr,,test,global,missing,Chưa có kết quả A hợp lệ cho cấu hình này,D:\DoAn\Đồ án NLP\goemotions-multilabel-classification\data\processed\baseline\final\final_results.json,False,17,joy,1452,,,,,,,,,
A,balanced,tfidf_lr,,test,global,missing,Chưa có kết quả A hợp lệ cho cấu hình này,D:\DoAn\Đồ án NLP\goemotions-multilabel-classification\data\processed\baseline\final\final_results.json,False,18,love,2086,,,,,,,,,
A,balanced,tfidf_lr,,test,global,missing,Chưa có kết quả A hợp lệ cho cấu hình này,D:\DoAn\Đồ án NLP\goemotions-multilabel-classification\data\processed\baseline\final\final_results.json,False,19,nervousness,164,,,,,,,,,
A,balanced,tfidf_lr,,test,global,missing,Chưa có kết quả A hợp lệ cho cấu hình này,D:\DoAn\Đồ án NLP\goemotions-multilabel-classification\data\processed\baseline\final\final_results.json,False,20,optimism,1581,,,,,,,,,
A,balanced,tfidf_lr,,test,global,missing,Chưa có kết quả A hợp lệ cho cấu hình này,D:\DoAn\Đồ án NLP\goemotions-multilabel-classification\data\processed\baseline\final\final_results.json,False,21,pride,111,,,,,,,,,
A,balanced,tfidf_lr,,test,global,missing,Chưa có kết quả A hợp lệ cho cấu hình này,D:\DoAn\Đồ án NLP\goemotions-multilabel-classification\data\processed\baseline\final\final_results.json,False,22,realization,1110,,,,,,,,,
A,balanced,tfidf_lr,,test,global,missing,Chưa có kết quả A hợp lệ cho cấu hình này,D:\DoAn\Đồ án NLP\goemotions-multilabel-classification\data\processed\baseline\final\final_results.json,False,23,relief,153,,,,,,,,,
A,balanced,tfidf_lr,,test,global,missing,Chưa có kết quả A hợp lệ cho cấu hình này,D:\DoAn\Đồ án NLP\goemotions-multilabel-classification\data\processed\baseline\final\final_results.json,False,24,remorse,545,,,,,,,,,
A,balanced,tfidf_lr,,test,global,missing,Chưa có kết quả A hợp lệ cho cấu hình này,D:\DoAn\Đồ án NLP\goemotions-multilabel-classification\data\processed\baseline\final\final_results.json,False,25,sadness,1326,,,,,,,,,
A,balanced,tfidf_lr,,test,global,missing,Chưa có kết quả A hợp lệ cho cấu hình này,D:\DoAn\Đồ án NLP\goemotions-multilabel-classification\data\processed\baseline\final\final_results.json,False,26,surprise,1060,,,,,,,,,
A,balanced,tfidf_lr,,test,global,missing,Chưa có kết quả A hợp lệ cho cấu hình này,D:\DoAn\Đồ án NLP\goemotions-multilabel-classification\data\processed\baseline\final\final_results.json,False,27,neutral,14219,,,,,,,,,
A,balanced,tfidf_lr,,test,tuned,missing,Chưa có kết quả A hợp lệ cho cấu hình này,D:\DoAn\Đồ án NLP\goemotions-multilabel-classification\data\processed\baseline\final\final_results.json,False,0,admiration,4130,,,,,,,,,
A,balanced,tfidf_lr,,test,tuned,missing,Chưa có kết quả A hợp lệ cho cấu hình này,D:\DoAn\Đồ án NLP\goemotions-multilabel-classification\data\processed\baseline\final\final_results.json,False,1,amusement,2328,,,,,,,,,
A,balanced,tfidf_lr,,test,tuned,missing,Chưa có kết quả A hợp lệ cho cấu hình này,D:\DoAn\Đồ án NLP\goemotions-multilabel-classification\data\processed\baseline\final\final_results.json,False,2,anger,1567,,,,,,,,,
A,balanced,tfidf_lr,,test,tuned,missing,Chưa có kết quả A hợp lệ cho cấu hình này,D:\DoAn\Đồ án NLP\goemotions-multilabel-classification\data\processed\baseline\final\final_results.json,False,3,annoyance,2470,,,,,,,,,
A,balanced,tfidf_lr,,test,tuned,missing,Chưa có kết quả A hợp lệ cho cấu hình này,D:\DoAn\Đồ án NLP\goemotions-multilabel-classification\data\processed\baseline\final\final_results.json,False,4,approval,2939,,,,,,,,,
A,balanced,tfidf_lr,,test,tuned,missing,Chưa có kết quả A hợp lệ cho cấu hình này,D:\DoAn\Đồ án NLP\goemotions-multilabel-classification\data\processed\baseline\final\final_results.json,False,5,caring,1087,,,,,,,,,
A,balanced,tfidf_lr,,test,tuned,missing,Chưa có kết quả A hợp lệ cho cấu hình này,D:\DoAn\Đồ án NLP\goemotions-multilabel-classification\data\processed\baseline\final\final_results.json,False,6,confusion,1368,,,,,,,,,
A,balanced,tfidf_lr,,test,tuned,missing,Chưa có kết quả A hợp lệ cho cấu hình này,D:\DoAn\Đồ án NLP\goemotions-multilabel-classification\data\processed\baseline\final\final_results.json,False,7,curiosity,2191,,,,,,,,,
A,balanced,tfidf_lr,,test,tuned,missing,Chưa có kết quả A hợp lệ cho cấu hình này,D:\DoAn\Đồ án NLP\goemotions-multilabel-classification\data\processed\baseline\final\final_results.json,False,8,desire,641,,,,,,,,,
A,balanced,tfidf_lr,,test,tuned,missing,Chưa có kết quả A hợp lệ cho cấu hình này,D:\DoAn\Đồ án NLP\goemotions-multilabel-classification\data\processed\baseline\final\final_results.json,False,9,disappointment,1269,,,,,,,,,
A,balanced,tfidf_lr,,test,tuned,missing,Chưa có kết quả A hợp lệ cho cấu hình này,D:\DoAn\Đồ án NLP\goemotions-multilabel-classification\data\processed\baseline\final\final_results.json,False,10,disapproval,2022,,,,,,,,,
A,balanced,tfidf_lr,,test,tuned,missing,Chưa có kết quả A hợp lệ cho cấu hình này,D:\DoAn\Đồ án NLP\goemotions-multilabel-classification\data\processed\baseline\final\final_results.json,False,11,disgust,793,,,,,,,,,
A,balanced,tfidf_lr,,test,tuned,missing,Chưa có kết quả A hợp lệ cho cấu hình này,D:\DoAn\Đồ án NLP\goemotions-multilabel-classification\data\processed\baseline\final\final_results.json,False,12,embarrassment,303,,,,,,,,,
A,balanced,tfidf_lr,,test,tuned,missing,Chưa có kết quả A hợp lệ cho cấu hình này,D:\DoAn\Đồ án NLP\goemotions-multilabel-classification\data\processed\baseline\final\final_results.json,False,13,excitement,853,,,,,,,,,
A,balanced,tfidf_lr,,test,tuned,missing,Chưa có kết quả A hợp lệ cho cấu hình này,D:\DoAn\Đồ án NLP\goemotions-multilabel-classification\data\processed\baseline\final\final_results.json,False,14,fear,596,,,,,,,,,
A,balanced,tfidf_lr,,test,tuned,missing,Chưa có kết quả A hợp lệ cho cấu hình này,D:\DoAn\Đồ án NLP\goemotions-multilabel-classification\data\processed\baseline\final\final_results.json,False,15,gratitude,2662,,,,,,,,,
A,balanced,tfidf_lr,,test,tuned,missing,Chưa có kết quả A hợp lệ cho cấu hình này,D:\DoAn\Đồ án NLP\goemotions-multilabel-classification\data\processed\baseline\final\final_results.json,False,16,grief,77,,,,,,,,,
A,balanced,tfidf_lr,,test,tuned,missing,Chưa có kết quả A hợp lệ cho cấu hình này,D:\DoAn\Đồ án NLP\goemotions-multilabel-classification\data\processed\baseline\final\final_results.json,False,17,joy,1452,,,,,,,,,
A,balanced,tfidf_lr,,test,tuned,missing,Chưa có kết quả A hợp lệ cho cấu hình này,D:\DoAn\Đồ án NLP\goemotions-multilabel-classification\data\processed\baseline\final\final_results.json,False,18,love,2086,,,,,,,,,
A,balanced,tfidf_lr,,test,tuned,missing,Chưa có kết quả A hợp lệ cho cấu hình này,D:\DoAn\Đồ án NLP\goemotions-multilabel-classification\data\processed\baseline\final\final_results.json,False,19,nervousness,164,,,,,,,,,
A,balanced,tfidf_lr,,test,tuned,missing,Chưa có kết quả A hợp lệ cho cấu hình này,D:\DoAn\Đồ án NLP\goemotions-multilabel-classification\data\processed\baseline\final\final_results.json,False,20,optimism,1581,,,,,,,,,
A,balanced,tfidf_lr,,test,tuned,missing,Chưa có kết quả A hợp lệ cho cấu hình này,D:\DoAn\Đồ án NLP\goemotions-multilabel-classification\data\processed\baseline\final\final_results.json,False,21,pride,111,,,,,,,,,
A,balanced,tfidf_lr,,test,tuned,missing,Chưa có kết quả A hợp lệ cho cấu hình này,D:\DoAn\Đồ án NLP\goemotions-multilabel-classification\data\processed\baseline\final\final_results.json,False,22,realization,1110,,,,,,,,,
A,balanced,tfidf_lr,,test,tuned,missing,Chưa có kết quả A hợp lệ cho cấu hình này,D:\DoAn\Đồ án NLP\goemotions-multilabel-classification\data\processed\baseline\final\final_results.json,False,23,relief,153,,,,,,,,,
A,balanced,tfidf_lr,,test,tuned,missing,Chưa có kết quả A hợp lệ cho cấu hình này,D:\DoAn\Đồ án NLP\goemotions-multilabel-classification\data\processed\baseline\final\final_results.json,False,24,remorse,545,,,,,,,,,
A,balanced,tfidf_lr,,test,tuned,missing,Chưa có kết quả A hợp lệ cho cấu hình này,D:\DoAn\Đồ án NLP\goemotions-multilabel-classification\data\processed\baseline\final\final_results.json,False,25,sadness,1326,,,,,,,,,
A,balanced,tfidf_lr,,test,tuned,missing,Chưa có kết quả A hợp lệ cho cấu hình này,D:\DoAn\Đồ án NLP\goemotions-multilabel-classification\data\processed\baseline\final\final_results.json,False,26,surprise,1060,,,,,,,,,
A,balanced,tfidf_lr,,test,tuned,missing,Chưa có kết quả A hợp lệ cho cấu hình này,D:\DoAn\Đồ án NLP\goemotions-multilabel-classification\data\processed\baseline\final\final_results.json,False,27,neutral,14219,,,,,,,,,
B,zero_shot,bart_mnli,,validation,fixed,missing,Chưa có run full/protocol/kết quả hợp lệ,D:\DoAn\Đồ án NLP\goemotions-multilabel-classification\data\processed\zero_shot\full\validation_metrics.json,False,0,admiration,4130,,,,,,,,,
B,zero_shot,bart_mnli,,validation,fixed,missing,Chưa có run full/protocol/kết quả hợp lệ,D:\DoAn\Đồ án NLP\goemotions-multilabel-classification\data\processed\zero_shot\full\validation_metrics.json,False,1,amusement,2328,,,,,,,,,
B,zero_shot,bart_mnli,,validation,fixed,missing,Chưa có run full/protocol/kết quả hợp lệ,D:\DoAn\Đồ án NLP\goemotions-multilabel-classification\data\processed\zero_shot\full\validation_metrics.json,False,2,anger,1567,,,,,,,,,
B,zero_shot,bart_mnli,,validation,fixed,missing,Chưa có run full/protocol/kết quả hợp lệ,D:\DoAn\Đồ án NLP\goemotions-multilabel-classification\data\processed\zero_shot\full\validation_metrics.json,False,3,annoyance,2470,,,,,,,,,
B,zero_shot,bart_mnli,,validation,fixed,missing,Chưa có run full/protocol/kết quả hợp lệ,D:\DoAn\Đồ án NLP\goemotions-multilabel-classification\data\processed\zero_shot\full\validation_metrics.json,False,4,approval,2939,,,,,,,,,
B,zero_shot,bart_mnli,,validation,fixed,missing,Chưa có run full/protocol/kết quả hợp lệ,D:\DoAn\Đồ án NLP\goemotions-multilabel-classification\data\processed\zero_shot\full\validation_metrics.json,False,5,caring,1087,,,,,,,,,
B,zero_shot,bart_mnli,,validation,fixed,missing,Chưa có run full/protocol/kết quả hợp lệ,D:\DoAn\Đồ án NLP\goemotions-multilabel-classification\data\processed\zero_shot\full\validation_metrics.json,False,6,confusion,1368,,,,,,,,,
B,zero_shot,bart_mnli,,validation,fixed,missing,Chưa có run full/protocol/kết quả hợp lệ,D:\DoAn\Đồ án NLP\goemotions-multilabel-classification\data\processed\zero_shot\full\validation_metrics.json,False,7,curiosity,2191,,,,,,,,,
B,zero_shot,bart_mnli,,validation,fixed,missing,Chưa có run full/protocol/kết quả hợp lệ,D:\DoAn\Đồ án NLP\goemotions-multilabel-classification\data\processed\zero_shot\full\validation_metrics.json,False,8,desire,641,,,,,,,,,
B,zero_shot,bart_mnli,,validation,fixed,missing,Chưa có run full/protocol/kết quả hợp lệ,D:\DoAn\Đồ án NLP\goemotions-multilabel-classification\data\processed\zero_shot\full\validation_metrics.json,False,9,disappointment,1269,,,,,,,,,
B,zero_shot,bart_mnli,,validation,fixed,missing,Chưa có run full/protocol/kết quả hợp lệ,D:\DoAn\Đồ án NLP\goemotions-multilabel-classification\data\processed\zero_shot\full\validation_metrics.json,False,10,disapproval,2022,,,,,,,,,
B,zero_shot,bart_mnli,,validation,fixed,missing,Chưa có run full/protocol/kết quả hợp lệ,D:\DoAn\Đồ án NLP\goemotions-multilabel-classification\data\processed\zero_shot\full\validation_metrics.json,False,11,disgust,793,,,,,,,,,
B,zero_shot,bart_mnli,,validation,fixed,missing,Chưa có run full/protocol/kết quả hợp lệ,D:\DoAn\Đồ án NLP\goemotions-multilabel-classification\data\processed\zero_shot\full\validation_metrics.json,False,12,embarrassment,303,,,,,,,,,
B,zero_shot,bart_mnli,,validation,fixed,missing,Chưa có run full/protocol/kết quả hợp lệ,D:\DoAn\Đồ án NLP\goemotions-multilabel-classification\data\processed\zero_shot\full\validation_metrics.json,False,13,excitement,853,,,,,,,,,
B,zero_shot,bart_mnli,,validation,fixed,missing,Chưa có run full/protocol/kết quả hợp lệ,D:\DoAn\Đồ án NLP\goemotions-multilabel-classification\data\processed\zero_shot\full\validation_metrics.json,False,14,fear,596,,,,,,,,,
B,zero_shot,bart_mnli,,validation,fixed,missing,Chưa có run full/protocol/kết quả hợp lệ,D:\DoAn\Đồ án NLP\goemotions-multilabel-classification\data\processed\zero_shot\full\validation_metrics.json,False,15,gratitude,2662,,,,,,,,,
B,zero_shot,bart_mnli,,validation,fixed,missing,Chưa có run full/protocol/kết quả hợp lệ,D:\DoAn\Đồ án NLP\goemotions-multilabel-classification\data\processed\zero_shot\full\validation_metrics.json,False,16,grief,77,,,,,,,,,
B,zero_shot,bart_mnli,,validation,fixed,missing,Chưa có run full/protocol/kết quả hợp lệ,D:\DoAn\Đồ án NLP\goemotions-multilabel-classification\data\processed\zero_shot\full\validation_metrics.json,False,17,joy,1452,,,,,,,,,
B,zero_shot,bart_mnli,,validation,fixed,missing,Chưa có run full/protocol/kết quả hợp lệ,D:\DoAn\Đồ án NLP\goemotions-multilabel-classification\data\processed\zero_shot\full\validation_metrics.json,False,18,love,2086,,,,,,,,,
B,zero_shot,bart_mnli,,validation,fixed,missing,Chưa có run full/protocol/kết quả hợp lệ,D:\DoAn\Đồ án NLP\goemotions-multilabel-classification\data\processed\zero_shot\full\validation_metrics.json,False,19,nervousness,164,,,,,,,,,
B,zero_shot,bart_mnli,,validation,fixed,missing,Chưa có run full/protocol/kết quả hợp lệ,D:\DoAn\Đồ án NLP\goemotions-multilabel-classification\data\processed\zero_shot\full\validation_metrics.json,False,20,optimism,1581,,,,,,,,,
B,zero_shot,bart_mnli,,validation,fixed,missing,Chưa có run full/protocol/kết quả hợp lệ,D:\DoAn\Đồ án NLP\goemotions-multilabel-classification\data\processed\zero_shot\full\validation_metrics.json,False,21,pride,111,,,,,,,,,
B,zero_shot,bart_mnli,,validation,fixed,missing,Chưa có run full/protocol/kết quả hợp lệ,D:\DoAn\Đồ án NLP\goemotions-multilabel-classification\data\processed\zero_shot\full\validation_metrics.json,False,22,realization,1110,,,,,,,,,
B,zero_shot,bart_mnli,,validation,fixed,missing,Chưa có run full/protocol/kết quả hợp lệ,D:\DoAn\Đồ án NLP\goemotions-multilabel-classification\data\processed\zero_shot\full\validation_metrics.json,False,23,relief,153,,,,,,,,,
B,zero_shot,bart_mnli,,validation,fixed,missing,Chưa có run full/protocol/kết quả hợp lệ,D:\DoAn\Đồ án NLP\goemotions-multilabel-classification\data\processed\zero_shot\full\validation_metrics.json,False,24,remorse,545,,,,,,,,,
B,zero_shot,bart_mnli,,validation,fixed,missing,Chưa có run full/protocol/kết quả hợp lệ,D:\DoAn\Đồ án NLP\goemotions-multilabel-classification\data\processed\zero_shot\full\validation_metrics.json,False,25,sadness,1326,,,,,,,,,
B,zero_shot,bart_mnli,,validation,fixed,missing,Chưa có run full/protocol/kết quả hợp lệ,D:\DoAn\Đồ án NLP\goemotions-multilabel-classification\data\processed\zero_shot\full\validation_metrics.json,False,26,surprise,1060,,,,,,,,,
B,zero_shot,bart_mnli,,validation,fixed,missing,Chưa có run full/protocol/kết quả hợp lệ,D:\DoAn\Đồ án NLP\goemotions-multilabel-classification\data\processed\zero_shot\full\validation_metrics.json,False,27,neutral,14219,,,,,,,,,
B,zero_shot,bart_mnli,,validation,global,missing,Chưa có run full/protocol/kết quả hợp lệ,D:\DoAn\Đồ án NLP\goemotions-multilabel-classification\data\processed\zero_shot\full\final_protocol.json,True,0,admiration,4130,,,,,,,,,
B,zero_shot,bart_mnli,,validation,global,missing,Chưa có run full/protocol/kết quả hợp lệ,D:\DoAn\Đồ án NLP\goemotions-multilabel-classification\data\processed\zero_shot\full\final_protocol.json,True,1,amusement,2328,,,,,,,,,
B,zero_shot,bart_mnli,,validation,global,missing,Chưa có run full/protocol/kết quả hợp lệ,D:\DoAn\Đồ án NLP\goemotions-multilabel-classification\data\processed\zero_shot\full\final_protocol.json,True,2,anger,1567,,,,,,,,,
B,zero_shot,bart_mnli,,validation,global,missing,Chưa có run full/protocol/kết quả hợp lệ,D:\DoAn\Đồ án NLP\goemotions-multilabel-classification\data\processed\zero_shot\full\final_protocol.json,True,3,annoyance,2470,,,,,,,,,
B,zero_shot,bart_mnli,,validation,global,missing,Chưa có run full/protocol/kết quả hợp lệ,D:\DoAn\Đồ án NLP\goemotions-multilabel-classification\data\processed\zero_shot\full\final_protocol.json,True,4,approval,2939,,,,,,,,,
B,zero_shot,bart_mnli,,validation,global,missing,Chưa có run full/protocol/kết quả hợp lệ,D:\DoAn\Đồ án NLP\goemotions-multilabel-classification\data\processed\zero_shot\full\final_protocol.json,True,5,caring,1087,,,,,,,,,
B,zero_shot,bart_mnli,,validation,global,missing,Chưa có run full/protocol/kết quả hợp lệ,D:\DoAn\Đồ án NLP\goemotions-multilabel-classification\data\processed\zero_shot\full\final_protocol.json,True,6,confusion,1368,,,,,,,,,
B,zero_shot,bart_mnli,,validation,global,missing,Chưa có run full/protocol/kết quả hợp lệ,D:\DoAn\Đồ án NLP\goemotions-multilabel-classification\data\processed\zero_shot\full\final_protocol.json,True,7,curiosity,2191,,,,,,,,,
B,zero_shot,bart_mnli,,validation,global,missing,Chưa có run full/protocol/kết quả hợp lệ,D:\DoAn\Đồ án NLP\goemotions-multilabel-classification\data\processed\zero_shot\full\final_protocol.json,True,8,desire,641,,,,,,,,,
B,zero_shot,bart_mnli,,validation,global,missing,Chưa có run full/protocol/kết quả hợp lệ,D:\DoAn\Đồ án NLP\goemotions-multilabel-classification\data\processed\zero_shot\full\final_protocol.json,True,9,disappointment,1269,,,,,,,,,
B,zero_shot,bart_mnli,,validation,global,missing,Chưa có run full/protocol/kết quả hợp lệ,D:\DoAn\Đồ án NLP\goemotions-multilabel-classification\data\processed\zero_shot\full\final_protocol.json,True,10,disapproval,2022,,,,,,,,,
B,zero_shot,bart_mnli,,validation,global,missing,Chưa có run full/protocol/kết quả hợp lệ,D:\DoAn\Đồ án NLP\goemotions-multilabel-classification\data\processed\zero_shot\full\final_protocol.json,True,11,disgust,793,,,,,,,,,
B,zero_shot,bart_mnli,,validation,global,missing,Chưa có run full/protocol/kết quả hợp lệ,D:\DoAn\Đồ án NLP\goemotions-multilabel-classification\data\processed\zero_shot\full\final_protocol.json,True,12,embarrassment,303,,,,,,,,,
B,zero_shot,bart_mnli,,validation,global,missing,Chưa có run full/protocol/kết quả hợp lệ,D:\DoAn\Đồ án NLP\goemotions-multilabel-classification\data\processed\zero_shot\full\final_protocol.json,True,13,excitement,853,,,,,,,,,
B,zero_shot,bart_mnli,,validation,global,missing,Chưa có run full/protocol/kết quả hợp lệ,D:\DoAn\Đồ án NLP\goemotions-multilabel-classification\data\processed\zero_shot\full\final_protocol.json,True,14,fear,596,,,,,,,,,
B,zero_shot,bart_mnli,,validation,global,missing,Chưa có run full/protocol/kết quả hợp lệ,D:\DoAn\Đồ án NLP\goemotions-multilabel-classification\data\processed\zero_shot\full\final_protocol.json,True,15,gratitude,2662,,,,,,,,,
B,zero_shot,bart_mnli,,validation,global,missing,Chưa có run full/protocol/kết quả hợp lệ,D:\DoAn\Đồ án NLP\goemotions-multilabel-classification\data\processed\zero_shot\full\final_protocol.json,True,16,grief,77,,,,,,,,,
B,zero_shot,bart_mnli,,validation,global,missing,Chưa có run full/protocol/kết quả hợp lệ,D:\DoAn\Đồ án NLP\goemotions-multilabel-classification\data\processed\zero_shot\full\final_protocol.json,True,17,joy,1452,,,,,,,,,
B,zero_shot,bart_mnli,,validation,global,missing,Chưa có run full/protocol/kết quả hợp lệ,D:\DoAn\Đồ án NLP\goemotions-multilabel-classification\data\processed\zero_shot\full\final_protocol.json,True,18,love,2086,,,,,,,,,
B,zero_shot,bart_mnli,,validation,global,missing,Chưa có run full/protocol/kết quả hợp lệ,D:\DoAn\Đồ án NLP\goemotions-multilabel-classification\data\processed\zero_shot\full\final_protocol.json,True,19,nervousness,164,,,,,,,,,
B,zero_shot,bart_mnli,,validation,global,missing,Chưa có run full/protocol/kết quả hợp lệ,D:\DoAn\Đồ án NLP\goemotions-multilabel-classification\data\processed\zero_shot\full\final_protocol.json,True,20,optimism,1581,,,,,,,,,
B,zero_shot,bart_mnli,,validation,global,missing,Chưa có run full/protocol/kết quả hợp lệ,D:\DoAn\Đồ án NLP\goemotions-multilabel-classification\data\processed\zero_shot\full\final_protocol.json,True,21,pride,111,,,,,,,,,
B,zero_shot,bart_mnli,,validation,global,missing,Chưa có run full/protocol/kết quả hợp lệ,D:\DoAn\Đồ án NLP\goemotions-multilabel-classification\data\processed\zero_shot\full\final_protocol.json,True,22,realization,1110,,,,,,,,,
B,zero_shot,bart_mnli,,validation,global,missing,Chưa có run full/protocol/kết quả hợp lệ,D:\DoAn\Đồ án NLP\goemotions-multilabel-classification\data\processed\zero_shot\full\final_protocol.json,True,23,relief,153,,,,,,,,,
B,zero_shot,bart_mnli,,validation,global,missing,Chưa có run full/protocol/kết quả hợp lệ,D:\DoAn\Đồ án NLP\goemotions-multilabel-classification\data\processed\zero_shot\full\final_protocol.json,True,24,remorse,545,,,,,,,,,
B,zero_shot,bart_mnli,,validation,global,missing,Chưa có run full/protocol/kết quả hợp lệ,D:\DoAn\Đồ án NLP\goemotions-multilabel-classification\data\processed\zero_shot\full\final_protocol.json,True,25,sadness,1326,,,,,,,,,
B,zero_shot,bart_mnli,,validation,global,missing,Chưa có run full/protocol/kết quả hợp lệ,D:\DoAn\Đồ án NLP\goemotions-multilabel-classification\data\processed\zero_shot\full\final_protocol.json,True,26,surprise,1060,,,,,,,,,
B,zero_shot,bart_mnli,,validation,global,missing,Chưa có run full/protocol/kết quả hợp lệ,D:\DoAn\Đồ án NLP\goemotions-multilabel-classification\data\processed\zero_shot\full\final_protocol.json,True,27,neutral,14219,,,,,,,,,
B,zero_shot,bart_mnli,,validation,tuned,missing,Chưa có run full/protocol/kết quả hợp lệ,D:\DoAn\Đồ án NLP\goemotions-multilabel-classification\data\processed\zero_shot\full\final_protocol.json,True,0,admiration,4130,,,,,,,,,
B,zero_shot,bart_mnli,,validation,tuned,missing,Chưa có run full/protocol/kết quả hợp lệ,D:\DoAn\Đồ án NLP\goemotions-multilabel-classification\data\processed\zero_shot\full\final_protocol.json,True,1,amusement,2328,,,,,,,,,
B,zero_shot,bart_mnli,,validation,tuned,missing,Chưa có run full/protocol/kết quả hợp lệ,D:\DoAn\Đồ án NLP\goemotions-multilabel-classification\data\processed\zero_shot\full\final_protocol.json,True,2,anger,1567,,,,,,,,,
B,zero_shot,bart_mnli,,validation,tuned,missing,Chưa có run full/protocol/kết quả hợp lệ,D:\DoAn\Đồ án NLP\goemotions-multilabel-classification\data\processed\zero_shot\full\final_protocol.json,True,3,annoyance,2470,,,,,,,,,
B,zero_shot,bart_mnli,,validation,tuned,missing,Chưa có run full/protocol/kết quả hợp lệ,D:\DoAn\Đồ án NLP\goemotions-multilabel-classification\data\processed\zero_shot\full\final_protocol.json,True,4,approval,2939,,,,,,,,,
B,zero_shot,bart_mnli,,validation,tuned,missing,Chưa có run full/protocol/kết quả hợp lệ,D:\DoAn\Đồ án NLP\goemotions-multilabel-classification\data\processed\zero_shot\full\final_protocol.json,True,5,caring,1087,,,,,,,,,
B,zero_shot,bart_mnli,,validation,tuned,missing,Chưa có run full/protocol/kết quả hợp lệ,D:\DoAn\Đồ án NLP\goemotions-multilabel-classification\data\processed\zero_shot\full\final_protocol.json,True,6,confusion,1368,,,,,,,,,
B,zero_shot,bart_mnli,,validation,tuned,missing,Chưa có run full/protocol/kết quả hợp lệ,D:\DoAn\Đồ án NLP\goemotions-multilabel-classification\data\processed\zero_shot\full\final_protocol.json,True,7,curiosity,2191,,,,,,,,,
B,zero_shot,bart_mnli,,validation,tuned,missing,Chưa có run full/protocol/kết quả hợp lệ,D:\DoAn\Đồ án NLP\goemotions-multilabel-classification\data\processed\zero_shot\full\final_protocol.json,True,8,desire,641,,,,,,,,,
B,zero_shot,bart_mnli,,validation,tuned,missing,Chưa có run full/protocol/kết quả hợp lệ,D:\DoAn\Đồ án NLP\goemotions-multilabel-classification\data\processed\zero_shot\full\final_protocol.json,True,9,disappointment,1269,,,,,,,,,
B,zero_shot,bart_mnli,,validation,tuned,missing,Chưa có run full/protocol/kết quả hợp lệ,D:\DoAn\Đồ án NLP\goemotions-multilabel-classification\data\processed\zero_shot\full\final_protocol.json,True,10,disapproval,2022,,,,,,,,,
B,zero_shot,bart_mnli,,validation,tuned,missing,Chưa có run full/protocol/kết quả hợp lệ,D:\DoAn\Đồ án NLP\goemotions-multilabel-classification\data\processed\zero_shot\full\final_protocol.json,True,11,disgust,793,,,,,,,,,
B,zero_shot,bart_mnli,,validation,tuned,missing,Chưa có run full/protocol/kết quả hợp lệ,D:\DoAn\Đồ án NLP\goemotions-multilabel-classification\data\processed\zero_shot\full\final_protocol.json,True,12,embarrassment,303,,,,,,,,,
B,zero_shot,bart_mnli,,validation,tuned,missing,Chưa có run full/protocol/kết quả hợp lệ,D:\DoAn\Đồ án NLP\goemotions-multilabel-classification\data\processed\zero_shot\full\final_protocol.json,True,13,excitement,853,,,,,,,,,
B,zero_shot,bart_mnli,,validation,tuned,missing,Chưa có run full/protocol/kết quả hợp lệ,D:\DoAn\Đồ án NLP\goemotions-multilabel-classification\data\processed\zero_shot\full\final_protocol.json,True,14,fear,596,,,,,,,,,
B,zero_shot,bart_mnli,,validation,tuned,missing,Chưa có run full/protocol/kết quả hợp lệ,D:\DoAn\Đồ án NLP\goemotions-multilabel-classification\data\processed\zero_shot\full\final_protocol.json,True,15,gratitude,2662,,,,,,,,,
B,zero_shot,bart_mnli,,validation,tuned,missing,Chưa có run full/protocol/kết quả hợp lệ,D:\DoAn\Đồ án NLP\goemotions-multilabel-classification\data\processed\zero_shot\full\final_protocol.json,True,16,grief,77,,,,,,,,,
B,zero_shot,bart_mnli,,validation,tuned,missing,Chưa có run full/protocol/kết quả hợp lệ,D:\DoAn\Đồ án NLP\goemotions-multilabel-classification\data\processed\zero_shot\full\final_protocol.json,True,17,joy,1452,,,,,,,,,
B,zero_shot,bart_mnli,,validation,tuned,missing,Chưa có run full/protocol/kết quả hợp lệ,D:\DoAn\Đồ án NLP\goemotions-multilabel-classification\data\processed\zero_shot\full\final_protocol.json,True,18,love,2086,,,,,,,,,
B,zero_shot,bart_mnli,,validation,tuned,missing,Chưa có run full/protocol/kết quả hợp lệ,D:\DoAn\Đồ án NLP\goemotions-multilabel-classification\data\processed\zero_shot\full\final_protocol.json,True,19,nervousness,164,,,,,,,,,
B,zero_shot,bart_mnli,,validation,tuned,missing,Chưa có run full/protocol/kết quả hợp lệ,D:\DoAn\Đồ án NLP\goemotions-multilabel-classification\data\processed\zero_shot\full\final_protocol.json,True,20,optimism,1581,,,,,,,,,
B,zero_shot,bart_mnli,,validation,tuned,missing,Chưa có run full/protocol/kết quả hợp lệ,D:\DoAn\Đồ án NLP\goemotions-multilabel-classification\data\processed\zero_shot\full\final_protocol.json,True,21,pride,111,,,,,,,,,
B,zero_shot,bart_mnli,,validation,tuned,missing,Chưa có run full/protocol/kết quả hợp lệ,D:\DoAn\Đồ án NLP\goemotions-multilabel-classification\data\processed\zero_shot\full\final_protocol.json,True,22,realization,1110,,,,,,,,,
B,zero_shot,bart_mnli,,validation,tuned,missing,Chưa có run full/protocol/kết quả hợp lệ,D:\DoAn\Đồ án NLP\goemotions-multilabel-classification\data\processed\zero_shot\full\final_protocol.json,True,23,relief,153,,,,,,,,,
B,zero_shot,bart_mnli,,validation,tuned,missing,Chưa có run full/protocol/kết quả hợp lệ,D:\DoAn\Đồ án NLP\goemotions-multilabel-classification\data\processed\zero_shot\full\final_protocol.json,True,24,remorse,545,,,,,,,,,
B,zero_shot,bart_mnli,,validation,tuned,missing,Chưa có run full/protocol/kết quả hợp lệ,D:\DoAn\Đồ án NLP\goemotions-multilabel-classification\data\processed\zero_shot\full\final_protocol.json,True,25,sadness,1326,,,,,,,,,
B,zero_shot,bart_mnli,,validation,tuned,missing,Chưa có run full/protocol/kết quả hợp lệ,D:\DoAn\Đồ án NLP\goemotions-multilabel-classification\data\processed\zero_shot\full\final_protocol.json,True,26,surprise,1060,,,,,,,,,
B,zero_shot,bart_mnli,,validation,tuned,missing,Chưa có run full/protocol/kết quả hợp lệ,D:\DoAn\Đồ án NLP\goemotions-multilabel-classification\data\processed\zero_shot\full\final_protocol.json,True,27,neutral,14219,,,,,,,,,
B,zero_shot,bart_mnli,,test,fixed,missing,Chưa có run full/protocol/kết quả hợp lệ,D:\DoAn\Đồ án NLP\goemotions-multilabel-classification\data\processed\zero_shot\full\test_run_metadata.json,False,0,admiration,4130,,,,,,,,,
B,zero_shot,bart_mnli,,test,fixed,missing,Chưa có run full/protocol/kết quả hợp lệ,D:\DoAn\Đồ án NLP\goemotions-multilabel-classification\data\processed\zero_shot\full\test_run_metadata.json,False,1,amusement,2328,,,,,,,,,
B,zero_shot,bart_mnli,,test,fixed,missing,Chưa có run full/protocol/kết quả hợp lệ,D:\DoAn\Đồ án NLP\goemotions-multilabel-classification\data\processed\zero_shot\full\test_run_metadata.json,False,2,anger,1567,,,,,,,,,
B,zero_shot,bart_mnli,,test,fixed,missing,Chưa có run full/protocol/kết quả hợp lệ,D:\DoAn\Đồ án NLP\goemotions-multilabel-classification\data\processed\zero_shot\full\test_run_metadata.json,False,3,annoyance,2470,,,,,,,,,
B,zero_shot,bart_mnli,,test,fixed,missing,Chưa có run full/protocol/kết quả hợp lệ,D:\DoAn\Đồ án NLP\goemotions-multilabel-classification\data\processed\zero_shot\full\test_run_metadata.json,False,4,approval,2939,,,,,,,,,
B,zero_shot,bart_mnli,,test,fixed,missing,Chưa có run full/protocol/kết quả hợp lệ,D:\DoAn\Đồ án NLP\goemotions-multilabel-classification\data\processed\zero_shot\full\test_run_metadata.json,False,5,caring,1087,,,,,,,,,
B,zero_shot,bart_mnli,,test,fixed,missing,Chưa có run full/protocol/kết quả hợp lệ,D:\DoAn\Đồ án NLP\goemotions-multilabel-classification\data\processed\zero_shot\full\test_run_metadata.json,False,6,confusion,1368,,,,,,,,,
B,zero_shot,bart_mnli,,test,fixed,missing,Chưa có run full/protocol/kết quả hợp lệ,D:\DoAn\Đồ án NLP\goemotions-multilabel-classification\data\processed\zero_shot\full\test_run_metadata.json,False,7,curiosity,2191,,,,,,,,,
B,zero_shot,bart_mnli,,test,fixed,missing,Chưa có run full/protocol/kết quả hợp lệ,D:\DoAn\Đồ án NLP\goemotions-multilabel-classification\data\processed\zero_shot\full\test_run_metadata.json,False,8,desire,641,,,,,,,,,
B,zero_shot,bart_mnli,,test,fixed,missing,Chưa có run full/protocol/kết quả hợp lệ,D:\DoAn\Đồ án NLP\goemotions-multilabel-classification\data\processed\zero_shot\full\test_run_metadata.json,False,9,disappointment,1269,,,,,,,,,
B,zero_shot,bart_mnli,,test,fixed,missing,Chưa có run full/protocol/kết quả hợp lệ,D:\DoAn\Đồ án NLP\goemotions-multilabel-classification\data\processed\zero_shot\full\test_run_metadata.json,False,10,disapproval,2022,,,,,,,,,
B,zero_shot,bart_mnli,,test,fixed,missing,Chưa có run full/protocol/kết quả hợp lệ,D:\DoAn\Đồ án NLP\goemotions-multilabel-classification\data\processed\zero_shot\full\test_run_metadata.json,False,11,disgust,793,,,,,,,,,
B,zero_shot,bart_mnli,,test,fixed,missing,Chưa có run full/protocol/kết quả hợp lệ,D:\DoAn\Đồ án NLP\goemotions-multilabel-classification\data\processed\zero_shot\full\test_run_metadata.json,False,12,embarrassment,303,,,,,,,,,
B,zero_shot,bart_mnli,,test,fixed,missing,Chưa có run full/protocol/kết quả hợp lệ,D:\DoAn\Đồ án NLP\goemotions-multilabel-classification\data\processed\zero_shot\full\test_run_metadata.json,False,13,excitement,853,,,,,,,,,
B,zero_shot,bart_mnli,,test,fixed,missing,Chưa có run full/protocol/kết quả hợp lệ,D:\DoAn\Đồ án NLP\goemotions-multilabel-classification\data\processed\zero_shot\full\test_run_metadata.json,False,14,fear,596,,,,,,,,,
B,zero_shot,bart_mnli,,test,fixed,missing,Chưa có run full/protocol/kết quả hợp lệ,D:\DoAn\Đồ án NLP\goemotions-multilabel-classification\data\processed\zero_shot\full\test_run_metadata.json,False,15,gratitude,2662,,,,,,,,,
B,zero_shot,bart_mnli,,test,fixed,missing,Chưa có run full/protocol/kết quả hợp lệ,D:\DoAn\Đồ án NLP\goemotions-multilabel-classification\data\processed\zero_shot\full\test_run_metadata.json,False,16,grief,77,,,,,,,,,
B,zero_shot,bart_mnli,,test,fixed,missing,Chưa có run full/protocol/kết quả hợp lệ,D:\DoAn\Đồ án NLP\goemotions-multilabel-classification\data\processed\zero_shot\full\test_run_metadata.json,False,17,joy,1452,,,,,,,,,
B,zero_shot,bart_mnli,,test,fixed,missing,Chưa có run full/protocol/kết quả hợp lệ,D:\DoAn\Đồ án NLP\goemotions-multilabel-classification\data\processed\zero_shot\full\test_run_metadata.json,False,18,love,2086,,,,,,,,,
B,zero_shot,bart_mnli,,test,fixed,missing,Chưa có run full/protocol/kết quả hợp lệ,D:\DoAn\Đồ án NLP\goemotions-multilabel-classification\data\processed\zero_shot\full\test_run_metadata.json,False,19,nervousness,164,,,,,,,,,
B,zero_shot,bart_mnli,,test,fixed,missing,Chưa có run full/protocol/kết quả hợp lệ,D:\DoAn\Đồ án NLP\goemotions-multilabel-classification\data\processed\zero_shot\full\test_run_metadata.json,False,20,optimism,1581,,,,,,,,,
B,zero_shot,bart_mnli,,test,fixed,missing,Chưa có run full/protocol/kết quả hợp lệ,D:\DoAn\Đồ án NLP\goemotions-multilabel-classification\data\processed\zero_shot\full\test_run_metadata.json,False,21,pride,111,,,,,,,,,
B,zero_shot,bart_mnli,,test,fixed,missing,Chưa có run full/protocol/kết quả hợp lệ,D:\DoAn\Đồ án NLP\goemotions-multilabel-classification\data\processed\zero_shot\full\test_run_metadata.json,False,22,realization,1110,,,,,,,,,
B,zero_shot,bart_mnli,,test,fixed,missing,Chưa có run full/protocol/kết quả hợp lệ,D:\DoAn\Đồ án NLP\goemotions-multilabel-classification\data\processed\zero_shot\full\test_run_metadata.json,False,23,relief,153,,,,,,,,,
B,zero_shot,bart_mnli,,test,fixed,missing,Chưa có run full/protocol/kết quả hợp lệ,D:\DoAn\Đồ án NLP\goemotions-multilabel-classification\data\processed\zero_shot\full\test_run_metadata.json,False,24,remorse,545,,,,,,,,,
B,zero_shot,bart_mnli,,test,fixed,missing,Chưa có run full/protocol/kết quả hợp lệ,D:\DoAn\Đồ án NLP\goemotions-multilabel-classification\data\processed\zero_shot\full\test_run_metadata.json,False,25,sadness,1326,,,,,,,,,
B,zero_shot,bart_mnli,,test,fixed,missing,Chưa có run full/protocol/kết quả hợp lệ,D:\DoAn\Đồ án NLP\goemotions-multilabel-classification\data\processed\zero_shot\full\test_run_metadata.json,False,26,surprise,1060,,,,,,,,,
B,zero_shot,bart_mnli,,test,fixed,missing,Chưa có run full/protocol/kết quả hợp lệ,D:\DoAn\Đồ án NLP\goemotions-multilabel-classification\data\processed\zero_shot\full\test_run_metadata.json,False,27,neutral,14219,,,,,,,,,
B,zero_shot,bart_mnli,,test,global,missing,Chưa có run full/protocol/kết quả hợp lệ,D:\DoAn\Đồ án NLP\goemotions-multilabel-classification\data\processed\zero_shot\full\test_run_metadata.json,False,0,admiration,4130,,,,,,,,,
B,zero_shot,bart_mnli,,test,global,missing,Chưa có run full/protocol/kết quả hợp lệ,D:\DoAn\Đồ án NLP\goemotions-multilabel-classification\data\processed\zero_shot\full\test_run_metadata.json,False,1,amusement,2328,,,,,,,,,
B,zero_shot,bart_mnli,,test,global,missing,Chưa có run full/protocol/kết quả hợp lệ,D:\DoAn\Đồ án NLP\goemotions-multilabel-classification\data\processed\zero_shot\full\test_run_metadata.json,False,2,anger,1567,,,,,,,,,
B,zero_shot,bart_mnli,,test,global,missing,Chưa có run full/protocol/kết quả hợp lệ,D:\DoAn\Đồ án NLP\goemotions-multilabel-classification\data\processed\zero_shot\full\test_run_metadata.json,False,3,annoyance,2470,,,,,,,,,
B,zero_shot,bart_mnli,,test,global,missing,Chưa có run full/protocol/kết quả hợp lệ,D:\DoAn\Đồ án NLP\goemotions-multilabel-classification\data\processed\zero_shot\full\test_run_metadata.json,False,4,approval,2939,,,,,,,,,
B,zero_shot,bart_mnli,,test,global,missing,Chưa có run full/protocol/kết quả hợp lệ,D:\DoAn\Đồ án NLP\goemotions-multilabel-classification\data\processed\zero_shot\full\test_run_metadata.json,False,5,caring,1087,,,,,,,,,
B,zero_shot,bart_mnli,,test,global,missing,Chưa có run full/protocol/kết quả hợp lệ,D:\DoAn\Đồ án NLP\goemotions-multilabel-classification\data\processed\zero_shot\full\test_run_metadata.json,False,6,confusion,1368,,,,,,,,,
B,zero_shot,bart_mnli,,test,global,missing,Chưa có run full/protocol/kết quả hợp lệ,D:\DoAn\Đồ án NLP\goemotions-multilabel-classification\data\processed\zero_shot\full\test_run_metadata.json,False,7,curiosity,2191,,,,,,,,,
B,zero_shot,bart_mnli,,test,global,missing,Chưa có run full/protocol/kết quả hợp lệ,D:\DoAn\Đồ án NLP\goemotions-multilabel-classification\data\processed\zero_shot\full\test_run_metadata.json,False,8,desire,641,,,,,,,,,
B,zero_shot,bart_mnli,,test,global,missing,Chưa có run full/protocol/kết quả hợp lệ,D:\DoAn\Đồ án NLP\goemotions-multilabel-classification\data\processed\zero_shot\full\test_run_metadata.json,False,9,disappointment,1269,,,,,,,,,
B,zero_shot,bart_mnli,,test,global,missing,Chưa có run full/protocol/kết quả hợp lệ,D:\DoAn\Đồ án NLP\goemotions-multilabel-classification\data\processed\zero_shot\full\test_run_metadata.json,False,10,disapproval,2022,,,,,,,,,
B,zero_shot,bart_mnli,,test,global,missing,Chưa có run full/protocol/kết quả hợp lệ,D:\DoAn\Đồ án NLP\goemotions-multilabel-classification\data\processed\zero_shot\full\test_run_metadata.json,False,11,disgust,793,,,,,,,,,
B,zero_shot,bart_mnli,,test,global,missing,Chưa có run full/protocol/kết quả hợp lệ,D:\DoAn\Đồ án NLP\goemotions-multilabel-classification\data\processed\zero_shot\full\test_run_metadata.json,False,12,embarrassment,303,,,,,,,,,
B,zero_shot,bart_mnli,,test,global,missing,Chưa có run full/protocol/kết quả hợp lệ,D:\DoAn\Đồ án NLP\goemotions-multilabel-classification\data\processed\zero_shot\full\test_run_metadata.json,False,13,excitement,853,,,,,,,,,
B,zero_shot,bart_mnli,,test,global,missing,Chưa có run full/protocol/kết quả hợp lệ,D:\DoAn\Đồ án NLP\goemotions-multilabel-classification\data\processed\zero_shot\full\test_run_metadata.json,False,14,fear,596,,,,,,,,,
B,zero_shot,bart_mnli,,test,global,missing,Chưa có run full/protocol/kết quả hợp lệ,D:\DoAn\Đồ án NLP\goemotions-multilabel-classification\data\processed\zero_shot\full\test_run_metadata.json,False,15,gratitude,2662,,,,,,,,,
B,zero_shot,bart_mnli,,test,global,missing,Chưa có run full/protocol/kết quả hợp lệ,D:\DoAn\Đồ án NLP\goemotions-multilabel-classification\data\processed\zero_shot\full\test_run_metadata.json,False,16,grief,77,,,,,,,,,
B,zero_shot,bart_mnli,,test,global,missing,Chưa có run full/protocol/kết quả hợp lệ,D:\DoAn\Đồ án NLP\goemotions-multilabel-classification\data\processed\zero_shot\full\test_run_metadata.json,False,17,joy,1452,,,,,,,,,
B,zero_shot,bart_mnli,,test,global,missing,Chưa có run full/protocol/kết quả hợp lệ,D:\DoAn\Đồ án NLP\goemotions-multilabel-classification\data\processed\zero_shot\full\test_run_metadata.json,False,18,love,2086,,,,,,,,,
B,zero_shot,bart_mnli,,test,global,missing,Chưa có run full/protocol/kết quả hợp lệ,D:\DoAn\Đồ án NLP\goemotions-multilabel-classification\data\processed\zero_shot\full\test_run_metadata.json,False,19,nervousness,164,,,,,,,,,
B,zero_shot,bart_mnli,,test,global,missing,Chưa có run full/protocol/kết quả hợp lệ,D:\DoAn\Đồ án NLP\goemotions-multilabel-classification\data\processed\zero_shot\full\test_run_metadata.json,False,20,optimism,1581,,,,,,,,,
B,zero_shot,bart_mnli,,test,global,missing,Chưa có run full/protocol/kết quả hợp lệ,D:\DoAn\Đồ án NLP\goemotions-multilabel-classification\data\processed\zero_shot\full\test_run_metadata.json,False,21,pride,111,,,,,,,,,
B,zero_shot,bart_mnli,,test,global,missing,Chưa có run full/protocol/kết quả hợp lệ,D:\DoAn\Đồ án NLP\goemotions-multilabel-classification\data\processed\zero_shot\full\test_run_metadata.json,False,22,realization,1110,,,,,,,,,
B,zero_shot,bart_mnli,,test,global,missing,Chưa có run full/protocol/kết quả hợp lệ,D:\DoAn\Đồ án NLP\goemotions-multilabel-classification\data\processed\zero_shot\full\test_run_metadata.json,False,23,relief,153,,,,,,,,,
B,zero_shot,bart_mnli,,test,global,missing,Chưa có run full/protocol/kết quả hợp lệ,D:\DoAn\Đồ án NLP\goemotions-multilabel-classification\data\processed\zero_shot\full\test_run_metadata.json,False,24,remorse,545,,,,,,,,,
B,zero_shot,bart_mnli,,test,global,missing,Chưa có run full/protocol/kết quả hợp lệ,D:\DoAn\Đồ án NLP\goemotions-multilabel-classification\data\processed\zero_shot\full\test_run_metadata.json,False,25,sadness,1326,,,,,,,,,
B,zero_shot,bart_mnli,,test,global,missing,Chưa có run full/protocol/kết quả hợp lệ,D:\DoAn\Đồ án NLP\goemotions-multilabel-classification\data\processed\zero_shot\full\test_run_metadata.json,False,26,surprise,1060,,,,,,,,,
B,zero_shot,bart_mnli,,test,global,missing,Chưa có run full/protocol/kết quả hợp lệ,D:\DoAn\Đồ án NLP\goemotions-multilabel-classification\data\processed\zero_shot\full\test_run_metadata.json,False,27,neutral,14219,,,,,,,,,
B,zero_shot,bart_mnli,,test,tuned,missing,Chưa có run full/protocol/kết quả hợp lệ,D:\DoAn\Đồ án NLP\goemotions-multilabel-classification\data\processed\zero_shot\full\test_run_metadata.json,False,0,admiration,4130,,,,,,,,,
B,zero_shot,bart_mnli,,test,tuned,missing,Chưa có run full/protocol/kết quả hợp lệ,D:\DoAn\Đồ án NLP\goemotions-multilabel-classification\data\processed\zero_shot\full\test_run_metadata.json,False,1,amusement,2328,,,,,,,,,
B,zero_shot,bart_mnli,,test,tuned,missing,Chưa có run full/protocol/kết quả hợp lệ,D:\DoAn\Đồ án NLP\goemotions-multilabel-classification\data\processed\zero_shot\full\test_run_metadata.json,False,2,anger,1567,,,,,,,,,
B,zero_shot,bart_mnli,,test,tuned,missing,Chưa có run full/protocol/kết quả hợp lệ,D:\DoAn\Đồ án NLP\goemotions-multilabel-classification\data\processed\zero_shot\full\test_run_metadata.json,False,3,annoyance,2470,,,,,,,,,
B,zero_shot,bart_mnli,,test,tuned,missing,Chưa có run full/protocol/kết quả hợp lệ,D:\DoAn\Đồ án NLP\goemotions-multilabel-classification\data\processed\zero_shot\full\test_run_metadata.json,False,4,approval,2939,,,,,,,,,
B,zero_shot,bart_mnli,,test,tuned,missing,Chưa có run full/protocol/kết quả hợp lệ,D:\DoAn\Đồ án NLP\goemotions-multilabel-classification\data\processed\zero_shot\full\test_run_metadata.json,False,5,caring,1087,,,,,,,,,
B,zero_shot,bart_mnli,,test,tuned,missing,Chưa có run full/protocol/kết quả hợp lệ,D:\DoAn\Đồ án NLP\goemotions-multilabel-classification\data\processed\zero_shot\full\test_run_metadata.json,False,6,confusion,1368,,,,,,,,,
B,zero_shot,bart_mnli,,test,tuned,missing,Chưa có run full/protocol/kết quả hợp lệ,D:\DoAn\Đồ án NLP\goemotions-multilabel-classification\data\processed\zero_shot\full\test_run_metadata.json,False,7,curiosity,2191,,,,,,,,,
B,zero_shot,bart_mnli,,test,tuned,missing,Chưa có run full/protocol/kết quả hợp lệ,D:\DoAn\Đồ án NLP\goemotions-multilabel-classification\data\processed\zero_shot\full\test_run_metadata.json,False,8,desire,641,,,,,,,,,
B,zero_shot,bart_mnli,,test,tuned,missing,Chưa có run full/protocol/kết quả hợp lệ,D:\DoAn\Đồ án NLP\goemotions-multilabel-classification\data\processed\zero_shot\full\test_run_metadata.json,False,9,disappointment,1269,,,,,,,,,
B,zero_shot,bart_mnli,,test,tuned,missing,Chưa có run full/protocol/kết quả hợp lệ,D:\DoAn\Đồ án NLP\goemotions-multilabel-classification\data\processed\zero_shot\full\test_run_metadata.json,False,10,disapproval,2022,,,,,,,,,
B,zero_shot,bart_mnli,,test,tuned,missing,Chưa có run full/protocol/kết quả hợp lệ,D:\DoAn\Đồ án NLP\goemotions-multilabel-classification\data\processed\zero_shot\full\test_run_metadata.json,False,11,disgust,793,,,,,,,,,
B,zero_shot,bart_mnli,,test,tuned,missing,Chưa có run full/protocol/kết quả hợp lệ,D:\DoAn\Đồ án NLP\goemotions-multilabel-classification\data\processed\zero_shot\full\test_run_metadata.json,False,12,embarrassment,303,,,,,,,,,
B,zero_shot,bart_mnli,,test,tuned,missing,Chưa có run full/protocol/kết quả hợp lệ,D:\DoAn\Đồ án NLP\goemotions-multilabel-classification\data\processed\zero_shot\full\test_run_metadata.json,False,13,excitement,853,,,,,,,,,
B,zero_shot,bart_mnli,,test,tuned,missing,Chưa có run full/protocol/kết quả hợp lệ,D:\DoAn\Đồ án NLP\goemotions-multilabel-classification\data\processed\zero_shot\full\test_run_metadata.json,False,14,fear,596,,,,,,,,,
B,zero_shot,bart_mnli,,test,tuned,missing,Chưa có run full/protocol/kết quả hợp lệ,D:\DoAn\Đồ án NLP\goemotions-multilabel-classification\data\processed\zero_shot\full\test_run_metadata.json,False,15,gratitude,2662,,,,,,,,,
B,zero_shot,bart_mnli,,test,tuned,missing,Chưa có run full/protocol/kết quả hợp lệ,D:\DoAn\Đồ án NLP\goemotions-multilabel-classification\data\processed\zero_shot\full\test_run_metadata.json,False,16,grief,77,,,,,,,,,
B,zero_shot,bart_mnli,,test,tuned,missing,Chưa có run full/protocol/kết quả hợp lệ,D:\DoAn\Đồ án NLP\goemotions-multilabel-classification\data\processed\zero_shot\full\test_run_metadata.json,False,17,joy,1452,,,,,,,,,
B,zero_shot,bart_mnli,,test,tuned,missing,Chưa có run full/protocol/kết quả hợp lệ,D:\DoAn\Đồ án NLP\goemotions-multilabel-classification\data\processed\zero_shot\full\test_run_metadata.json,False,18,love,2086,,,,,,,,,
B,zero_shot,bart_mnli,,test,tuned,missing,Chưa có run full/protocol/kết quả hợp lệ,D:\DoAn\Đồ án NLP\goemotions-multilabel-classification\data\processed\zero_shot\full\test_run_metadata.json,False,19,nervousness,164,,,,,,,,,
B,zero_shot,bart_mnli,,test,tuned,missing,Chưa có run full/protocol/kết quả hợp lệ,D:\DoAn\Đồ án NLP\goemotions-multilabel-classification\data\processed\zero_shot\full\test_run_metadata.json,False,20,optimism,1581,,,,,,,,,
B,zero_shot,bart_mnli,,test,tuned,missing,Chưa có run full/protocol/kết quả hợp lệ,D:\DoAn\Đồ án NLP\goemotions-multilabel-classification\data\processed\zero_shot\full\test_run_metadata.json,False,21,pride,111,,,,,,,,,
B,zero_shot,bart_mnli,,test,tuned,missing,Chưa có run full/protocol/kết quả hợp lệ,D:\DoAn\Đồ án NLP\goemotions-multilabel-classification\data\processed\zero_shot\full\test_run_metadata.json,False,22,realization,1110,,,,,,,,,
B,zero_shot,bart_mnli,,test,tuned,missing,Chưa có run full/protocol/kết quả hợp lệ,D:\DoAn\Đồ án NLP\goemotions-multilabel-classification\data\processed\zero_shot\full\test_run_metadata.json,False,23,relief,153,,,,,,,,,
B,zero_shot,bart_mnli,,test,tuned,missing,Chưa có run full/protocol/kết quả hợp lệ,D:\DoAn\Đồ án NLP\goemotions-multilabel-classification\data\processed\zero_shot\full\test_run_metadata.json,False,24,remorse,545,,,,,,,,,
B,zero_shot,bart_mnli,,test,tuned,missing,Chưa có run full/protocol/kết quả hợp lệ,D:\DoAn\Đồ án NLP\goemotions-multilabel-classification\data\processed\zero_shot\full\test_run_metadata.json,False,25,sadness,1326,,,,,,,,,
B,zero_shot,bart_mnli,,test,tuned,missing,Chưa có run full/protocol/kết quả hợp lệ,D:\DoAn\Đồ án NLP\goemotions-multilabel-classification\data\processed\zero_shot\full\test_run_metadata.json,False,26,surprise,1060,,,,,,,,,
B,zero_shot,bart_mnli,,test,tuned,missing,Chưa có run full/protocol/kết quả hợp lệ,D:\DoAn\Đồ án NLP\goemotions-multilabel-classification\data\processed\zero_shot\full\test_run_metadata.json,False,27,neutral,14219,,,,,,,,,
C,standard,bert,42.0,validation,fixed,ok,,D:\DoAn\Đồ án NLP\goemotions-multilabel-classification\data\processed\transformers\bert\seed_42\full\standard\validation_metrics.json,False,0,admiration,4130,488.0,498.0,358.0,140.0,130.0,4798.0,0.7188755020080321,0.7336065573770492,0.7261663286004056
C,standard,bert,42.0,validation,fixed,ok,,D:\DoAn\Đồ án NLP\goemotions-multilabel-classification\data\processed\transformers\bert\seed_42\full\standard\validation_metrics.json,False,1,amusement,2328,303.0,326.0,249.0,77.0,54.0,5046.0,0.7638036809815951,0.8217821782178217,0.7917329093799682
C,standard,bert,42.0,validation,fixed,ok,,D:\DoAn\Đồ án NLP\goemotions-multilabel-classification\data\processed\transformers\bert\seed_42\full\standard\validation_metrics.json,False,2,anger,1567,195.0,156.0,81.0,75.0,114.0,5156.0,0.5192307692307693,0.4153846153846154,0.46153846153846156
C,standard,bert,42.0,validation,fixed,ok,,D:\DoAn\Đồ án NLP\goemotions-multilabel-classification\data\processed\transformers\bert\seed_42\full\standard\validation_metrics.json,False,3,annoyance,2470,303.0,208.0,77.0,131.0,226.0,4992.0,0.3701923076923077,0.25412541254125415,0.3013698630136986
C,standard,bert,42.0,validation,fixed,ok,,D:\DoAn\Đồ án NLP\goemotions-multilabel-classification\data\processed\transformers\bert\seed_42\full\standard\validation_metrics.json,False,4,approval,2939,397.0,286.0,127.0,159.0,270.0,4870.0,0.44405594405594406,0.3198992443324937,0.3718887262079063
C,standard,bert,42.0,validation,fixed,ok,,D:\DoAn\Đồ án NLP\goemotions-multilabel-classification\data\processed\transformers\bert\seed_42\full\standard\validation_metrics.json,False,5,caring,1087,153.0,118.0,61.0,57.0,92.0,5216.0,0.5169491525423728,0.39869281045751637,0.45018450184501846
C,standard,bert,42.0,validation,fixed,ok,,D:\DoAn\Đồ án NLP\goemotions-multilabel-classification\data\processed\transformers\bert\seed_42\full\standard\validation_metrics.json,False,6,confusion,1368,152.0,112.0,56.0,56.0,96.0,5218.0,0.5,0.3684210526315789,0.42424242424242425
C,standard,bert,42.0,validation,fixed,ok,,D:\DoAn\Đồ án NLP\goemotions-multilabel-classification\data\processed\transformers\bert\seed_42\full\standard\validation_metrics.json,False,7,curiosity,2191,248.0,226.0,118.0,108.0,130.0,5070.0,0.5221238938053098,0.47580645161290325,0.4978902953586498
C,standard,bert,42.0,validation,fixed,ok,,D:\DoAn\Đồ án NLP\goemotions-multilabel-classification\data\processed\transformers\bert\seed_42\full\standard\validation_metrics.json,False,8,desire,641,77.0,61.0,35.0,26.0,42.0,5323.0,0.5737704918032787,0.45454545454545453,0.5072463768115942
C,standard,bert,42.0,validation,fixed,ok,,D:\DoAn\Đồ án NLP\goemotions-multilabel-classification\data\processed\transformers\bert\seed_42\full\standard\validation_metrics.json,False,9,disappointment,1269,163.0,58.0,24.0,34.0,139.0,5229.0,0.41379310344827586,0.147239263803681,0.2171945701357466
C,standard,bert,42.0,validation,fixed,ok,,D:\DoAn\Đồ án NLP\goemotions-multilabel-classification\data\processed\transformers\bert\seed_42\full\standard\validation_metrics.json,False,10,disapproval,2022,292.0,189.0,91.0,98.0,201.0,5036.0,0.48148148148148145,0.3116438356164384,0.3783783783783784
C,standard,bert,42.0,validation,fixed,ok,,D:\DoAn\Đồ án NLP\goemotions-multilabel-classification\data\processed\transformers\bert\seed_42\full\standard\validation_metrics.json,False,11,disgust,793,97.0,77.0,38.0,39.0,59.0,5290.0,0.4935064935064935,0.3917525773195876,0.4367816091954023
C,standard,bert,42.0,validation,fixed,ok,,D:\DoAn\Đồ án NLP\goemotions-multilabel-classification\data\processed\transformers\bert\seed_42\full\standard\validation_metrics.json,False,12,embarrassment,303,35.0,25.0,17.0,8.0,18.0,5383.0,0.68,0.4857142857142857,0.5666666666666667
C,standard,bert,42.0,validation,fixed,ok,,D:\DoAn\Đồ án NLP\goemotions-multilabel-classification\data\processed\transformers\bert\seed_42\full\standard\validation_metrics.json,False,13,excitement,853,96.0,58.0,27.0,31.0,69.0,5299.0,0.46551724137931033,0.28125,0.35064935064935066
C,standard,bert,42.0,validation,fixed,ok,,D:\DoAn\Đồ án NLP\goemotions-multilabel-classification\data\processed\transformers\bert\seed_42\full\standard\validation_metrics.json,False,14,fear,596,90.0,65.0,50.0,15.0,40.0,5321.0,0.7692307692307693,0.5555555555555556,0.6451612903225806
C,standard,bert,42.0,validation,fixed,ok,,D:\DoAn\Đồ án NLP\goemotions-multilabel-classification\data\processed\transformers\bert\seed_42\full\standard\validation_metrics.json,False,15,gratitude,2662,358.0,347.0,317.0,30.0,41.0,5038.0,0.9135446685878963,0.8854748603351955,0.8992907801418439
C,standard,bert,42.0,validation,fixed,ok,,D:\DoAn\Đồ án NLP\goemotions-multilabel-classification\data\processed\transformers\bert\seed_42\full\standard\validation_metrics.json,False,16,grief,77,13.0,0.0,0.0,0.0,13.0,5413.0,0.0,0.0,0.0
C,standard,bert,42.0,validation,fixed,ok,,D:\DoAn\Đồ án NLP\goemotions-multilabel-classification\data\processed\transformers\bert\seed_42\full\standard\validation_metrics.json,False,17,joy,1452,172.0,125.0,79.0,46.0,93.0,5208.0,0.632,0.45930232558139533,0.531986531986532
C,standard,bert,42.0,validation,fixed,ok,,D:\DoAn\Đồ án NLP\goemotions-multilabel-classification\data\processed\transformers\bert\seed_42\full\standard\validation_metrics.json,False,18,love,2086,252.0,289.0,209.0,80.0,43.0,5094.0,0.7231833910034602,0.8293650793650794,0.7726432532347505
C,standard,bert,42.0,validation,fixed,ok,,D:\DoAn\Đồ án NLP\goemotions-multilabel-classification\data\processed\transformers\bert\seed_42\full\standard\validation_metrics.json,False,19,nervousness,164,21.0,10.0,6.0,4.0,15.0,5401.0,0.6,0.2857142857142857,0.3870967741935484
C,standard,bert,42.0,validation,fixed,ok,,D:\DoAn\Đồ án NLP\goemotions-multilabel-classification\data\processed\transformers\bert\seed_42\full\standard\validation_metrics.json,False,20,optimism,1581,209.0,187.0,114.0,73.0,95.0,5144.0,0.6096256684491979,0.5454545454545454,0.5757575757575758
C,standard,bert,42.0,validation,fixed,ok,,D:\DoAn\Đồ án NLP\goemotions-multilabel-classification\data\processed\transformers\bert\seed_42\full\standard\validation_metrics.json,False,21,pride,111,15.0,0.0,0.0,0.0,15.0,5411.0,0.0,0.0,0.0
C,standard,bert,42.0,validation,fixed,ok,,D:\DoAn\Đồ án NLP\goemotions-multilabel-classification\data\processed\transformers\bert\seed_42\full\standard\validation_metrics.json,False,22,realization,1110,127.0,75.0,29.0,46.0,98.0,5253.0,0.38666666666666666,0.2283464566929134,0.2871287128712871
C,standard,bert,42.0,validation,fixed,ok,,D:\DoAn\Đồ án NLP\goemotions-multilabel-classification\data\processed\transformers\bert\seed_42\full\standard\validation_metrics.json,False,23,relief,153,18.0,0.0,0.0,0.0,18.0,5408.0,0.0,0.0,0.0
C,standard,bert,42.0,validation,fixed,ok,,D:\DoAn\Đồ án NLP\goemotions-multilabel-classification\data\processed\transformers\bert\seed_42\full\standard\validation_metrics.json,False,24,remorse,545,68.0,67.0,45.0,22.0,23.0,5336.0,0.6716417910447762,0.6617647058823529,0.6666666666666666
C,standard,bert,42.0,validation,fixed,ok,,D:\DoAn\Đồ án NLP\goemotions-multilabel-classification\data\processed\transformers\bert\seed_42\full\standard\validation_metrics.json,False,25,sadness,1326,143.0,133.0,79.0,54.0,64.0,5229.0,0.5939849624060151,0.5524475524475524,0.572463768115942
C,standard,bert,42.0,validation,fixed,ok,,D:\DoAn\Đồ án NLP\goemotions-multilabel-classification\data\processed\transformers\bert\seed_42\full\standard\validation_metrics.json,False,26,surprise,1060,129.0,126.0,71.0,55.0,58.0,5242.0,0.5634920634920635,0.5503875968992248,0.5568627450980392
C,standard,bert,42.0,validation,fixed,ok,,D:\DoAn\Đồ án NLP\goemotions-multilabel-classification\data\processed\transformers\bert\seed_42\full\standard\validation_metrics.json,False,27,neutral,14219,1766.0,1545.0,1025.0,520.0,741.0,3140.0,0.6634304207119741,0.5804077010192525,0.6191482935668983
C,standard,bert,42.0,validation,global,missing,Chưa có run full/protocol/kết quả hợp lệ,D:\DoAn\Đồ án NLP\goemotions-multilabel-classification\data\processed\transformers\bert\seed_42\full\standard\final_protocol.json,True,0,admiration,4130,,,,,,,,,
C,standard,bert,42.0,validation,global,missing,Chưa có run full/protocol/kết quả hợp lệ,D:\DoAn\Đồ án NLP\goemotions-multilabel-classification\data\processed\transformers\bert\seed_42\full\standard\final_protocol.json,True,1,amusement,2328,,,,,,,,,
C,standard,bert,42.0,validation,global,missing,Chưa có run full/protocol/kết quả hợp lệ,D:\DoAn\Đồ án NLP\goemotions-multilabel-classification\data\processed\transformers\bert\seed_42\full\standard\final_protocol.json,True,2,anger,1567,,,,,,,,,
C,standard,bert,42.0,validation,global,missing,Chưa có run full/protocol/kết quả hợp lệ,D:\DoAn\Đồ án NLP\goemotions-multilabel-classification\data\processed\transformers\bert\seed_42\full\standard\final_protocol.json,True,3,annoyance,2470,,,,,,,,,
C,standard,bert,42.0,validation,global,missing,Chưa có run full/protocol/kết quả hợp lệ,D:\DoAn\Đồ án NLP\goemotions-multilabel-classification\data\processed\transformers\bert\seed_42\full\standard\final_protocol.json,True,4,approval,2939,,,,,,,,,
C,standard,bert,42.0,validation,global,missing,Chưa có run full/protocol/kết quả hợp lệ,D:\DoAn\Đồ án NLP\goemotions-multilabel-classification\data\processed\transformers\bert\seed_42\full\standard\final_protocol.json,True,5,caring,1087,,,,,,,,,
C,standard,bert,42.0,validation,global,missing,Chưa có run full/protocol/kết quả hợp lệ,D:\DoAn\Đồ án NLP\goemotions-multilabel-classification\data\processed\transformers\bert\seed_42\full\standard\final_protocol.json,True,6,confusion,1368,,,,,,,,,
C,standard,bert,42.0,validation,global,missing,Chưa có run full/protocol/kết quả hợp lệ,D:\DoAn\Đồ án NLP\goemotions-multilabel-classification\data\processed\transformers\bert\seed_42\full\standard\final_protocol.json,True,7,curiosity,2191,,,,,,,,,
C,standard,bert,42.0,validation,global,missing,Chưa có run full/protocol/kết quả hợp lệ,D:\DoAn\Đồ án NLP\goemotions-multilabel-classification\data\processed\transformers\bert\seed_42\full\standard\final_protocol.json,True,8,desire,641,,,,,,,,,
C,standard,bert,42.0,validation,global,missing,Chưa có run full/protocol/kết quả hợp lệ,D:\DoAn\Đồ án NLP\goemotions-multilabel-classification\data\processed\transformers\bert\seed_42\full\standard\final_protocol.json,True,9,disappointment,1269,,,,,,,,,
C,standard,bert,42.0,validation,global,missing,Chưa có run full/protocol/kết quả hợp lệ,D:\DoAn\Đồ án NLP\goemotions-multilabel-classification\data\processed\transformers\bert\seed_42\full\standard\final_protocol.json,True,10,disapproval,2022,,,,,,,,,
C,standard,bert,42.0,validation,global,missing,Chưa có run full/protocol/kết quả hợp lệ,D:\DoAn\Đồ án NLP\goemotions-multilabel-classification\data\processed\transformers\bert\seed_42\full\standard\final_protocol.json,True,11,disgust,793,,,,,,,,,
C,standard,bert,42.0,validation,global,missing,Chưa có run full/protocol/kết quả hợp lệ,D:\DoAn\Đồ án NLP\goemotions-multilabel-classification\data\processed\transformers\bert\seed_42\full\standard\final_protocol.json,True,12,embarrassment,303,,,,,,,,,
C,standard,bert,42.0,validation,global,missing,Chưa có run full/protocol/kết quả hợp lệ,D:\DoAn\Đồ án NLP\goemotions-multilabel-classification\data\processed\transformers\bert\seed_42\full\standard\final_protocol.json,True,13,excitement,853,,,,,,,,,
C,standard,bert,42.0,validation,global,missing,Chưa có run full/protocol/kết quả hợp lệ,D:\DoAn\Đồ án NLP\goemotions-multilabel-classification\data\processed\transformers\bert\seed_42\full\standard\final_protocol.json,True,14,fear,596,,,,,,,,,
C,standard,bert,42.0,validation,global,missing,Chưa có run full/protocol/kết quả hợp lệ,D:\DoAn\Đồ án NLP\goemotions-multilabel-classification\data\processed\transformers\bert\seed_42\full\standard\final_protocol.json,True,15,gratitude,2662,,,,,,,,,
C,standard,bert,42.0,validation,global,missing,Chưa có run full/protocol/kết quả hợp lệ,D:\DoAn\Đồ án NLP\goemotions-multilabel-classification\data\processed\transformers\bert\seed_42\full\standard\final_protocol.json,True,16,grief,77,,,,,,,,,
C,standard,bert,42.0,validation,global,missing,Chưa có run full/protocol/kết quả hợp lệ,D:\DoAn\Đồ án NLP\goemotions-multilabel-classification\data\processed\transformers\bert\seed_42\full\standard\final_protocol.json,True,17,joy,1452,,,,,,,,,
C,standard,bert,42.0,validation,global,missing,Chưa có run full/protocol/kết quả hợp lệ,D:\DoAn\Đồ án NLP\goemotions-multilabel-classification\data\processed\transformers\bert\seed_42\full\standard\final_protocol.json,True,18,love,2086,,,,,,,,,
C,standard,bert,42.0,validation,global,missing,Chưa có run full/protocol/kết quả hợp lệ,D:\DoAn\Đồ án NLP\goemotions-multilabel-classification\data\processed\transformers\bert\seed_42\full\standard\final_protocol.json,True,19,nervousness,164,,,,,,,,,
C,standard,bert,42.0,validation,global,missing,Chưa có run full/protocol/kết quả hợp lệ,D:\DoAn\Đồ án NLP\goemotions-multilabel-classification\data\processed\transformers\bert\seed_42\full\standard\final_protocol.json,True,20,optimism,1581,,,,,,,,,
C,standard,bert,42.0,validation,global,missing,Chưa có run full/protocol/kết quả hợp lệ,D:\DoAn\Đồ án NLP\goemotions-multilabel-classification\data\processed\transformers\bert\seed_42\full\standard\final_protocol.json,True,21,pride,111,,,,,,,,,
C,standard,bert,42.0,validation,global,missing,Chưa có run full/protocol/kết quả hợp lệ,D:\DoAn\Đồ án NLP\goemotions-multilabel-classification\data\processed\transformers\bert\seed_42\full\standard\final_protocol.json,True,22,realization,1110,,,,,,,,,
C,standard,bert,42.0,validation,global,missing,Chưa có run full/protocol/kết quả hợp lệ,D:\DoAn\Đồ án NLP\goemotions-multilabel-classification\data\processed\transformers\bert\seed_42\full\standard\final_protocol.json,True,23,relief,153,,,,,,,,,
C,standard,bert,42.0,validation,global,missing,Chưa có run full/protocol/kết quả hợp lệ,D:\DoAn\Đồ án NLP\goemotions-multilabel-classification\data\processed\transformers\bert\seed_42\full\standard\final_protocol.json,True,24,remorse,545,,,,,,,,,
C,standard,bert,42.0,validation,global,missing,Chưa có run full/protocol/kết quả hợp lệ,D:\DoAn\Đồ án NLP\goemotions-multilabel-classification\data\processed\transformers\bert\seed_42\full\standard\final_protocol.json,True,25,sadness,1326,,,,,,,,,
C,standard,bert,42.0,validation,global,missing,Chưa có run full/protocol/kết quả hợp lệ,D:\DoAn\Đồ án NLP\goemotions-multilabel-classification\data\processed\transformers\bert\seed_42\full\standard\final_protocol.json,True,26,surprise,1060,,,,,,,,,
C,standard,bert,42.0,validation,global,missing,Chưa có run full/protocol/kết quả hợp lệ,D:\DoAn\Đồ án NLP\goemotions-multilabel-classification\data\processed\transformers\bert\seed_42\full\standard\final_protocol.json,True,27,neutral,14219,,,,,,,,,
C,standard,bert,42.0,validation,tuned,missing,Chưa có run full/protocol/kết quả hợp lệ,D:\DoAn\Đồ án NLP\goemotions-multilabel-classification\data\processed\transformers\bert\seed_42\full\standard\final_protocol.json,True,0,admiration,4130,,,,,,,,,
C,standard,bert,42.0,validation,tuned,missing,Chưa có run full/protocol/kết quả hợp lệ,D:\DoAn\Đồ án NLP\goemotions-multilabel-classification\data\processed\transformers\bert\seed_42\full\standard\final_protocol.json,True,1,amusement,2328,,,,,,,,,
C,standard,bert,42.0,validation,tuned,missing,Chưa có run full/protocol/kết quả hợp lệ,D:\DoAn\Đồ án NLP\goemotions-multilabel-classification\data\processed\transformers\bert\seed_42\full\standard\final_protocol.json,True,2,anger,1567,,,,,,,,,
C,standard,bert,42.0,validation,tuned,missing,Chưa có run full/protocol/kết quả hợp lệ,D:\DoAn\Đồ án NLP\goemotions-multilabel-classification\data\processed\transformers\bert\seed_42\full\standard\final_protocol.json,True,3,annoyance,2470,,,,,,,,,
C,standard,bert,42.0,validation,tuned,missing,Chưa có run full/protocol/kết quả hợp lệ,D:\DoAn\Đồ án NLP\goemotions-multilabel-classification\data\processed\transformers\bert\seed_42\full\standard\final_protocol.json,True,4,approval,2939,,,,,,,,,
C,standard,bert,42.0,validation,tuned,missing,Chưa có run full/protocol/kết quả hợp lệ,D:\DoAn\Đồ án NLP\goemotions-multilabel-classification\data\processed\transformers\bert\seed_42\full\standard\final_protocol.json,True,5,caring,1087,,,,,,,,,
C,standard,bert,42.0,validation,tuned,missing,Chưa có run full/protocol/kết quả hợp lệ,D:\DoAn\Đồ án NLP\goemotions-multilabel-classification\data\processed\transformers\bert\seed_42\full\standard\final_protocol.json,True,6,confusion,1368,,,,,,,,,
C,standard,bert,42.0,validation,tuned,missing,Chưa có run full/protocol/kết quả hợp lệ,D:\DoAn\Đồ án NLP\goemotions-multilabel-classification\data\processed\transformers\bert\seed_42\full\standard\final_protocol.json,True,7,curiosity,2191,,,,,,,,,
C,standard,bert,42.0,validation,tuned,missing,Chưa có run full/protocol/kết quả hợp lệ,D:\DoAn\Đồ án NLP\goemotions-multilabel-classification\data\processed\transformers\bert\seed_42\full\standard\final_protocol.json,True,8,desire,641,,,,,,,,,
C,standard,bert,42.0,validation,tuned,missing,Chưa có run full/protocol/kết quả hợp lệ,D:\DoAn\Đồ án NLP\goemotions-multilabel-classification\data\processed\transformers\bert\seed_42\full\standard\final_protocol.json,True,9,disappointment,1269,,,,,,,,,
C,standard,bert,42.0,validation,tuned,missing,Chưa có run full/protocol/kết quả hợp lệ,D:\DoAn\Đồ án NLP\goemotions-multilabel-classification\data\processed\transformers\bert\seed_42\full\standard\final_protocol.json,True,10,disapproval,2022,,,,,,,,,
C,standard,bert,42.0,validation,tuned,missing,Chưa có run full/protocol/kết quả hợp lệ,D:\DoAn\Đồ án NLP\goemotions-multilabel-classification\data\processed\transformers\bert\seed_42\full\standard\final_protocol.json,True,11,disgust,793,,,,,,,,,
C,standard,bert,42.0,validation,tuned,missing,Chưa có run full/protocol/kết quả hợp lệ,D:\DoAn\Đồ án NLP\goemotions-multilabel-classification\data\processed\transformers\bert\seed_42\full\standard\final_protocol.json,True,12,embarrassment,303,,,,,,,,,
C,standard,bert,42.0,validation,tuned,missing,Chưa có run full/protocol/kết quả hợp lệ,D:\DoAn\Đồ án NLP\goemotions-multilabel-classification\data\processed\transformers\bert\seed_42\full\standard\final_protocol.json,True,13,excitement,853,,,,,,,,,
C,standard,bert,42.0,validation,tuned,missing,Chưa có run full/protocol/kết quả hợp lệ,D:\DoAn\Đồ án NLP\goemotions-multilabel-classification\data\processed\transformers\bert\seed_42\full\standard\final_protocol.json,True,14,fear,596,,,,,,,,,
C,standard,bert,42.0,validation,tuned,missing,Chưa có run full/protocol/kết quả hợp lệ,D:\DoAn\Đồ án NLP\goemotions-multilabel-classification\data\processed\transformers\bert\seed_42\full\standard\final_protocol.json,True,15,gratitude,2662,,,,,,,,,
C,standard,bert,42.0,validation,tuned,missing,Chưa có run full/protocol/kết quả hợp lệ,D:\DoAn\Đồ án NLP\goemotions-multilabel-classification\data\processed\transformers\bert\seed_42\full\standard\final_protocol.json,True,16,grief,77,,,,,,,,,
C,standard,bert,42.0,validation,tuned,missing,Chưa có run full/protocol/kết quả hợp lệ,D:\DoAn\Đồ án NLP\goemotions-multilabel-classification\data\processed\transformers\bert\seed_42\full\standard\final_protocol.json,True,17,joy,1452,,,,,,,,,
C,standard,bert,42.0,validation,tuned,missing,Chưa có run full/protocol/kết quả hợp lệ,D:\DoAn\Đồ án NLP\goemotions-multilabel-classification\data\processed\transformers\bert\seed_42\full\standard\final_protocol.json,True,18,love,2086,,,,,,,,,
C,standard,bert,42.0,validation,tuned,missing,Chưa có run full/protocol/kết quả hợp lệ,D:\DoAn\Đồ án NLP\goemotions-multilabel-classification\data\processed\transformers\bert\seed_42\full\standard\final_protocol.json,True,19,nervousness,164,,,,,,,,,
C,standard,bert,42.0,validation,tuned,missing,Chưa có run full/protocol/kết quả hợp lệ,D:\DoAn\Đồ án NLP\goemotions-multilabel-classification\data\processed\transformers\bert\seed_42\full\standard\final_protocol.json,True,20,optimism,1581,,,,,,,,,
C,standard,bert,42.0,validation,tuned,missing,Chưa có run full/protocol/kết quả hợp lệ,D:\DoAn\Đồ án NLP\goemotions-multilabel-classification\data\processed\transformers\bert\seed_42\full\standard\final_protocol.json,True,21,pride,111,,,,,,,,,
C,standard,bert,42.0,validation,tuned,missing,Chưa có run full/protocol/kết quả hợp lệ,D:\DoAn\Đồ án NLP\goemotions-multilabel-classification\data\processed\transformers\bert\seed_42\full\standard\final_protocol.json,True,22,realization,1110,,,,,,,,,
C,standard,bert,42.0,validation,tuned,missing,Chưa có run full/protocol/kết quả hợp lệ,D:\DoAn\Đồ án NLP\goemotions-multilabel-classification\data\processed\transformers\bert\seed_42\full\standard\final_protocol.json,True,23,relief,153,,,,,,,,,
C,standard,bert,42.0,validation,tuned,missing,Chưa có run full/protocol/kết quả hợp lệ,D:\DoAn\Đồ án NLP\goemotions-multilabel-classification\data\processed\transformers\bert\seed_42\full\standard\final_protocol.json,True,24,remorse,545,,,,,,,,,
C,standard,bert,42.0,validation,tuned,missing,Chưa có run full/protocol/kết quả hợp lệ,D:\DoAn\Đồ án NLP\goemotions-multilabel-classification\data\processed\transformers\bert\seed_42\full\standard\final_protocol.json,True,25,sadness,1326,,,,,,,,,
C,standard,bert,42.0,validation,tuned,missing,Chưa có run full/protocol/kết quả hợp lệ,D:\DoAn\Đồ án NLP\goemotions-multilabel-classification\data\processed\transformers\bert\seed_42\full\standard\final_protocol.json,True,26,surprise,1060,,,,,,,,,
C,standard,bert,42.0,validation,tuned,missing,Chưa có run full/protocol/kết quả hợp lệ,D:\DoAn\Đồ án NLP\goemotions-multilabel-classification\data\processed\transformers\bert\seed_42\full\standard\final_protocol.json,True,27,neutral,14219,,,,,,,,,
C,standard,bert,42.0,test,fixed,missing,Chưa có run full/protocol/kết quả hợp lệ,D:\DoAn\Đồ án NLP\goemotions-multilabel-classification\data\processed\transformers\bert\seed_42\full\standard\test_results.json,False,0,admiration,4130,,,,,,,,,
C,standard,bert,42.0,test,fixed,missing,Chưa có run full/protocol/kết quả hợp lệ,D:\DoAn\Đồ án NLP\goemotions-multilabel-classification\data\processed\transformers\bert\seed_42\full\standard\test_results.json,False,1,amusement,2328,,,,,,,,,
C,standard,bert,42.0,test,fixed,missing,Chưa có run full/protocol/kết quả hợp lệ,D:\DoAn\Đồ án NLP\goemotions-multilabel-classification\data\processed\transformers\bert\seed_42\full\standard\test_results.json,False,2,anger,1567,,,,,,,,,
C,standard,bert,42.0,test,fixed,missing,Chưa có run full/protocol/kết quả hợp lệ,D:\DoAn\Đồ án NLP\goemotions-multilabel-classification\data\processed\transformers\bert\seed_42\full\standard\test_results.json,False,3,annoyance,2470,,,,,,,,,
C,standard,bert,42.0,test,fixed,missing,Chưa có run full/protocol/kết quả hợp lệ,D:\DoAn\Đồ án NLP\goemotions-multilabel-classification\data\processed\transformers\bert\seed_42\full\standard\test_results.json,False,4,approval,2939,,,,,,,,,
C,standard,bert,42.0,test,fixed,missing,Chưa có run full/protocol/kết quả hợp lệ,D:\DoAn\Đồ án NLP\goemotions-multilabel-classification\data\processed\transformers\bert\seed_42\full\standard\test_results.json,False,5,caring,1087,,,,,,,,,
C,standard,bert,42.0,test,fixed,missing,Chưa có run full/protocol/kết quả hợp lệ,D:\DoAn\Đồ án NLP\goemotions-multilabel-classification\data\processed\transformers\bert\seed_42\full\standard\test_results.json,False,6,confusion,1368,,,,,,,,,
C,standard,bert,42.0,test,fixed,missing,Chưa có run full/protocol/kết quả hợp lệ,D:\DoAn\Đồ án NLP\goemotions-multilabel-classification\data\processed\transformers\bert\seed_42\full\standard\test_results.json,False,7,curiosity,2191,,,,,,,,,
C,standard,bert,42.0,test,fixed,missing,Chưa có run full/protocol/kết quả hợp lệ,D:\DoAn\Đồ án NLP\goemotions-multilabel-classification\data\processed\transformers\bert\seed_42\full\standard\test_results.json,False,8,desire,641,,,,,,,,,
C,standard,bert,42.0,test,fixed,missing,Chưa có run full/protocol/kết quả hợp lệ,D:\DoAn\Đồ án NLP\goemotions-multilabel-classification\data\processed\transformers\bert\seed_42\full\standard\test_results.json,False,9,disappointment,1269,,,,,,,,,
C,standard,bert,42.0,test,fixed,missing,Chưa có run full/protocol/kết quả hợp lệ,D:\DoAn\Đồ án NLP\goemotions-multilabel-classification\data\processed\transformers\bert\seed_42\full\standard\test_results.json,False,10,disapproval,2022,,,,,,,,,
C,standard,bert,42.0,test,fixed,missing,Chưa có run full/protocol/kết quả hợp lệ,D:\DoAn\Đồ án NLP\goemotions-multilabel-classification\data\processed\transformers\bert\seed_42\full\standard\test_results.json,False,11,disgust,793,,,,,,,,,
C,standard,bert,42.0,test,fixed,missing,Chưa có run full/protocol/kết quả hợp lệ,D:\DoAn\Đồ án NLP\goemotions-multilabel-classification\data\processed\transformers\bert\seed_42\full\standard\test_results.json,False,12,embarrassment,303,,,,,,,,,
C,standard,bert,42.0,test,fixed,missing,Chưa có run full/protocol/kết quả hợp lệ,D:\DoAn\Đồ án NLP\goemotions-multilabel-classification\data\processed\transformers\bert\seed_42\full\standard\test_results.json,False,13,excitement,853,,,,,,,,,
C,standard,bert,42.0,test,fixed,missing,Chưa có run full/protocol/kết quả hợp lệ,D:\DoAn\Đồ án NLP\goemotions-multilabel-classification\data\processed\transformers\bert\seed_42\full\standard\test_results.json,False,14,fear,596,,,,,,,,,
C,standard,bert,42.0,test,fixed,missing,Chưa có run full/protocol/kết quả hợp lệ,D:\DoAn\Đồ án NLP\goemotions-multilabel-classification\data\processed\transformers\bert\seed_42\full\standard\test_results.json,False,15,gratitude,2662,,,,,,,,,
C,standard,bert,42.0,test,fixed,missing,Chưa có run full/protocol/kết quả hợp lệ,D:\DoAn\Đồ án NLP\goemotions-multilabel-classification\data\processed\transformers\bert\seed_42\full\standard\test_results.json,False,16,grief,77,,,,,,,,,
C,standard,bert,42.0,test,fixed,missing,Chưa có run full/protocol/kết quả hợp lệ,D:\DoAn\Đồ án NLP\goemotions-multilabel-classification\data\processed\transformers\bert\seed_42\full\standard\test_results.json,False,17,joy,1452,,,,,,,,,
C,standard,bert,42.0,test,fixed,missing,Chưa có run full/protocol/kết quả hợp lệ,D:\DoAn\Đồ án NLP\goemotions-multilabel-classification\data\processed\transformers\bert\seed_42\full\standard\test_results.json,False,18,love,2086,,,,,,,,,
C,standard,bert,42.0,test,fixed,missing,Chưa có run full/protocol/kết quả hợp lệ,D:\DoAn\Đồ án NLP\goemotions-multilabel-classification\data\processed\transformers\bert\seed_42\full\standard\test_results.json,False,19,nervousness,164,,,,,,,,,
C,standard,bert,42.0,test,fixed,missing,Chưa có run full/protocol/kết quả hợp lệ,D:\DoAn\Đồ án NLP\goemotions-multilabel-classification\data\processed\transformers\bert\seed_42\full\standard\test_results.json,False,20,optimism,1581,,,,,,,,,
C,standard,bert,42.0,test,fixed,missing,Chưa có run full/protocol/kết quả hợp lệ,D:\DoAn\Đồ án NLP\goemotions-multilabel-classification\data\processed\transformers\bert\seed_42\full\standard\test_results.json,False,21,pride,111,,,,,,,,,
C,standard,bert,42.0,test,fixed,missing,Chưa có run full/protocol/kết quả hợp lệ,D:\DoAn\Đồ án NLP\goemotions-multilabel-classification\data\processed\transformers\bert\seed_42\full\standard\test_results.json,False,22,realization,1110,,,,,,,,,
C,standard,bert,42.0,test,fixed,missing,Chưa có run full/protocol/kết quả hợp lệ,D:\DoAn\Đồ án NLP\goemotions-multilabel-classification\data\processed\transformers\bert\seed_42\full\standard\test_results.json,False,23,relief,153,,,,,,,,,
C,standard,bert,42.0,test,fixed,missing,Chưa có run full/protocol/kết quả hợp lệ,D:\DoAn\Đồ án NLP\goemotions-multilabel-classification\data\processed\transformers\bert\seed_42\full\standard\test_results.json,False,24,remorse,545,,,,,,,,,
C,standard,bert,42.0,test,fixed,missing,Chưa có run full/protocol/kết quả hợp lệ,D:\DoAn\Đồ án NLP\goemotions-multilabel-classification\data\processed\transformers\bert\seed_42\full\standard\test_results.json,False,25,sadness,1326,,,,,,,,,
C,standard,bert,42.0,test,fixed,missing,Chưa có run full/protocol/kết quả hợp lệ,D:\DoAn\Đồ án NLP\goemotions-multilabel-classification\data\processed\transformers\bert\seed_42\full\standard\test_results.json,False,26,surprise,1060,,,,,,,,,
C,standard,bert,42.0,test,fixed,missing,Chưa có run full/protocol/kết quả hợp lệ,D:\DoAn\Đồ án NLP\goemotions-multilabel-classification\data\processed\transformers\bert\seed_42\full\standard\test_results.json,False,27,neutral,14219,,,,,,,,,
C,standard,bert,42.0,test,global,missing,Chưa có run full/protocol/kết quả hợp lệ,D:\DoAn\Đồ án NLP\goemotions-multilabel-classification\data\processed\transformers\bert\seed_42\full\standard\test_results.json,False,0,admiration,4130,,,,,,,,,
C,standard,bert,42.0,test,global,missing,Chưa có run full/protocol/kết quả hợp lệ,D:\DoAn\Đồ án NLP\goemotions-multilabel-classification\data\processed\transformers\bert\seed_42\full\standard\test_results.json,False,1,amusement,2328,,,,,,,,,
C,standard,bert,42.0,test,global,missing,Chưa có run full/protocol/kết quả hợp lệ,D:\DoAn\Đồ án NLP\goemotions-multilabel-classification\data\processed\transformers\bert\seed_42\full\standard\test_results.json,False,2,anger,1567,,,,,,,,,
C,standard,bert,42.0,test,global,missing,Chưa có run full/protocol/kết quả hợp lệ,D:\DoAn\Đồ án NLP\goemotions-multilabel-classification\data\processed\transformers\bert\seed_42\full\standard\test_results.json,False,3,annoyance,2470,,,,,,,,,
C,standard,bert,42.0,test,global,missing,Chưa có run full/protocol/kết quả hợp lệ,D:\DoAn\Đồ án NLP\goemotions-multilabel-classification\data\processed\transformers\bert\seed_42\full\standard\test_results.json,False,4,approval,2939,,,,,,,,,
C,standard,bert,42.0,test,global,missing,Chưa có run full/protocol/kết quả hợp lệ,D:\DoAn\Đồ án NLP\goemotions-multilabel-classification\data\processed\transformers\bert\seed_42\full\standard\test_results.json,False,5,caring,1087,,,,,,,,,
C,standard,bert,42.0,test,global,missing,Chưa có run full/protocol/kết quả hợp lệ,D:\DoAn\Đồ án NLP\goemotions-multilabel-classification\data\processed\transformers\bert\seed_42\full\standard\test_results.json,False,6,confusion,1368,,,,,,,,,
C,standard,bert,42.0,test,global,missing,Chưa có run full/protocol/kết quả hợp lệ,D:\DoAn\Đồ án NLP\goemotions-multilabel-classification\data\processed\transformers\bert\seed_42\full\standard\test_results.json,False,7,curiosity,2191,,,,,,,,,
C,standard,bert,42.0,test,global,missing,Chưa có run full/protocol/kết quả hợp lệ,D:\DoAn\Đồ án NLP\goemotions-multilabel-classification\data\processed\transformers\bert\seed_42\full\standard\test_results.json,False,8,desire,641,,,,,,,,,
C,standard,bert,42.0,test,global,missing,Chưa có run full/protocol/kết quả hợp lệ,D:\DoAn\Đồ án NLP\goemotions-multilabel-classification\data\processed\transformers\bert\seed_42\full\standard\test_results.json,False,9,disappointment,1269,,,,,,,,,
C,standard,bert,42.0,test,global,missing,Chưa có run full/protocol/kết quả hợp lệ,D:\DoAn\Đồ án NLP\goemotions-multilabel-classification\data\processed\transformers\bert\seed_42\full\standard\test_results.json,False,10,disapproval,2022,,,,,,,,,
C,standard,bert,42.0,test,global,missing,Chưa có run full/protocol/kết quả hợp lệ,D:\DoAn\Đồ án NLP\goemotions-multilabel-classification\data\processed\transformers\bert\seed_42\full\standard\test_results.json,False,11,disgust,793,,,,,,,,,
C,standard,bert,42.0,test,global,missing,Chưa có run full/protocol/kết quả hợp lệ,D:\DoAn\Đồ án NLP\goemotions-multilabel-classification\data\processed\transformers\bert\seed_42\full\standard\test_results.json,False,12,embarrassment,303,,,,,,,,,
C,standard,bert,42.0,test,global,missing,Chưa có run full/protocol/kết quả hợp lệ,D:\DoAn\Đồ án NLP\goemotions-multilabel-classification\data\processed\transformers\bert\seed_42\full\standard\test_results.json,False,13,excitement,853,,,,,,,,,
C,standard,bert,42.0,test,global,missing,Chưa có run full/protocol/kết quả hợp lệ,D:\DoAn\Đồ án NLP\goemotions-multilabel-classification\data\processed\transformers\bert\seed_42\full\standard\test_results.json,False,14,fear,596,,,,,,,,,
C,standard,bert,42.0,test,global,missing,Chưa có run full/protocol/kết quả hợp lệ,D:\DoAn\Đồ án NLP\goemotions-multilabel-classification\data\processed\transformers\bert\seed_42\full\standard\test_results.json,False,15,gratitude,2662,,,,,,,,,
C,standard,bert,42.0,test,global,missing,Chưa có run full/protocol/kết quả hợp lệ,D:\DoAn\Đồ án NLP\goemotions-multilabel-classification\data\processed\transformers\bert\seed_42\full\standard\test_results.json,False,16,grief,77,,,,,,,,,
C,standard,bert,42.0,test,global,missing,Chưa có run full/protocol/kết quả hợp lệ,D:\DoAn\Đồ án NLP\goemotions-multilabel-classification\data\processed\transformers\bert\seed_42\full\standard\test_results.json,False,17,joy,1452,,,,,,,,,
C,standard,bert,42.0,test,global,missing,Chưa có run full/protocol/kết quả hợp lệ,D:\DoAn\Đồ án NLP\goemotions-multilabel-classification\data\processed\transformers\bert\seed_42\full\standard\test_results.json,False,18,love,2086,,,,,,,,,
C,standard,bert,42.0,test,global,missing,Chưa có run full/protocol/kết quả hợp lệ,D:\DoAn\Đồ án NLP\goemotions-multilabel-classification\data\processed\transformers\bert\seed_42\full\standard\test_results.json,False,19,nervousness,164,,,,,,,,,
C,standard,bert,42.0,test,global,missing,Chưa có run full/protocol/kết quả hợp lệ,D:\DoAn\Đồ án NLP\goemotions-multilabel-classification\data\processed\transformers\bert\seed_42\full\standard\test_results.json,False,20,optimism,1581,,,,,,,,,
C,standard,bert,42.0,test,global,missing,Chưa có run full/protocol/kết quả hợp lệ,D:\DoAn\Đồ án NLP\goemotions-multilabel-classification\data\processed\transformers\bert\seed_42\full\standard\test_results.json,False,21,pride,111,,,,,,,,,
C,standard,bert,42.0,test,global,missing,Chưa có run full/protocol/kết quả hợp lệ,D:\DoAn\Đồ án NLP\goemotions-multilabel-classification\data\processed\transformers\bert\seed_42\full\standard\test_results.json,False,22,realization,1110,,,,,,,,,
C,standard,bert,42.0,test,global,missing,Chưa có run full/protocol/kết quả hợp lệ,D:\DoAn\Đồ án NLP\goemotions-multilabel-classification\data\processed\transformers\bert\seed_42\full\standard\test_results.json,False,23,relief,153,,,,,,,,,
C,standard,bert,42.0,test,global,missing,Chưa có run full/protocol/kết quả hợp lệ,D:\DoAn\Đồ án NLP\goemotions-multilabel-classification\data\processed\transformers\bert\seed_42\full\standard\test_results.json,False,24,remorse,545,,,,,,,,,
C,standard,bert,42.0,test,global,missing,Chưa có run full/protocol/kết quả hợp lệ,D:\DoAn\Đồ án NLP\goemotions-multilabel-classification\data\processed\transformers\bert\seed_42\full\standard\test_results.json,False,25,sadness,1326,,,,,,,,,
C,standard,bert,42.0,test,global,missing,Chưa có run full/protocol/kết quả hợp lệ,D:\DoAn\Đồ án NLP\goemotions-multilabel-classification\data\processed\transformers\bert\seed_42\full\standard\test_results.json,False,26,surprise,1060,,,,,,,,,
C,standard,bert,42.0,test,global,missing,Chưa có run full/protocol/kết quả hợp lệ,D:\DoAn\Đồ án NLP\goemotions-multilabel-classification\data\processed\transformers\bert\seed_42\full\standard\test_results.json,False,27,neutral,14219,,,,,,,,,
C,standard,bert,42.0,test,tuned,missing,Chưa có run full/protocol/kết quả hợp lệ,D:\DoAn\Đồ án NLP\goemotions-multilabel-classification\data\processed\transformers\bert\seed_42\full\standard\test_results.json,False,0,admiration,4130,,,,,,,,,
C,standard,bert,42.0,test,tuned,missing,Chưa có run full/protocol/kết quả hợp lệ,D:\DoAn\Đồ án NLP\goemotions-multilabel-classification\data\processed\transformers\bert\seed_42\full\standard\test_results.json,False,1,amusement,2328,,,,,,,,,
C,standard,bert,42.0,test,tuned,missing,Chưa có run full/protocol/kết quả hợp lệ,D:\DoAn\Đồ án NLP\goemotions-multilabel-classification\data\processed\transformers\bert\seed_42\full\standard\test_results.json,False,2,anger,1567,,,,,,,,,
C,standard,bert,42.0,test,tuned,missing,Chưa có run full/protocol/kết quả hợp lệ,D:\DoAn\Đồ án NLP\goemotions-multilabel-classification\data\processed\transformers\bert\seed_42\full\standard\test_results.json,False,3,annoyance,2470,,,,,,,,,
C,standard,bert,42.0,test,tuned,missing,Chưa có run full/protocol/kết quả hợp lệ,D:\DoAn\Đồ án NLP\goemotions-multilabel-classification\data\processed\transformers\bert\seed_42\full\standard\test_results.json,False,4,approval,2939,,,,,,,,,
C,standard,bert,42.0,test,tuned,missing,Chưa có run full/protocol/kết quả hợp lệ,D:\DoAn\Đồ án NLP\goemotions-multilabel-classification\data\processed\transformers\bert\seed_42\full\standard\test_results.json,False,5,caring,1087,,,,,,,,,
C,standard,bert,42.0,test,tuned,missing,Chưa có run full/protocol/kết quả hợp lệ,D:\DoAn\Đồ án NLP\goemotions-multilabel-classification\data\processed\transformers\bert\seed_42\full\standard\test_results.json,False,6,confusion,1368,,,,,,,,,
C,standard,bert,42.0,test,tuned,missing,Chưa có run full/protocol/kết quả hợp lệ,D:\DoAn\Đồ án NLP\goemotions-multilabel-classification\data\processed\transformers\bert\seed_42\full\standard\test_results.json,False,7,curiosity,2191,,,,,,,,,
C,standard,bert,42.0,test,tuned,missing,Chưa có run full/protocol/kết quả hợp lệ,D:\DoAn\Đồ án NLP\goemotions-multilabel-classification\data\processed\transformers\bert\seed_42\full\standard\test_results.json,False,8,desire,641,,,,,,,,,
C,standard,bert,42.0,test,tuned,missing,Chưa có run full/protocol/kết quả hợp lệ,D:\DoAn\Đồ án NLP\goemotions-multilabel-classification\data\processed\transformers\bert\seed_42\full\standard\test_results.json,False,9,disappointment,1269,,,,,,,,,
C,standard,bert,42.0,test,tuned,missing,Chưa có run full/protocol/kết quả hợp lệ,D:\DoAn\Đồ án NLP\goemotions-multilabel-classification\data\processed\transformers\bert\seed_42\full\standard\test_results.json,False,10,disapproval,2022,,,,,,,,,
C,standard,bert,42.0,test,tuned,missing,Chưa có run full/protocol/kết quả hợp lệ,D:\DoAn\Đồ án NLP\goemotions-multilabel-classification\data\processed\transformers\bert\seed_42\full\standard\test_results.json,False,11,disgust,793,,,,,,,,,
C,standard,bert,42.0,test,tuned,missing,Chưa có run full/protocol/kết quả hợp lệ,D:\DoAn\Đồ án NLP\goemotions-multilabel-classification\data\processed\transformers\bert\seed_42\full\standard\test_results.json,False,12,embarrassment,303,,,,,,,,,
C,standard,bert,42.0,test,tuned,missing,Chưa có run full/protocol/kết quả hợp lệ,D:\DoAn\Đồ án NLP\goemotions-multilabel-classification\data\processed\transformers\bert\seed_42\full\standard\test_results.json,False,13,excitement,853,,,,,,,,,
C,standard,bert,42.0,test,tuned,missing,Chưa có run full/protocol/kết quả hợp lệ,D:\DoAn\Đồ án NLP\goemotions-multilabel-classification\data\processed\transformers\bert\seed_42\full\standard\test_results.json,False,14,fear,596,,,,,,,,,
C,standard,bert,42.0,test,tuned,missing,Chưa có run full/protocol/kết quả hợp lệ,D:\DoAn\Đồ án NLP\goemotions-multilabel-classification\data\processed\transformers\bert\seed_42\full\standard\test_results.json,False,15,gratitude,2662,,,,,,,,,
C,standard,bert,42.0,test,tuned,missing,Chưa có run full/protocol/kết quả hợp lệ,D:\DoAn\Đồ án NLP\goemotions-multilabel-classification\data\processed\transformers\bert\seed_42\full\standard\test_results.json,False,16,grief,77,,,,,,,,,
C,standard,bert,42.0,test,tuned,missing,Chưa có run full/protocol/kết quả hợp lệ,D:\DoAn\Đồ án NLP\goemotions-multilabel-classification\data\processed\transformers\bert\seed_42\full\standard\test_results.json,False,17,joy,1452,,,,,,,,,
C,standard,bert,42.0,test,tuned,missing,Chưa có run full/protocol/kết quả hợp lệ,D:\DoAn\Đồ án NLP\goemotions-multilabel-classification\data\processed\transformers\bert\seed_42\full\standard\test_results.json,False,18,love,2086,,,,,,,,,
C,standard,bert,42.0,test,tuned,missing,Chưa có run full/protocol/kết quả hợp lệ,D:\DoAn\Đồ án NLP\goemotions-multilabel-classification\data\processed\transformers\bert\seed_42\full\standard\test_results.json,False,19,nervousness,164,,,,,,,,,
C,standard,bert,42.0,test,tuned,missing,Chưa có run full/protocol/kết quả hợp lệ,D:\DoAn\Đồ án NLP\goemotions-multilabel-classification\data\processed\transformers\bert\seed_42\full\standard\test_results.json,False,20,optimism,1581,,,,,,,,,
C,standard,bert,42.0,test,tuned,missing,Chưa có run full/protocol/kết quả hợp lệ,D:\DoAn\Đồ án NLP\goemotions-multilabel-classification\data\processed\transformers\bert\seed_42\full\standard\test_results.json,False,21,pride,111,,,,,,,,,
C,standard,bert,42.0,test,tuned,missing,Chưa có run full/protocol/kết quả hợp lệ,D:\DoAn\Đồ án NLP\goemotions-multilabel-classification\data\processed\transformers\bert\seed_42\full\standard\test_results.json,False,22,realization,1110,,,,,,,,,
C,standard,bert,42.0,test,tuned,missing,Chưa có run full/protocol/kết quả hợp lệ,D:\DoAn\Đồ án NLP\goemotions-multilabel-classification\data\processed\transformers\bert\seed_42\full\standard\test_results.json,False,23,relief,153,,,,,,,,,
C,standard,bert,42.0,test,tuned,missing,Chưa có run full/protocol/kết quả hợp lệ,D:\DoAn\Đồ án NLP\goemotions-multilabel-classification\data\processed\transformers\bert\seed_42\full\standard\test_results.json,False,24,remorse,545,,,,,,,,,
C,standard,bert,42.0,test,tuned,missing,Chưa có run full/protocol/kết quả hợp lệ,D:\DoAn\Đồ án NLP\goemotions-multilabel-classification\data\processed\transformers\bert\seed_42\full\standard\test_results.json,False,25,sadness,1326,,,,,,,,,
C,standard,bert,42.0,test,tuned,missing,Chưa có run full/protocol/kết quả hợp lệ,D:\DoAn\Đồ án NLP\goemotions-multilabel-classification\data\processed\transformers\bert\seed_42\full\standard\test_results.json,False,26,surprise,1060,,,,,,,,,
C,standard,bert,42.0,test,tuned,missing,Chưa có run full/protocol/kết quả hợp lệ,D:\DoAn\Đồ án NLP\goemotions-multilabel-classification\data\processed\transformers\bert\seed_42\full\standard\test_results.json,False,27,neutral,14219,,,,,,,,,
C,standard,bert,123.0,validation,fixed,missing,Chưa có run full/protocol/kết quả hợp lệ,D:\DoAn\Đồ án NLP\goemotions-multilabel-classification\data\processed\transformers\bert\seed_123\full\standard\validation_metrics.json,False,0,admiration,4130,,,,,,,,,
C,standard,bert,123.0,validation,fixed,missing,Chưa có run full/protocol/kết quả hợp lệ,D:\DoAn\Đồ án NLP\goemotions-multilabel-classification\data\processed\transformers\bert\seed_123\full\standard\validation_metrics.json,False,1,amusement,2328,,,,,,,,,
C,standard,bert,123.0,validation,fixed,missing,Chưa có run full/protocol/kết quả hợp lệ,D:\DoAn\Đồ án NLP\goemotions-multilabel-classification\data\processed\transformers\bert\seed_123\full\standard\validation_metrics.json,False,2,anger,1567,,,,,,,,,
C,standard,bert,123.0,validation,fixed,missing,Chưa có run full/protocol/kết quả hợp lệ,D:\DoAn\Đồ án NLP\goemotions-multilabel-classification\data\processed\transformers\bert\seed_123\full\standard\validation_metrics.json,False,3,annoyance,2470,,,,,,,,,
C,standard,bert,123.0,validation,fixed,missing,Chưa có run full/protocol/kết quả hợp lệ,D:\DoAn\Đồ án NLP\goemotions-multilabel-classification\data\processed\transformers\bert\seed_123\full\standard\validation_metrics.json,False,4,approval,2939,,,,,,,,,
C,standard,bert,123.0,validation,fixed,missing,Chưa có run full/protocol/kết quả hợp lệ,D:\DoAn\Đồ án NLP\goemotions-multilabel-classification\data\processed\transformers\bert\seed_123\full\standard\validation_metrics.json,False,5,caring,1087,,,,,,,,,
C,standard,bert,123.0,validation,fixed,missing,Chưa có run full/protocol/kết quả hợp lệ,D:\DoAn\Đồ án NLP\goemotions-multilabel-classification\data\processed\transformers\bert\seed_123\full\standard\validation_metrics.json,False,6,confusion,1368,,,,,,,,,
C,standard,bert,123.0,validation,fixed,missing,Chưa có run full/protocol/kết quả hợp lệ,D:\DoAn\Đồ án NLP\goemotions-multilabel-classification\data\processed\transformers\bert\seed_123\full\standard\validation_metrics.json,False,7,curiosity,2191,,,,,,,,,
C,standard,bert,123.0,validation,fixed,missing,Chưa có run full/protocol/kết quả hợp lệ,D:\DoAn\Đồ án NLP\goemotions-multilabel-classification\data\processed\transformers\bert\seed_123\full\standard\validation_metrics.json,False,8,desire,641,,,,,,,,,
C,standard,bert,123.0,validation,fixed,missing,Chưa có run full/protocol/kết quả hợp lệ,D:\DoAn\Đồ án NLP\goemotions-multilabel-classification\data\processed\transformers\bert\seed_123\full\standard\validation_metrics.json,False,9,disappointment,1269,,,,,,,,,
C,standard,bert,123.0,validation,fixed,missing,Chưa có run full/protocol/kết quả hợp lệ,D:\DoAn\Đồ án NLP\goemotions-multilabel-classification\data\processed\transformers\bert\seed_123\full\standard\validation_metrics.json,False,10,disapproval,2022,,,,,,,,,
C,standard,bert,123.0,validation,fixed,missing,Chưa có run full/protocol/kết quả hợp lệ,D:\DoAn\Đồ án NLP\goemotions-multilabel-classification\data\processed\transformers\bert\seed_123\full\standard\validation_metrics.json,False,11,disgust,793,,,,,,,,,
C,standard,bert,123.0,validation,fixed,missing,Chưa có run full/protocol/kết quả hợp lệ,D:\DoAn\Đồ án NLP\goemotions-multilabel-classification\data\processed\transformers\bert\seed_123\full\standard\validation_metrics.json,False,12,embarrassment,303,,,,,,,,,
C,standard,bert,123.0,validation,fixed,missing,Chưa có run full/protocol/kết quả hợp lệ,D:\DoAn\Đồ án NLP\goemotions-multilabel-classification\data\processed\transformers\bert\seed_123\full\standard\validation_metrics.json,False,13,excitement,853,,,,,,,,,
C,standard,bert,123.0,validation,fixed,missing,Chưa có run full/protocol/kết quả hợp lệ,D:\DoAn\Đồ án NLP\goemotions-multilabel-classification\data\processed\transformers\bert\seed_123\full\standard\validation_metrics.json,False,14,fear,596,,,,,,,,,
C,standard,bert,123.0,validation,fixed,missing,Chưa có run full/protocol/kết quả hợp lệ,D:\DoAn\Đồ án NLP\goemotions-multilabel-classification\data\processed\transformers\bert\seed_123\full\standard\validation_metrics.json,False,15,gratitude,2662,,,,,,,,,
C,standard,bert,123.0,validation,fixed,missing,Chưa có run full/protocol/kết quả hợp lệ,D:\DoAn\Đồ án NLP\goemotions-multilabel-classification\data\processed\transformers\bert\seed_123\full\standard\validation_metrics.json,False,16,grief,77,,,,,,,,,
C,standard,bert,123.0,validation,fixed,missing,Chưa có run full/protocol/kết quả hợp lệ,D:\DoAn\Đồ án NLP\goemotions-multilabel-classification\data\processed\transformers\bert\seed_123\full\standard\validation_metrics.json,False,17,joy,1452,,,,,,,,,
C,standard,bert,123.0,validation,fixed,missing,Chưa có run full/protocol/kết quả hợp lệ,D:\DoAn\Đồ án NLP\goemotions-multilabel-classification\data\processed\transformers\bert\seed_123\full\standard\validation_metrics.json,False,18,love,2086,,,,,,,,,
C,standard,bert,123.0,validation,fixed,missing,Chưa có run full/protocol/kết quả hợp lệ,D:\DoAn\Đồ án NLP\goemotions-multilabel-classification\data\processed\transformers\bert\seed_123\full\standard\validation_metrics.json,False,19,nervousness,164,,,,,,,,,
C,standard,bert,123.0,validation,fixed,missing,Chưa có run full/protocol/kết quả hợp lệ,D:\DoAn\Đồ án NLP\goemotions-multilabel-classification\data\processed\transformers\bert\seed_123\full\standard\validation_metrics.json,False,20,optimism,1581,,,,,,,,,
C,standard,bert,123.0,validation,fixed,missing,Chưa có run full/protocol/kết quả hợp lệ,D:\DoAn\Đồ án NLP\goemotions-multilabel-classification\data\processed\transformers\bert\seed_123\full\standard\validation_metrics.json,False,21,pride,111,,,,,,,,,
C,standard,bert,123.0,validation,fixed,missing,Chưa có run full/protocol/kết quả hợp lệ,D:\DoAn\Đồ án NLP\goemotions-multilabel-classification\data\processed\transformers\bert\seed_123\full\standard\validation_metrics.json,False,22,realization,1110,,,,,,,,,
C,standard,bert,123.0,validation,fixed,missing,Chưa có run full/protocol/kết quả hợp lệ,D:\DoAn\Đồ án NLP\goemotions-multilabel-classification\data\processed\transformers\bert\seed_123\full\standard\validation_metrics.json,False,23,relief,153,,,,,,,,,
C,standard,bert,123.0,validation,fixed,missing,Chưa có run full/protocol/kết quả hợp lệ,D:\DoAn\Đồ án NLP\goemotions-multilabel-classification\data\processed\transformers\bert\seed_123\full\standard\validation_metrics.json,False,24,remorse,545,,,,,,,,,
C,standard,bert,123.0,validation,fixed,missing,Chưa có run full/protocol/kết quả hợp lệ,D:\DoAn\Đồ án NLP\goemotions-multilabel-classification\data\processed\transformers\bert\seed_123\full\standard\validation_metrics.json,False,25,sadness,1326,,,,,,,,,
C,standard,bert,123.0,validation,fixed,missing,Chưa có run full/protocol/kết quả hợp lệ,D:\DoAn\Đồ án NLP\goemotions-multilabel-classification\data\processed\transformers\bert\seed_123\full\standard\validation_metrics.json,False,26,surprise,1060,,,,,,,,,
C,standard,bert,123.0,validation,fixed,missing,Chưa có run full/protocol/kết quả hợp lệ,D:\DoAn\Đồ án NLP\goemotions-multilabel-classification\data\processed\transformers\bert\seed_123\full\standard\validation_metrics.json,False,27,neutral,14219,,,,,,,,,
C,standard,bert,123.0,validation,global,missing,Chưa có run full/protocol/kết quả hợp lệ,D:\DoAn\Đồ án NLP\goemotions-multilabel-classification\data\processed\transformers\bert\seed_123\full\standard\final_protocol.json,True,0,admiration,4130,,,,,,,,,
C,standard,bert,123.0,validation,global,missing,Chưa có run full/protocol/kết quả hợp lệ,D:\DoAn\Đồ án NLP\goemotions-multilabel-classification\data\processed\transformers\bert\seed_123\full\standard\final_protocol.json,True,1,amusement,2328,,,,,,,,,
C,standard,bert,123.0,validation,global,missing,Chưa có run full/protocol/kết quả hợp lệ,D:\DoAn\Đồ án NLP\goemotions-multilabel-classification\data\processed\transformers\bert\seed_123\full\standard\final_protocol.json,True,2,anger,1567,,,,,,,,,
C,standard,bert,123.0,validation,global,missing,Chưa có run full/protocol/kết quả hợp lệ,D:\DoAn\Đồ án NLP\goemotions-multilabel-classification\data\processed\transformers\bert\seed_123\full\standard\final_protocol.json,True,3,annoyance,2470,,,,,,,,,
C,standard,bert,123.0,validation,global,missing,Chưa có run full/protocol/kết quả hợp lệ,D:\DoAn\Đồ án NLP\goemotions-multilabel-classification\data\processed\transformers\bert\seed_123\full\standard\final_protocol.json,True,4,approval,2939,,,,,,,,,
C,standard,bert,123.0,validation,global,missing,Chưa có run full/protocol/kết quả hợp lệ,D:\DoAn\Đồ án NLP\goemotions-multilabel-classification\data\processed\transformers\bert\seed_123\full\standard\final_protocol.json,True,5,caring,1087,,,,,,,,,
C,standard,bert,123.0,validation,global,missing,Chưa có run full/protocol/kết quả hợp lệ,D:\DoAn\Đồ án NLP\goemotions-multilabel-classification\data\processed\transformers\bert\seed_123\full\standard\final_protocol.json,True,6,confusion,1368,,,,,,,,,
C,standard,bert,123.0,validation,global,missing,Chưa có run full/protocol/kết quả hợp lệ,D:\DoAn\Đồ án NLP\goemotions-multilabel-classification\data\processed\transformers\bert\seed_123\full\standard\final_protocol.json,True,7,curiosity,2191,,,,,,,,,
C,standard,bert,123.0,validation,global,missing,Chưa có run full/protocol/kết quả hợp lệ,D:\DoAn\Đồ án NLP\goemotions-multilabel-classification\data\processed\transformers\bert\seed_123\full\standard\final_protocol.json,True,8,desire,641,,,,,,,,,
C,standard,bert,123.0,validation,global,missing,Chưa có run full/protocol/kết quả hợp lệ,D:\DoAn\Đồ án NLP\goemotions-multilabel-classification\data\processed\transformers\bert\seed_123\full\standard\final_protocol.json,True,9,disappointment,1269,,,,,,,,,
C,standard,bert,123.0,validation,global,missing,Chưa có run full/protocol/kết quả hợp lệ,D:\DoAn\Đồ án NLP\goemotions-multilabel-classification\data\processed\transformers\bert\seed_123\full\standard\final_protocol.json,True,10,disapproval,2022,,,,,,,,,
C,standard,bert,123.0,validation,global,missing,Chưa có run full/protocol/kết quả hợp lệ,D:\DoAn\Đồ án NLP\goemotions-multilabel-classification\data\processed\transformers\bert\seed_123\full\standard\final_protocol.json,True,11,disgust,793,,,,,,,,,
C,standard,bert,123.0,validation,global,missing,Chưa có run full/protocol/kết quả hợp lệ,D:\DoAn\Đồ án NLP\goemotions-multilabel-classification\data\processed\transformers\bert\seed_123\full\standard\final_protocol.json,True,12,embarrassment,303,,,,,,,,,
C,standard,bert,123.0,validation,global,missing,Chưa có run full/protocol/kết quả hợp lệ,D:\DoAn\Đồ án NLP\goemotions-multilabel-classification\data\processed\transformers\bert\seed_123\full\standard\final_protocol.json,True,13,excitement,853,,,,,,,,,
C,standard,bert,123.0,validation,global,missing,Chưa có run full/protocol/kết quả hợp lệ,D:\DoAn\Đồ án NLP\goemotions-multilabel-classification\data\processed\transformers\bert\seed_123\full\standard\final_protocol.json,True,14,fear,596,,,,,,,,,
C,standard,bert,123.0,validation,global,missing,Chưa có run full/protocol/kết quả hợp lệ,D:\DoAn\Đồ án NLP\goemotions-multilabel-classification\data\processed\transformers\bert\seed_123\full\standard\final_protocol.json,True,15,gratitude,2662,,,,,,,,,
C,standard,bert,123.0,validation,global,missing,Chưa có run full/protocol/kết quả hợp lệ,D:\DoAn\Đồ án NLP\goemotions-multilabel-classification\data\processed\transformers\bert\seed_123\full\standard\final_protocol.json,True,16,grief,77,,,,,,,,,
C,standard,bert,123.0,validation,global,missing,Chưa có run full/protocol/kết quả hợp lệ,D:\DoAn\Đồ án NLP\goemotions-multilabel-classification\data\processed\transformers\bert\seed_123\full\standard\final_protocol.json,True,17,joy,1452,,,,,,,,,
C,standard,bert,123.0,validation,global,missing,Chưa có run full/protocol/kết quả hợp lệ,D:\DoAn\Đồ án NLP\goemotions-multilabel-classification\data\processed\transformers\bert\seed_123\full\standard\final_protocol.json,True,18,love,2086,,,,,,,,,
C,standard,bert,123.0,validation,global,missing,Chưa có run full/protocol/kết quả hợp lệ,D:\DoAn\Đồ án NLP\goemotions-multilabel-classification\data\processed\transformers\bert\seed_123\full\standard\final_protocol.json,True,19,nervousness,164,,,,,,,,,
C,standard,bert,123.0,validation,global,missing,Chưa có run full/protocol/kết quả hợp lệ,D:\DoAn\Đồ án NLP\goemotions-multilabel-classification\data\processed\transformers\bert\seed_123\full\standard\final_protocol.json,True,20,optimism,1581,,,,,,,,,
C,standard,bert,123.0,validation,global,missing,Chưa có run full/protocol/kết quả hợp lệ,D:\DoAn\Đồ án NLP\goemotions-multilabel-classification\data\processed\transformers\bert\seed_123\full\standard\final_protocol.json,True,21,pride,111,,,,,,,,,
C,standard,bert,123.0,validation,global,missing,Chưa có run full/protocol/kết quả hợp lệ,D:\DoAn\Đồ án NLP\goemotions-multilabel-classification\data\processed\transformers\bert\seed_123\full\standard\final_protocol.json,True,22,realization,1110,,,,,,,,,
C,standard,bert,123.0,validation,global,missing,Chưa có run full/protocol/kết quả hợp lệ,D:\DoAn\Đồ án NLP\goemotions-multilabel-classification\data\processed\transformers\bert\seed_123\full\standard\final_protocol.json,True,23,relief,153,,,,,,,,,
C,standard,bert,123.0,validation,global,missing,Chưa có run full/protocol/kết quả hợp lệ,D:\DoAn\Đồ án NLP\goemotions-multilabel-classification\data\processed\transformers\bert\seed_123\full\standard\final_protocol.json,True,24,remorse,545,,,,,,,,,
C,standard,bert,123.0,validation,global,missing,Chưa có run full/protocol/kết quả hợp lệ,D:\DoAn\Đồ án NLP\goemotions-multilabel-classification\data\processed\transformers\bert\seed_123\full\standard\final_protocol.json,True,25,sadness,1326,,,,,,,,,
C,standard,bert,123.0,validation,global,missing,Chưa có run full/protocol/kết quả hợp lệ,D:\DoAn\Đồ án NLP\goemotions-multilabel-classification\data\processed\transformers\bert\seed_123\full\standard\final_protocol.json,True,26,surprise,1060,,,,,,,,,
C,standard,bert,123.0,validation,global,missing,Chưa có run full/protocol/kết quả hợp lệ,D:\DoAn\Đồ án NLP\goemotions-multilabel-classification\data\processed\transformers\bert\seed_123\full\standard\final_protocol.json,True,27,neutral,14219,,,,,,,,,
C,standard,bert,123.0,validation,tuned,missing,Chưa có run full/protocol/kết quả hợp lệ,D:\DoAn\Đồ án NLP\goemotions-multilabel-classification\data\processed\transformers\bert\seed_123\full\standard\final_protocol.json,True,0,admiration,4130,,,,,,,,,
C,standard,bert,123.0,validation,tuned,missing,Chưa có run full/protocol/kết quả hợp lệ,D:\DoAn\Đồ án NLP\goemotions-multilabel-classification\data\processed\transformers\bert\seed_123\full\standard\final_protocol.json,True,1,amusement,2328,,,,,,,,,
C,standard,bert,123.0,validation,tuned,missing,Chưa có run full/protocol/kết quả hợp lệ,D:\DoAn\Đồ án NLP\goemotions-multilabel-classification\data\processed\transformers\bert\seed_123\full\standard\final_protocol.json,True,2,anger,1567,,,,,,,,,
C,standard,bert,123.0,validation,tuned,missing,Chưa có run full/protocol/kết quả hợp lệ,D:\DoAn\Đồ án NLP\goemotions-multilabel-classification\data\processed\transformers\bert\seed_123\full\standard\final_protocol.json,True,3,annoyance,2470,,,,,,,,,
C,standard,bert,123.0,validation,tuned,missing,Chưa có run full/protocol/kết quả hợp lệ,D:\DoAn\Đồ án NLP\goemotions-multilabel-classification\data\processed\transformers\bert\seed_123\full\standard\final_protocol.json,True,4,approval,2939,,,,,,,,,
C,standard,bert,123.0,validation,tuned,missing,Chưa có run full/protocol/kết quả hợp lệ,D:\DoAn\Đồ án NLP\goemotions-multilabel-classification\data\processed\transformers\bert\seed_123\full\standard\final_protocol.json,True,5,caring,1087,,,,,,,,,
C,standard,bert,123.0,validation,tuned,missing,Chưa có run full/protocol/kết quả hợp lệ,D:\DoAn\Đồ án NLP\goemotions-multilabel-classification\data\processed\transformers\bert\seed_123\full\standard\final_protocol.json,True,6,confusion,1368,,,,,,,,,
C,standard,bert,123.0,validation,tuned,missing,Chưa có run full/protocol/kết quả hợp lệ,D:\DoAn\Đồ án NLP\goemotions-multilabel-classification\data\processed\transformers\bert\seed_123\full\standard\final_protocol.json,True,7,curiosity,2191,,,,,,,,,
C,standard,bert,123.0,validation,tuned,missing,Chưa có run full/protocol/kết quả hợp lệ,D:\DoAn\Đồ án NLP\goemotions-multilabel-classification\data\processed\transformers\bert\seed_123\full\standard\final_protocol.json,True,8,desire,641,,,,,,,,,
C,standard,bert,123.0,validation,tuned,missing,Chưa có run full/protocol/kết quả hợp lệ,D:\DoAn\Đồ án NLP\goemotions-multilabel-classification\data\processed\transformers\bert\seed_123\full\standard\final_protocol.json,True,9,disappointment,1269,,,,,,,,,
C,standard,bert,123.0,validation,tuned,missing,Chưa có run full/protocol/kết quả hợp lệ,D:\DoAn\Đồ án NLP\goemotions-multilabel-classification\data\processed\transformers\bert\seed_123\full\standard\final_protocol.json,True,10,disapproval,2022,,,,,,,,,
C,standard,bert,123.0,validation,tuned,missing,Chưa có run full/protocol/kết quả hợp lệ,D:\DoAn\Đồ án NLP\goemotions-multilabel-classification\data\processed\transformers\bert\seed_123\full\standard\final_protocol.json,True,11,disgust,793,,,,,,,,,
C,standard,bert,123.0,validation,tuned,missing,Chưa có run full/protocol/kết quả hợp lệ,D:\DoAn\Đồ án NLP\goemotions-multilabel-classification\data\processed\transformers\bert\seed_123\full\standard\final_protocol.json,True,12,embarrassment,303,,,,,,,,,
C,standard,bert,123.0,validation,tuned,missing,Chưa có run full/protocol/kết quả hợp lệ,D:\DoAn\Đồ án NLP\goemotions-multilabel-classification\data\processed\transformers\bert\seed_123\full\standard\final_protocol.json,True,13,excitement,853,,,,,,,,,
C,standard,bert,123.0,validation,tuned,missing,Chưa có run full/protocol/kết quả hợp lệ,D:\DoAn\Đồ án NLP\goemotions-multilabel-classification\data\processed\transformers\bert\seed_123\full\standard\final_protocol.json,True,14,fear,596,,,,,,,,,
C,standard,bert,123.0,validation,tuned,missing,Chưa có run full/protocol/kết quả hợp lệ,D:\DoAn\Đồ án NLP\goemotions-multilabel-classification\data\processed\transformers\bert\seed_123\full\standard\final_protocol.json,True,15,gratitude,2662,,,,,,,,,
C,standard,bert,123.0,validation,tuned,missing,Chưa có run full/protocol/kết quả hợp lệ,D:\DoAn\Đồ án NLP\goemotions-multilabel-classification\data\processed\transformers\bert\seed_123\full\standard\final_protocol.json,True,16,grief,77,,,,,,,,,
C,standard,bert,123.0,validation,tuned,missing,Chưa có run full/protocol/kết quả hợp lệ,D:\DoAn\Đồ án NLP\goemotions-multilabel-classification\data\processed\transformers\bert\seed_123\full\standard\final_protocol.json,True,17,joy,1452,,,,,,,,,
C,standard,bert,123.0,validation,tuned,missing,Chưa có run full/protocol/kết quả hợp lệ,D:\DoAn\Đồ án NLP\goemotions-multilabel-classification\data\processed\transformers\bert\seed_123\full\standard\final_protocol.json,True,18,love,2086,,,,,,,,,
C,standard,bert,123.0,validation,tuned,missing,Chưa có run full/protocol/kết quả hợp lệ,D:\DoAn\Đồ án NLP\goemotions-multilabel-classification\data\processed\transformers\bert\seed_123\full\standard\final_protocol.json,True,19,nervousness,164,,,,,,,,,
C,standard,bert,123.0,validation,tuned,missing,Chưa có run full/protocol/kết quả hợp lệ,D:\DoAn\Đồ án NLP\goemotions-multilabel-classification\data\processed\transformers\bert\seed_123\full\standard\final_protocol.json,True,20,optimism,1581,,,,,,,,,
C,standard,bert,123.0,validation,tuned,missing,Chưa có run full/protocol/kết quả hợp lệ,D:\DoAn\Đồ án NLP\goemotions-multilabel-classification\data\processed\transformers\bert\seed_123\full\standard\final_protocol.json,True,21,pride,111,,,,,,,,,
C,standard,bert,123.0,validation,tuned,missing,Chưa có run full/protocol/kết quả hợp lệ,D:\DoAn\Đồ án NLP\goemotions-multilabel-classification\data\processed\transformers\bert\seed_123\full\standard\final_protocol.json,True,22,realization,1110,,,,,,,,,
C,standard,bert,123.0,validation,tuned,missing,Chưa có run full/protocol/kết quả hợp lệ,D:\DoAn\Đồ án NLP\goemotions-multilabel-classification\data\processed\transformers\bert\seed_123\full\standard\final_protocol.json,True,23,relief,153,,,,,,,,,
C,standard,bert,123.0,validation,tuned,missing,Chưa có run full/protocol/kết quả hợp lệ,D:\DoAn\Đồ án NLP\goemotions-multilabel-classification\data\processed\transformers\bert\seed_123\full\standard\final_protocol.json,True,24,remorse,545,,,,,,,,,
C,standard,bert,123.0,validation,tuned,missing,Chưa có run full/protocol/kết quả hợp lệ,D:\DoAn\Đồ án NLP\goemotions-multilabel-classification\data\processed\transformers\bert\seed_123\full\standard\final_protocol.json,True,25,sadness,1326,,,,,,,,,
C,standard,bert,123.0,validation,tuned,missing,Chưa có run full/protocol/kết quả hợp lệ,D:\DoAn\Đồ án NLP\goemotions-multilabel-classification\data\processed\transformers\bert\seed_123\full\standard\final_protocol.json,True,26,surprise,1060,,,,,,,,,
C,standard,bert,123.0,validation,tuned,missing,Chưa có run full/protocol/kết quả hợp lệ,D:\DoAn\Đồ án NLP\goemotions-multilabel-classification\data\processed\transformers\bert\seed_123\full\standard\final_protocol.json,True,27,neutral,14219,,,,,,,,,
C,standard,bert,123.0,test,fixed,missing,Chưa có run full/protocol/kết quả hợp lệ,D:\DoAn\Đồ án NLP\goemotions-multilabel-classification\data\processed\transformers\bert\seed_123\full\standard\test_results.json,False,0,admiration,4130,,,,,,,,,
C,standard,bert,123.0,test,fixed,missing,Chưa có run full/protocol/kết quả hợp lệ,D:\DoAn\Đồ án NLP\goemotions-multilabel-classification\data\processed\transformers\bert\seed_123\full\standard\test_results.json,False,1,amusement,2328,,,,,,,,,
C,standard,bert,123.0,test,fixed,missing,Chưa có run full/protocol/kết quả hợp lệ,D:\DoAn\Đồ án NLP\goemotions-multilabel-classification\data\processed\transformers\bert\seed_123\full\standard\test_results.json,False,2,anger,1567,,,,,,,,,
C,standard,bert,123.0,test,fixed,missing,Chưa có run full/protocol/kết quả hợp lệ,D:\DoAn\Đồ án NLP\goemotions-multilabel-classification\data\processed\transformers\bert\seed_123\full\standard\test_results.json,False,3,annoyance,2470,,,,,,,,,
C,standard,bert,123.0,test,fixed,missing,Chưa có run full/protocol/kết quả hợp lệ,D:\DoAn\Đồ án NLP\goemotions-multilabel-classification\data\processed\transformers\bert\seed_123\full\standard\test_results.json,False,4,approval,2939,,,,,,,,,
C,standard,bert,123.0,test,fixed,missing,Chưa có run full/protocol/kết quả hợp lệ,D:\DoAn\Đồ án NLP\goemotions-multilabel-classification\data\processed\transformers\bert\seed_123\full\standard\test_results.json,False,5,caring,1087,,,,,,,,,
C,standard,bert,123.0,test,fixed,missing,Chưa có run full/protocol/kết quả hợp lệ,D:\DoAn\Đồ án NLP\goemotions-multilabel-classification\data\processed\transformers\bert\seed_123\full\standard\test_results.json,False,6,confusion,1368,,,,,,,,,
C,standard,bert,123.0,test,fixed,missing,Chưa có run full/protocol/kết quả hợp lệ,D:\DoAn\Đồ án NLP\goemotions-multilabel-classification\data\processed\transformers\bert\seed_123\full\standard\test_results.json,False,7,curiosity,2191,,,,,,,,,
C,standard,bert,123.0,test,fixed,missing,Chưa có run full/protocol/kết quả hợp lệ,D:\DoAn\Đồ án NLP\goemotions-multilabel-classification\data\processed\transformers\bert\seed_123\full\standard\test_results.json,False,8,desire,641,,,,,,,,,
C,standard,bert,123.0,test,fixed,missing,Chưa có run full/protocol/kết quả hợp lệ,D:\DoAn\Đồ án NLP\goemotions-multilabel-classification\data\processed\transformers\bert\seed_123\full\standard\test_results.json,False,9,disappointment,1269,,,,,,,,,
C,standard,bert,123.0,test,fixed,missing,Chưa có run full/protocol/kết quả hợp lệ,D:\DoAn\Đồ án NLP\goemotions-multilabel-classification\data\processed\transformers\bert\seed_123\full\standard\test_results.json,False,10,disapproval,2022,,,,,,,,,
C,standard,bert,123.0,test,fixed,missing,Chưa có run full/protocol/kết quả hợp lệ,D:\DoAn\Đồ án NLP\goemotions-multilabel-classification\data\processed\transformers\bert\seed_123\full\standard\test_results.json,False,11,disgust,793,,,,,,,,,
C,standard,bert,123.0,test,fixed,missing,Chưa có run full/protocol/kết quả hợp lệ,D:\DoAn\Đồ án NLP\goemotions-multilabel-classification\data\processed\transformers\bert\seed_123\full\standard\test_results.json,False,12,embarrassment,303,,,,,,,,,
C,standard,bert,123.0,test,fixed,missing,Chưa có run full/protocol/kết quả hợp lệ,D:\DoAn\Đồ án NLP\goemotions-multilabel-classification\data\processed\transformers\bert\seed_123\full\standard\test_results.json,False,13,excitement,853,,,,,,,,,
C,standard,bert,123.0,test,fixed,missing,Chưa có run full/protocol/kết quả hợp lệ,D:\DoAn\Đồ án NLP\goemotions-multilabel-classification\data\processed\transformers\bert\seed_123\full\standard\test_results.json,False,14,fear,596,,,,,,,,,
C,standard,bert,123.0,test,fixed,missing,Chưa có run full/protocol/kết quả hợp lệ,D:\DoAn\Đồ án NLP\goemotions-multilabel-classification\data\processed\transformers\bert\seed_123\full\standard\test_results.json,False,15,gratitude,2662,,,,,,,,,
C,standard,bert,123.0,test,fixed,missing,Chưa có run full/protocol/kết quả hợp lệ,D:\DoAn\Đồ án NLP\goemotions-multilabel-classification\data\processed\transformers\bert\seed_123\full\standard\test_results.json,False,16,grief,77,,,,,,,,,
C,standard,bert,123.0,test,fixed,missing,Chưa có run full/protocol/kết quả hợp lệ,D:\DoAn\Đồ án NLP\goemotions-multilabel-classification\data\processed\transformers\bert\seed_123\full\standard\test_results.json,False,17,joy,1452,,,,,,,,,
C,standard,bert,123.0,test,fixed,missing,Chưa có run full/protocol/kết quả hợp lệ,D:\DoAn\Đồ án NLP\goemotions-multilabel-classification\data\processed\transformers\bert\seed_123\full\standard\test_results.json,False,18,love,2086,,,,,,,,,
C,standard,bert,123.0,test,fixed,missing,Chưa có run full/protocol/kết quả hợp lệ,D:\DoAn\Đồ án NLP\goemotions-multilabel-classification\data\processed\transformers\bert\seed_123\full\standard\test_results.json,False,19,nervousness,164,,,,,,,,,
C,standard,bert,123.0,test,fixed,missing,Chưa có run full/protocol/kết quả hợp lệ,D:\DoAn\Đồ án NLP\goemotions-multilabel-classification\data\processed\transformers\bert\seed_123\full\standard\test_results.json,False,20,optimism,1581,,,,,,,,,
C,standard,bert,123.0,test,fixed,missing,Chưa có run full/protocol/kết quả hợp lệ,D:\DoAn\Đồ án NLP\goemotions-multilabel-classification\data\processed\transformers\bert\seed_123\full\standard\test_results.json,False,21,pride,111,,,,,,,,,
C,standard,bert,123.0,test,fixed,missing,Chưa có run full/protocol/kết quả hợp lệ,D:\DoAn\Đồ án NLP\goemotions-multilabel-classification\data\processed\transformers\bert\seed_123\full\standard\test_results.json,False,22,realization,1110,,,,,,,,,
C,standard,bert,123.0,test,fixed,missing,Chưa có run full/protocol/kết quả hợp lệ,D:\DoAn\Đồ án NLP\goemotions-multilabel-classification\data\processed\transformers\bert\seed_123\full\standard\test_results.json,False,23,relief,153,,,,,,,,,
C,standard,bert,123.0,test,fixed,missing,Chưa có run full/protocol/kết quả hợp lệ,D:\DoAn\Đồ án NLP\goemotions-multilabel-classification\data\processed\transformers\bert\seed_123\full\standard\test_results.json,False,24,remorse,545,,,,,,,,,
C,standard,bert,123.0,test,fixed,missing,Chưa có run full/protocol/kết quả hợp lệ,D:\DoAn\Đồ án NLP\goemotions-multilabel-classification\data\processed\transformers\bert\seed_123\full\standard\test_results.json,False,25,sadness,1326,,,,,,,,,
C,standard,bert,123.0,test,fixed,missing,Chưa có run full/protocol/kết quả hợp lệ,D:\DoAn\Đồ án NLP\goemotions-multilabel-classification\data\processed\transformers\bert\seed_123\full\standard\test_results.json,False,26,surprise,1060,,,,,,,,,
C,standard,bert,123.0,test,fixed,missing,Chưa có run full/protocol/kết quả hợp lệ,D:\DoAn\Đồ án NLP\goemotions-multilabel-classification\data\processed\transformers\bert\seed_123\full\standard\test_results.json,False,27,neutral,14219,,,,,,,,,
C,standard,bert,123.0,test,global,missing,Chưa có run full/protocol/kết quả hợp lệ,D:\DoAn\Đồ án NLP\goemotions-multilabel-classification\data\processed\transformers\bert\seed_123\full\standard\test_results.json,False,0,admiration,4130,,,,,,,,,
C,standard,bert,123.0,test,global,missing,Chưa có run full/protocol/kết quả hợp lệ,D:\DoAn\Đồ án NLP\goemotions-multilabel-classification\data\processed\transformers\bert\seed_123\full\standard\test_results.json,False,1,amusement,2328,,,,,,,,,
C,standard,bert,123.0,test,global,missing,Chưa có run full/protocol/kết quả hợp lệ,D:\DoAn\Đồ án NLP\goemotions-multilabel-classification\data\processed\transformers\bert\seed_123\full\standard\test_results.json,False,2,anger,1567,,,,,,,,,
C,standard,bert,123.0,test,global,missing,Chưa có run full/protocol/kết quả hợp lệ,D:\DoAn\Đồ án NLP\goemotions-multilabel-classification\data\processed\transformers\bert\seed_123\full\standard\test_results.json,False,3,annoyance,2470,,,,,,,,,
C,standard,bert,123.0,test,global,missing,Chưa có run full/protocol/kết quả hợp lệ,D:\DoAn\Đồ án NLP\goemotions-multilabel-classification\data\processed\transformers\bert\seed_123\full\standard\test_results.json,False,4,approval,2939,,,,,,,,,
C,standard,bert,123.0,test,global,missing,Chưa có run full/protocol/kết quả hợp lệ,D:\DoAn\Đồ án NLP\goemotions-multilabel-classification\data\processed\transformers\bert\seed_123\full\standard\test_results.json,False,5,caring,1087,,,,,,,,,
C,standard,bert,123.0,test,global,missing,Chưa có run full/protocol/kết quả hợp lệ,D:\DoAn\Đồ án NLP\goemotions-multilabel-classification\data\processed\transformers\bert\seed_123\full\standard\test_results.json,False,6,confusion,1368,,,,,,,,,
C,standard,bert,123.0,test,global,missing,Chưa có run full/protocol/kết quả hợp lệ,D:\DoAn\Đồ án NLP\goemotions-multilabel-classification\data\processed\transformers\bert\seed_123\full\standard\test_results.json,False,7,curiosity,2191,,,,,,,,,
C,standard,bert,123.0,test,global,missing,Chưa có run full/protocol/kết quả hợp lệ,D:\DoAn\Đồ án NLP\goemotions-multilabel-classification\data\processed\transformers\bert\seed_123\full\standard\test_results.json,False,8,desire,641,,,,,,,,,
C,standard,bert,123.0,test,global,missing,Chưa có run full/protocol/kết quả hợp lệ,D:\DoAn\Đồ án NLP\goemotions-multilabel-classification\data\processed\transformers\bert\seed_123\full\standard\test_results.json,False,9,disappointment,1269,,,,,,,,,
C,standard,bert,123.0,test,global,missing,Chưa có run full/protocol/kết quả hợp lệ,D:\DoAn\Đồ án NLP\goemotions-multilabel-classification\data\processed\transformers\bert\seed_123\full\standard\test_results.json,False,10,disapproval,2022,,,,,,,,,
C,standard,bert,123.0,test,global,missing,Chưa có run full/protocol/kết quả hợp lệ,D:\DoAn\Đồ án NLP\goemotions-multilabel-classification\data\processed\transformers\bert\seed_123\full\standard\test_results.json,False,11,disgust,793,,,,,,,,,
C,standard,bert,123.0,test,global,missing,Chưa có run full/protocol/kết quả hợp lệ,D:\DoAn\Đồ án NLP\goemotions-multilabel-classification\data\processed\transformers\bert\seed_123\full\standard\test_results.json,False,12,embarrassment,303,,,,,,,,,
C,standard,bert,123.0,test,global,missing,Chưa có run full/protocol/kết quả hợp lệ,D:\DoAn\Đồ án NLP\goemotions-multilabel-classification\data\processed\transformers\bert\seed_123\full\standard\test_results.json,False,13,excitement,853,,,,,,,,,
C,standard,bert,123.0,test,global,missing,Chưa có run full/protocol/kết quả hợp lệ,D:\DoAn\Đồ án NLP\goemotions-multilabel-classification\data\processed\transformers\bert\seed_123\full\standard\test_results.json,False,14,fear,596,,,,,,,,,
C,standard,bert,123.0,test,global,missing,Chưa có run full/protocol/kết quả hợp lệ,D:\DoAn\Đồ án NLP\goemotions-multilabel-classification\data\processed\transformers\bert\seed_123\full\standard\test_results.json,False,15,gratitude,2662,,,,,,,,,
C,standard,bert,123.0,test,global,missing,Chưa có run full/protocol/kết quả hợp lệ,D:\DoAn\Đồ án NLP\goemotions-multilabel-classification\data\processed\transformers\bert\seed_123\full\standard\test_results.json,False,16,grief,77,,,,,,,,,
C,standard,bert,123.0,test,global,missing,Chưa có run full/protocol/kết quả hợp lệ,D:\DoAn\Đồ án NLP\goemotions-multilabel-classification\data\processed\transformers\bert\seed_123\full\standard\test_results.json,False,17,joy,1452,,,,,,,,,
C,standard,bert,123.0,test,global,missing,Chưa có run full/protocol/kết quả hợp lệ,D:\DoAn\Đồ án NLP\goemotions-multilabel-classification\data\processed\transformers\bert\seed_123\full\standard\test_results.json,False,18,love,2086,,,,,,,,,
C,standard,bert,123.0,test,global,missing,Chưa có run full/protocol/kết quả hợp lệ,D:\DoAn\Đồ án NLP\goemotions-multilabel-classification\data\processed\transformers\bert\seed_123\full\standard\test_results.json,False,19,nervousness,164,,,,,,,,,
C,standard,bert,123.0,test,global,missing,Chưa có run full/protocol/kết quả hợp lệ,D:\DoAn\Đồ án NLP\goemotions-multilabel-classification\data\processed\transformers\bert\seed_123\full\standard\test_results.json,False,20,optimism,1581,,,,,,,,,
C,standard,bert,123.0,test,global,missing,Chưa có run full/protocol/kết quả hợp lệ,D:\DoAn\Đồ án NLP\goemotions-multilabel-classification\data\processed\transformers\bert\seed_123\full\standard\test_results.json,False,21,pride,111,,,,,,,,,
C,standard,bert,123.0,test,global,missing,Chưa có run full/protocol/kết quả hợp lệ,D:\DoAn\Đồ án NLP\goemotions-multilabel-classification\data\processed\transformers\bert\seed_123\full\standard\test_results.json,False,22,realization,1110,,,,,,,,,
C,standard,bert,123.0,test,global,missing,Chưa có run full/protocol/kết quả hợp lệ,D:\DoAn\Đồ án NLP\goemotions-multilabel-classification\data\processed\transformers\bert\seed_123\full\standard\test_results.json,False,23,relief,153,,,,,,,,,
C,standard,bert,123.0,test,global,missing,Chưa có run full/protocol/kết quả hợp lệ,D:\DoAn\Đồ án NLP\goemotions-multilabel-classification\data\processed\transformers\bert\seed_123\full\standard\test_results.json,False,24,remorse,545,,,,,,,,,
C,standard,bert,123.0,test,global,missing,Chưa có run full/protocol/kết quả hợp lệ,D:\DoAn\Đồ án NLP\goemotions-multilabel-classification\data\processed\transformers\bert\seed_123\full\standard\test_results.json,False,25,sadness,1326,,,,,,,,,
C,standard,bert,123.0,test,global,missing,Chưa có run full/protocol/kết quả hợp lệ,D:\DoAn\Đồ án NLP\goemotions-multilabel-classification\data\processed\transformers\bert\seed_123\full\standard\test_results.json,False,26,surprise,1060,,,,,,,,,
C,standard,bert,123.0,test,global,missing,Chưa có run full/protocol/kết quả hợp lệ,D:\DoAn\Đồ án NLP\goemotions-multilabel-classification\data\processed\transformers\bert\seed_123\full\standard\test_results.json,False,27,neutral,14219,,,,,,,,,
C,standard,bert,123.0,test,tuned,missing,Chưa có run full/protocol/kết quả hợp lệ,D:\DoAn\Đồ án NLP\goemotions-multilabel-classification\data\processed\transformers\bert\seed_123\full\standard\test_results.json,False,0,admiration,4130,,,,,,,,,
C,standard,bert,123.0,test,tuned,missing,Chưa có run full/protocol/kết quả hợp lệ,D:\DoAn\Đồ án NLP\goemotions-multilabel-classification\data\processed\transformers\bert\seed_123\full\standard\test_results.json,False,1,amusement,2328,,,,,,,,,
C,standard,bert,123.0,test,tuned,missing,Chưa có run full/protocol/kết quả hợp lệ,D:\DoAn\Đồ án NLP\goemotions-multilabel-classification\data\processed\transformers\bert\seed_123\full\standard\test_results.json,False,2,anger,1567,,,,,,,,,
C,standard,bert,123.0,test,tuned,missing,Chưa có run full/protocol/kết quả hợp lệ,D:\DoAn\Đồ án NLP\goemotions-multilabel-classification\data\processed\transformers\bert\seed_123\full\standard\test_results.json,False,3,annoyance,2470,,,,,,,,,
C,standard,bert,123.0,test,tuned,missing,Chưa có run full/protocol/kết quả hợp lệ,D:\DoAn\Đồ án NLP\goemotions-multilabel-classification\data\processed\transformers\bert\seed_123\full\standard\test_results.json,False,4,approval,2939,,,,,,,,,
C,standard,bert,123.0,test,tuned,missing,Chưa có run full/protocol/kết quả hợp lệ,D:\DoAn\Đồ án NLP\goemotions-multilabel-classification\data\processed\transformers\bert\seed_123\full\standard\test_results.json,False,5,caring,1087,,,,,,,,,
C,standard,bert,123.0,test,tuned,missing,Chưa có run full/protocol/kết quả hợp lệ,D:\DoAn\Đồ án NLP\goemotions-multilabel-classification\data\processed\transformers\bert\seed_123\full\standard\test_results.json,False,6,confusion,1368,,,,,,,,,
C,standard,bert,123.0,test,tuned,missing,Chưa có run full/protocol/kết quả hợp lệ,D:\DoAn\Đồ án NLP\goemotions-multilabel-classification\data\processed\transformers\bert\seed_123\full\standard\test_results.json,False,7,curiosity,2191,,,,,,,,,
C,standard,bert,123.0,test,tuned,missing,Chưa có run full/protocol/kết quả hợp lệ,D:\DoAn\Đồ án NLP\goemotions-multilabel-classification\data\processed\transformers\bert\seed_123\full\standard\test_results.json,False,8,desire,641,,,,,,,,,
C,standard,bert,123.0,test,tuned,missing,Chưa có run full/protocol/kết quả hợp lệ,D:\DoAn\Đồ án NLP\goemotions-multilabel-classification\data\processed\transformers\bert\seed_123\full\standard\test_results.json,False,9,disappointment,1269,,,,,,,,,
C,standard,bert,123.0,test,tuned,missing,Chưa có run full/protocol/kết quả hợp lệ,D:\DoAn\Đồ án NLP\goemotions-multilabel-classification\data\processed\transformers\bert\seed_123\full\standard\test_results.json,False,10,disapproval,2022,,,,,,,,,
C,standard,bert,123.0,test,tuned,missing,Chưa có run full/protocol/kết quả hợp lệ,D:\DoAn\Đồ án NLP\goemotions-multilabel-classification\data\processed\transformers\bert\seed_123\full\standard\test_results.json,False,11,disgust,793,,,,,,,,,
C,standard,bert,123.0,test,tuned,missing,Chưa có run full/protocol/kết quả hợp lệ,D:\DoAn\Đồ án NLP\goemotions-multilabel-classification\data\processed\transformers\bert\seed_123\full\standard\test_results.json,False,12,embarrassment,303,,,,,,,,,
C,standard,bert,123.0,test,tuned,missing,Chưa có run full/protocol/kết quả hợp lệ,D:\DoAn\Đồ án NLP\goemotions-multilabel-classification\data\processed\transformers\bert\seed_123\full\standard\test_results.json,False,13,excitement,853,,,,,,,,,
C,standard,bert,123.0,test,tuned,missing,Chưa có run full/protocol/kết quả hợp lệ,D:\DoAn\Đồ án NLP\goemotions-multilabel-classification\data\processed\transformers\bert\seed_123\full\standard\test_results.json,False,14,fear,596,,,,,,,,,
C,standard,bert,123.0,test,tuned,missing,Chưa có run full/protocol/kết quả hợp lệ,D:\DoAn\Đồ án NLP\goemotions-multilabel-classification\data\processed\transformers\bert\seed_123\full\standard\test_results.json,False,15,gratitude,2662,,,,,,,,,
C,standard,bert,123.0,test,tuned,missing,Chưa có run full/protocol/kết quả hợp lệ,D:\DoAn\Đồ án NLP\goemotions-multilabel-classification\data\processed\transformers\bert\seed_123\full\standard\test_results.json,False,16,grief,77,,,,,,,,,
C,standard,bert,123.0,test,tuned,missing,Chưa có run full/protocol/kết quả hợp lệ,D:\DoAn\Đồ án NLP\goemotions-multilabel-classification\data\processed\transformers\bert\seed_123\full\standard\test_results.json,False,17,joy,1452,,,,,,,,,
C,standard,bert,123.0,test,tuned,missing,Chưa có run full/protocol/kết quả hợp lệ,D:\DoAn\Đồ án NLP\goemotions-multilabel-classification\data\processed\transformers\bert\seed_123\full\standard\test_results.json,False,18,love,2086,,,,,,,,,
C,standard,bert,123.0,test,tuned,missing,Chưa có run full/protocol/kết quả hợp lệ,D:\DoAn\Đồ án NLP\goemotions-multilabel-classification\data\processed\transformers\bert\seed_123\full\standard\test_results.json,False,19,nervousness,164,,,,,,,,,
C,standard,bert,123.0,test,tuned,missing,Chưa có run full/protocol/kết quả hợp lệ,D:\DoAn\Đồ án NLP\goemotions-multilabel-classification\data\processed\transformers\bert\seed_123\full\standard\test_results.json,False,20,optimism,1581,,,,,,,,,
C,standard,bert,123.0,test,tuned,missing,Chưa có run full/protocol/kết quả hợp lệ,D:\DoAn\Đồ án NLP\goemotions-multilabel-classification\data\processed\transformers\bert\seed_123\full\standard\test_results.json,False,21,pride,111,,,,,,,,,
C,standard,bert,123.0,test,tuned,missing,Chưa có run full/protocol/kết quả hợp lệ,D:\DoAn\Đồ án NLP\goemotions-multilabel-classification\data\processed\transformers\bert\seed_123\full\standard\test_results.json,False,22,realization,1110,,,,,,,,,
C,standard,bert,123.0,test,tuned,missing,Chưa có run full/protocol/kết quả hợp lệ,D:\DoAn\Đồ án NLP\goemotions-multilabel-classification\data\processed\transformers\bert\seed_123\full\standard\test_results.json,False,23,relief,153,,,,,,,,,
C,standard,bert,123.0,test,tuned,missing,Chưa có run full/protocol/kết quả hợp lệ,D:\DoAn\Đồ án NLP\goemotions-multilabel-classification\data\processed\transformers\bert\seed_123\full\standard\test_results.json,False,24,remorse,545,,,,,,,,,
C,standard,bert,123.0,test,tuned,missing,Chưa có run full/protocol/kết quả hợp lệ,D:\DoAn\Đồ án NLP\goemotions-multilabel-classification\data\processed\transformers\bert\seed_123\full\standard\test_results.json,False,25,sadness,1326,,,,,,,,,
C,standard,bert,123.0,test,tuned,missing,Chưa có run full/protocol/kết quả hợp lệ,D:\DoAn\Đồ án NLP\goemotions-multilabel-classification\data\processed\transformers\bert\seed_123\full\standard\test_results.json,False,26,surprise,1060,,,,,,,,,
C,standard,bert,123.0,test,tuned,missing,Chưa có run full/protocol/kết quả hợp lệ,D:\DoAn\Đồ án NLP\goemotions-multilabel-classification\data\processed\transformers\bert\seed_123\full\standard\test_results.json,False,27,neutral,14219,,,,,,,,,
C,standard,bert,2026.0,validation,fixed,missing,Chưa có run full/protocol/kết quả hợp lệ,D:\DoAn\Đồ án NLP\goemotions-multilabel-classification\data\processed\transformers\bert\seed_2026\full\standard\validation_metrics.json,False,0,admiration,4130,,,,,,,,,
C,standard,bert,2026.0,validation,fixed,missing,Chưa có run full/protocol/kết quả hợp lệ,D:\DoAn\Đồ án NLP\goemotions-multilabel-classification\data\processed\transformers\bert\seed_2026\full\standard\validation_metrics.json,False,1,amusement,2328,,,,,,,,,
C,standard,bert,2026.0,validation,fixed,missing,Chưa có run full/protocol/kết quả hợp lệ,D:\DoAn\Đồ án NLP\goemotions-multilabel-classification\data\processed\transformers\bert\seed_2026\full\standard\validation_metrics.json,False,2,anger,1567,,,,,,,,,
C,standard,bert,2026.0,validation,fixed,missing,Chưa có run full/protocol/kết quả hợp lệ,D:\DoAn\Đồ án NLP\goemotions-multilabel-classification\data\processed\transformers\bert\seed_2026\full\standard\validation_metrics.json,False,3,annoyance,2470,,,,,,,,,
C,standard,bert,2026.0,validation,fixed,missing,Chưa có run full/protocol/kết quả hợp lệ,D:\DoAn\Đồ án NLP\goemotions-multilabel-classification\data\processed\transformers\bert\seed_2026\full\standard\validation_metrics.json,False,4,approval,2939,,,,,,,,,
C,standard,bert,2026.0,validation,fixed,missing,Chưa có run full/protocol/kết quả hợp lệ,D:\DoAn\Đồ án NLP\goemotions-multilabel-classification\data\processed\transformers\bert\seed_2026\full\standard\validation_metrics.json,False,5,caring,1087,,,,,,,,,
C,standard,bert,2026.0,validation,fixed,missing,Chưa có run full/protocol/kết quả hợp lệ,D:\DoAn\Đồ án NLP\goemotions-multilabel-classification\data\processed\transformers\bert\seed_2026\full\standard\validation_metrics.json,False,6,confusion,1368,,,,,,,,,
C,standard,bert,2026.0,validation,fixed,missing,Chưa có run full/protocol/kết quả hợp lệ,D:\DoAn\Đồ án NLP\goemotions-multilabel-classification\data\processed\transformers\bert\seed_2026\full\standard\validation_metrics.json,False,7,curiosity,2191,,,,,,,,,
C,standard,bert,2026.0,validation,fixed,missing,Chưa có run full/protocol/kết quả hợp lệ,D:\DoAn\Đồ án NLP\goemotions-multilabel-classification\data\processed\transformers\bert\seed_2026\full\standard\validation_metrics.json,False,8,desire,641,,,,,,,,,
C,standard,bert,2026.0,validation,fixed,missing,Chưa có run full/protocol/kết quả hợp lệ,D:\DoAn\Đồ án NLP\goemotions-multilabel-classification\data\processed\transformers\bert\seed_2026\full\standard\validation_metrics.json,False,9,disappointment,1269,,,,,,,,,
C,standard,bert,2026.0,validation,fixed,missing,Chưa có run full/protocol/kết quả hợp lệ,D:\DoAn\Đồ án NLP\goemotions-multilabel-classification\data\processed\transformers\bert\seed_2026\full\standard\validation_metrics.json,False,10,disapproval,2022,,,,,,,,,
C,standard,bert,2026.0,validation,fixed,missing,Chưa có run full/protocol/kết quả hợp lệ,D:\DoAn\Đồ án NLP\goemotions-multilabel-classification\data\processed\transformers\bert\seed_2026\full\standard\validation_metrics.json,False,11,disgust,793,,,,,,,,,
C,standard,bert,2026.0,validation,fixed,missing,Chưa có run full/protocol/kết quả hợp lệ,D:\DoAn\Đồ án NLP\goemotions-multilabel-classification\data\processed\transformers\bert\seed_2026\full\standard\validation_metrics.json,False,12,embarrassment,303,,,,,,,,,
C,standard,bert,2026.0,validation,fixed,missing,Chưa có run full/protocol/kết quả hợp lệ,D:\DoAn\Đồ án NLP\goemotions-multilabel-classification\data\processed\transformers\bert\seed_2026\full\standard\validation_metrics.json,False,13,excitement,853,,,,,,,,,
C,standard,bert,2026.0,validation,fixed,missing,Chưa có run full/protocol/kết quả hợp lệ,D:\DoAn\Đồ án NLP\goemotions-multilabel-classification\data\processed\transformers\bert\seed_2026\full\standard\validation_metrics.json,False,14,fear,596,,,,,,,,,
C,standard,bert,2026.0,validation,fixed,missing,Chưa có run full/protocol/kết quả hợp lệ,D:\DoAn\Đồ án NLP\goemotions-multilabel-classification\data\processed\transformers\bert\seed_2026\full\standard\validation_metrics.json,False,15,gratitude,2662,,,,,,,,,
C,standard,bert,2026.0,validation,fixed,missing,Chưa có run full/protocol/kết quả hợp lệ,D:\DoAn\Đồ án NLP\goemotions-multilabel-classification\data\processed\transformers\bert\seed_2026\full\standard\validation_metrics.json,False,16,grief,77,,,,,,,,,
C,standard,bert,2026.0,validation,fixed,missing,Chưa có run full/protocol/kết quả hợp lệ,D:\DoAn\Đồ án NLP\goemotions-multilabel-classification\data\processed\transformers\bert\seed_2026\full\standard\validation_metrics.json,False,17,joy,1452,,,,,,,,,
C,standard,bert,2026.0,validation,fixed,missing,Chưa có run full/protocol/kết quả hợp lệ,D:\DoAn\Đồ án NLP\goemotions-multilabel-classification\data\processed\transformers\bert\seed_2026\full\standard\validation_metrics.json,False,18,love,2086,,,,,,,,,
C,standard,bert,2026.0,validation,fixed,missing,Chưa có run full/protocol/kết quả hợp lệ,D:\DoAn\Đồ án NLP\goemotions-multilabel-classification\data\processed\transformers\bert\seed_2026\full\standard\validation_metrics.json,False,19,nervousness,164,,,,,,,,,
C,standard,bert,2026.0,validation,fixed,missing,Chưa có run full/protocol/kết quả hợp lệ,D:\DoAn\Đồ án NLP\goemotions-multilabel-classification\data\processed\transformers\bert\seed_2026\full\standard\validation_metrics.json,False,20,optimism,1581,,,,,,,,,
C,standard,bert,2026.0,validation,fixed,missing,Chưa có run full/protocol/kết quả hợp lệ,D:\DoAn\Đồ án NLP\goemotions-multilabel-classification\data\processed\transformers\bert\seed_2026\full\standard\validation_metrics.json,False,21,pride,111,,,,,,,,,
C,standard,bert,2026.0,validation,fixed,missing,Chưa có run full/protocol/kết quả hợp lệ,D:\DoAn\Đồ án NLP\goemotions-multilabel-classification\data\processed\transformers\bert\seed_2026\full\standard\validation_metrics.json,False,22,realization,1110,,,,,,,,,
C,standard,bert,2026.0,validation,fixed,missing,Chưa có run full/protocol/kết quả hợp lệ,D:\DoAn\Đồ án NLP\goemotions-multilabel-classification\data\processed\transformers\bert\seed_2026\full\standard\validation_metrics.json,False,23,relief,153,,,,,,,,,
C,standard,bert,2026.0,validation,fixed,missing,Chưa có run full/protocol/kết quả hợp lệ,D:\DoAn\Đồ án NLP\goemotions-multilabel-classification\data\processed\transformers\bert\seed_2026\full\standard\validation_metrics.json,False,24,remorse,545,,,,,,,,,
C,standard,bert,2026.0,validation,fixed,missing,Chưa có run full/protocol/kết quả hợp lệ,D:\DoAn\Đồ án NLP\goemotions-multilabel-classification\data\processed\transformers\bert\seed_2026\full\standard\validation_metrics.json,False,25,sadness,1326,,,,,,,,,
C,standard,bert,2026.0,validation,fixed,missing,Chưa có run full/protocol/kết quả hợp lệ,D:\DoAn\Đồ án NLP\goemotions-multilabel-classification\data\processed\transformers\bert\seed_2026\full\standard\validation_metrics.json,False,26,surprise,1060,,,,,,,,,
C,standard,bert,2026.0,validation,fixed,missing,Chưa có run full/protocol/kết quả hợp lệ,D:\DoAn\Đồ án NLP\goemotions-multilabel-classification\data\processed\transformers\bert\seed_2026\full\standard\validation_metrics.json,False,27,neutral,14219,,,,,,,,,
C,standard,bert,2026.0,validation,global,missing,Chưa có run full/protocol/kết quả hợp lệ,D:\DoAn\Đồ án NLP\goemotions-multilabel-classification\data\processed\transformers\bert\seed_2026\full\standard\final_protocol.json,True,0,admiration,4130,,,,,,,,,
C,standard,bert,2026.0,validation,global,missing,Chưa có run full/protocol/kết quả hợp lệ,D:\DoAn\Đồ án NLP\goemotions-multilabel-classification\data\processed\transformers\bert\seed_2026\full\standard\final_protocol.json,True,1,amusement,2328,,,,,,,,,
C,standard,bert,2026.0,validation,global,missing,Chưa có run full/protocol/kết quả hợp lệ,D:\DoAn\Đồ án NLP\goemotions-multilabel-classification\data\processed\transformers\bert\seed_2026\full\standard\final_protocol.json,True,2,anger,1567,,,,,,,,,
C,standard,bert,2026.0,validation,global,missing,Chưa có run full/protocol/kết quả hợp lệ,D:\DoAn\Đồ án NLP\goemotions-multilabel-classification\data\processed\transformers\bert\seed_2026\full\standard\final_protocol.json,True,3,annoyance,2470,,,,,,,,,
C,standard,bert,2026.0,validation,global,missing,Chưa có run full/protocol/kết quả hợp lệ,D:\DoAn\Đồ án NLP\goemotions-multilabel-classification\data\processed\transformers\bert\seed_2026\full\standard\final_protocol.json,True,4,approval,2939,,,,,,,,,
C,standard,bert,2026.0,validation,global,missing,Chưa có run full/protocol/kết quả hợp lệ,D:\DoAn\Đồ án NLP\goemotions-multilabel-classification\data\processed\transformers\bert\seed_2026\full\standard\final_protocol.json,True,5,caring,1087,,,,,,,,,
C,standard,bert,2026.0,validation,global,missing,Chưa có run full/protocol/kết quả hợp lệ,D:\DoAn\Đồ án NLP\goemotions-multilabel-classification\data\processed\transformers\bert\seed_2026\full\standard\final_protocol.json,True,6,confusion,1368,,,,,,,,,
C,standard,bert,2026.0,validation,global,missing,Chưa có run full/protocol/kết quả hợp lệ,D:\DoAn\Đồ án NLP\goemotions-multilabel-classification\data\processed\transformers\bert\seed_2026\full\standard\final_protocol.json,True,7,curiosity,2191,,,,,,,,,
C,standard,bert,2026.0,validation,global,missing,Chưa có run full/protocol/kết quả hợp lệ,D:\DoAn\Đồ án NLP\goemotions-multilabel-classification\data\processed\transformers\bert\seed_2026\full\standard\final_protocol.json,True,8,desire,641,,,,,,,,,
C,standard,bert,2026.0,validation,global,missing,Chưa có run full/protocol/kết quả hợp lệ,D:\DoAn\Đồ án NLP\goemotions-multilabel-classification\data\processed\transformers\bert\seed_2026\full\standard\final_protocol.json,True,9,disappointment,1269,,,,,,,,,
C,standard,bert,2026.0,validation,global,missing,Chưa có run full/protocol/kết quả hợp lệ,D:\DoAn\Đồ án NLP\goemotions-multilabel-classification\data\processed\transformers\bert\seed_2026\full\standard\final_protocol.json,True,10,disapproval,2022,,,,,,,,,
C,standard,bert,2026.0,validation,global,missing,Chưa có run full/protocol/kết quả hợp lệ,D:\DoAn\Đồ án NLP\goemotions-multilabel-classification\data\processed\transformers\bert\seed_2026\full\standard\final_protocol.json,True,11,disgust,793,,,,,,,,,
C,standard,bert,2026.0,validation,global,missing,Chưa có run full/protocol/kết quả hợp lệ,D:\DoAn\Đồ án NLP\goemotions-multilabel-classification\data\processed\transformers\bert\seed_2026\full\standard\final_protocol.json,True,12,embarrassment,303,,,,,,,,,
C,standard,bert,2026.0,validation,global,missing,Chưa có run full/protocol/kết quả hợp lệ,D:\DoAn\Đồ án NLP\goemotions-multilabel-classification\data\processed\transformers\bert\seed_2026\full\standard\final_protocol.json,True,13,excitement,853,,,,,,,,,
C,standard,bert,2026.0,validation,global,missing,Chưa có run full/protocol/kết quả hợp lệ,D:\DoAn\Đồ án NLP\goemotions-multilabel-classification\data\processed\transformers\bert\seed_2026\full\standard\final_protocol.json,True,14,fear,596,,,,,,,,,
C,standard,bert,2026.0,validation,global,missing,Chưa có run full/protocol/kết quả hợp lệ,D:\DoAn\Đồ án NLP\goemotions-multilabel-classification\data\processed\transformers\bert\seed_2026\full\standard\final_protocol.json,True,15,gratitude,2662,,,,,,,,,
C,standard,bert,2026.0,validation,global,missing,Chưa có run full/protocol/kết quả hợp lệ,D:\DoAn\Đồ án NLP\goemotions-multilabel-classification\data\processed\transformers\bert\seed_2026\full\standard\final_protocol.json,True,16,grief,77,,,,,,,,,
C,standard,bert,2026.0,validation,global,missing,Chưa có run full/protocol/kết quả hợp lệ,D:\DoAn\Đồ án NLP\goemotions-multilabel-classification\data\processed\transformers\bert\seed_2026\full\standard\final_protocol.json,True,17,joy,1452,,,,,,,,,
C,standard,bert,2026.0,validation,global,missing,Chưa có run full/protocol/kết quả hợp lệ,D:\DoAn\Đồ án NLP\goemotions-multilabel-classification\data\processed\transformers\bert\seed_2026\full\standard\final_protocol.json,True,18,love,2086,,,,,,,,,
C,standard,bert,2026.0,validation,global,missing,Chưa có run full/protocol/kết quả hợp lệ,D:\DoAn\Đồ án NLP\goemotions-multilabel-classification\data\processed\transformers\bert\seed_2026\full\standard\final_protocol.json,True,19,nervousness,164,,,,,,,,,
C,standard,bert,2026.0,validation,global,missing,Chưa có run full/protocol/kết quả hợp lệ,D:\DoAn\Đồ án NLP\goemotions-multilabel-classification\data\processed\transformers\bert\seed_2026\full\standard\final_protocol.json,True,20,optimism,1581,,,,,,,,,
C,standard,bert,2026.0,validation,global,missing,Chưa có run full/protocol/kết quả hợp lệ,D:\DoAn\Đồ án NLP\goemotions-multilabel-classification\data\processed\transformers\bert\seed_2026\full\standard\final_protocol.json,True,21,pride,111,,,,,,,,,
C,standard,bert,2026.0,validation,global,missing,Chưa có run full/protocol/kết quả hợp lệ,D:\DoAn\Đồ án NLP\goemotions-multilabel-classification\data\processed\transformers\bert\seed_2026\full\standard\final_protocol.json,True,22,realization,1110,,,,,,,,,
C,standard,bert,2026.0,validation,global,missing,Chưa có run full/protocol/kết quả hợp lệ,D:\DoAn\Đồ án NLP\goemotions-multilabel-classification\data\processed\transformers\bert\seed_2026\full\standard\final_protocol.json,True,23,relief,153,,,,,,,,,
C,standard,bert,2026.0,validation,global,missing,Chưa có run full/protocol/kết quả hợp lệ,D:\DoAn\Đồ án NLP\goemotions-multilabel-classification\data\processed\transformers\bert\seed_2026\full\standard\final_protocol.json,True,24,remorse,545,,,,,,,,,
C,standard,bert,2026.0,validation,global,missing,Chưa có run full/protocol/kết quả hợp lệ,D:\DoAn\Đồ án NLP\goemotions-multilabel-classification\data\processed\transformers\bert\seed_2026\full\standard\final_protocol.json,True,25,sadness,1326,,,,,,,,,
C,standard,bert,2026.0,validation,global,missing,Chưa có run full/protocol/kết quả hợp lệ,D:\DoAn\Đồ án NLP\goemotions-multilabel-classification\data\processed\transformers\bert\seed_2026\full\standard\final_protocol.json,True,26,surprise,1060,,,,,,,,,
C,standard,bert,2026.0,validation,global,missing,Chưa có run full/protocol/kết quả hợp lệ,D:\DoAn\Đồ án NLP\goemotions-multilabel-classification\data\processed\transformers\bert\seed_2026\full\standard\final_protocol.json,True,27,neutral,14219,,,,,,,,,
C,standard,bert,2026.0,validation,tuned,missing,Chưa có run full/protocol/kết quả hợp lệ,D:\DoAn\Đồ án NLP\goemotions-multilabel-classification\data\processed\transformers\bert\seed_2026\full\standard\final_protocol.json,True,0,admiration,4130,,,,,,,,,
C,standard,bert,2026.0,validation,tuned,missing,Chưa có run full/protocol/kết quả hợp lệ,D:\DoAn\Đồ án NLP\goemotions-multilabel-classification\data\processed\transformers\bert\seed_2026\full\standard\final_protocol.json,True,1,amusement,2328,,,,,,,,,
C,standard,bert,2026.0,validation,tuned,missing,Chưa có run full/protocol/kết quả hợp lệ,D:\DoAn\Đồ án NLP\goemotions-multilabel-classification\data\processed\transformers\bert\seed_2026\full\standard\final_protocol.json,True,2,anger,1567,,,,,,,,,
C,standard,bert,2026.0,validation,tuned,missing,Chưa có run full/protocol/kết quả hợp lệ,D:\DoAn\Đồ án NLP\goemotions-multilabel-classification\data\processed\transformers\bert\seed_2026\full\standard\final_protocol.json,True,3,annoyance,2470,,,,,,,,,
C,standard,bert,2026.0,validation,tuned,missing,Chưa có run full/protocol/kết quả hợp lệ,D:\DoAn\Đồ án NLP\goemotions-multilabel-classification\data\processed\transformers\bert\seed_2026\full\standard\final_protocol.json,True,4,approval,2939,,,,,,,,,
C,standard,bert,2026.0,validation,tuned,missing,Chưa có run full/protocol/kết quả hợp lệ,D:\DoAn\Đồ án NLP\goemotions-multilabel-classification\data\processed\transformers\bert\seed_2026\full\standard\final_protocol.json,True,5,caring,1087,,,,,,,,,
C,standard,bert,2026.0,validation,tuned,missing,Chưa có run full/protocol/kết quả hợp lệ,D:\DoAn\Đồ án NLP\goemotions-multilabel-classification\data\processed\transformers\bert\seed_2026\full\standard\final_protocol.json,True,6,confusion,1368,,,,,,,,,
C,standard,bert,2026.0,validation,tuned,missing,Chưa có run full/protocol/kết quả hợp lệ,D:\DoAn\Đồ án NLP\goemotions-multilabel-classification\data\processed\transformers\bert\seed_2026\full\standard\final_protocol.json,True,7,curiosity,2191,,,,,,,,,
C,standard,bert,2026.0,validation,tuned,missing,Chưa có run full/protocol/kết quả hợp lệ,D:\DoAn\Đồ án NLP\goemotions-multilabel-classification\data\processed\transformers\bert\seed_2026\full\standard\final_protocol.json,True,8,desire,641,,,,,,,,,
C,standard,bert,2026.0,validation,tuned,missing,Chưa có run full/protocol/kết quả hợp lệ,D:\DoAn\Đồ án NLP\goemotions-multilabel-classification\data\processed\transformers\bert\seed_2026\full\standard\final_protocol.json,True,9,disappointment,1269,,,,,,,,,
C,standard,bert,2026.0,validation,tuned,missing,Chưa có run full/protocol/kết quả hợp lệ,D:\DoAn\Đồ án NLP\goemotions-multilabel-classification\data\processed\transformers\bert\seed_2026\full\standard\final_protocol.json,True,10,disapproval,2022,,,,,,,,,
C,standard,bert,2026.0,validation,tuned,missing,Chưa có run full/protocol/kết quả hợp lệ,D:\DoAn\Đồ án NLP\goemotions-multilabel-classification\data\processed\transformers\bert\seed_2026\full\standard\final_protocol.json,True,11,disgust,793,,,,,,,,,
C,standard,bert,2026.0,validation,tuned,missing,Chưa có run full/protocol/kết quả hợp lệ,D:\DoAn\Đồ án NLP\goemotions-multilabel-classification\data\processed\transformers\bert\seed_2026\full\standard\final_protocol.json,True,12,embarrassment,303,,,,,,,,,
C,standard,bert,2026.0,validation,tuned,missing,Chưa có run full/protocol/kết quả hợp lệ,D:\DoAn\Đồ án NLP\goemotions-multilabel-classification\data\processed\transformers\bert\seed_2026\full\standard\final_protocol.json,True,13,excitement,853,,,,,,,,,
C,standard,bert,2026.0,validation,tuned,missing,Chưa có run full/protocol/kết quả hợp lệ,D:\DoAn\Đồ án NLP\goemotions-multilabel-classification\data\processed\transformers\bert\seed_2026\full\standard\final_protocol.json,True,14,fear,596,,,,,,,,,
C,standard,bert,2026.0,validation,tuned,missing,Chưa có run full/protocol/kết quả hợp lệ,D:\DoAn\Đồ án NLP\goemotions-multilabel-classification\data\processed\transformers\bert\seed_2026\full\standard\final_protocol.json,True,15,gratitude,2662,,,,,,,,,
C,standard,bert,2026.0,validation,tuned,missing,Chưa có run full/protocol/kết quả hợp lệ,D:\DoAn\Đồ án NLP\goemotions-multilabel-classification\data\processed\transformers\bert\seed_2026\full\standard\final_protocol.json,True,16,grief,77,,,,,,,,,
C,standard,bert,2026.0,validation,tuned,missing,Chưa có run full/protocol/kết quả hợp lệ,D:\DoAn\Đồ án NLP\goemotions-multilabel-classification\data\processed\transformers\bert\seed_2026\full\standard\final_protocol.json,True,17,joy,1452,,,,,,,,,
C,standard,bert,2026.0,validation,tuned,missing,Chưa có run full/protocol/kết quả hợp lệ,D:\DoAn\Đồ án NLP\goemotions-multilabel-classification\data\processed\transformers\bert\seed_2026\full\standard\final_protocol.json,True,18,love,2086,,,,,,,,,
C,standard,bert,2026.0,validation,tuned,missing,Chưa có run full/protocol/kết quả hợp lệ,D:\DoAn\Đồ án NLP\goemotions-multilabel-classification\data\processed\transformers\bert\seed_2026\full\standard\final_protocol.json,True,19,nervousness,164,,,,,,,,,
C,standard,bert,2026.0,validation,tuned,missing,Chưa có run full/protocol/kết quả hợp lệ,D:\DoAn\Đồ án NLP\goemotions-multilabel-classification\data\processed\transformers\bert\seed_2026\full\standard\final_protocol.json,True,20,optimism,1581,,,,,,,,,
C,standard,bert,2026.0,validation,tuned,missing,Chưa có run full/protocol/kết quả hợp lệ,D:\DoAn\Đồ án NLP\goemotions-multilabel-classification\data\processed\transformers\bert\seed_2026\full\standard\final_protocol.json,True,21,pride,111,,,,,,,,,
C,standard,bert,2026.0,validation,tuned,missing,Chưa có run full/protocol/kết quả hợp lệ,D:\DoAn\Đồ án NLP\goemotions-multilabel-classification\data\processed\transformers\bert\seed_2026\full\standard\final_protocol.json,True,22,realization,1110,,,,,,,,,
C,standard,bert,2026.0,validation,tuned,missing,Chưa có run full/protocol/kết quả hợp lệ,D:\DoAn\Đồ án NLP\goemotions-multilabel-classification\data\processed\transformers\bert\seed_2026\full\standard\final_protocol.json,True,23,relief,153,,,,,,,,,
C,standard,bert,2026.0,validation,tuned,missing,Chưa có run full/protocol/kết quả hợp lệ,D:\DoAn\Đồ án NLP\goemotions-multilabel-classification\data\processed\transformers\bert\seed_2026\full\standard\final_protocol.json,True,24,remorse,545,,,,,,,,,
C,standard,bert,2026.0,validation,tuned,missing,Chưa có run full/protocol/kết quả hợp lệ,D:\DoAn\Đồ án NLP\goemotions-multilabel-classification\data\processed\transformers\bert\seed_2026\full\standard\final_protocol.json,True,25,sadness,1326,,,,,,,,,
C,standard,bert,2026.0,validation,tuned,missing,Chưa có run full/protocol/kết quả hợp lệ,D:\DoAn\Đồ án NLP\goemotions-multilabel-classification\data\processed\transformers\bert\seed_2026\full\standard\final_protocol.json,True,26,surprise,1060,,,,,,,,,
C,standard,bert,2026.0,validation,tuned,missing,Chưa có run full/protocol/kết quả hợp lệ,D:\DoAn\Đồ án NLP\goemotions-multilabel-classification\data\processed\transformers\bert\seed_2026\full\standard\final_protocol.json,True,27,neutral,14219,,,,,,,,,
C,standard,bert,2026.0,test,fixed,missing,Chưa có run full/protocol/kết quả hợp lệ,D:\DoAn\Đồ án NLP\goemotions-multilabel-classification\data\processed\transformers\bert\seed_2026\full\standard\test_results.json,False,0,admiration,4130,,,,,,,,,
C,standard,bert,2026.0,test,fixed,missing,Chưa có run full/protocol/kết quả hợp lệ,D:\DoAn\Đồ án NLP\goemotions-multilabel-classification\data\processed\transformers\bert\seed_2026\full\standard\test_results.json,False,1,amusement,2328,,,,,,,,,
C,standard,bert,2026.0,test,fixed,missing,Chưa có run full/protocol/kết quả hợp lệ,D:\DoAn\Đồ án NLP\goemotions-multilabel-classification\data\processed\transformers\bert\seed_2026\full\standard\test_results.json,False,2,anger,1567,,,,,,,,,
C,standard,bert,2026.0,test,fixed,missing,Chưa có run full/protocol/kết quả hợp lệ,D:\DoAn\Đồ án NLP\goemotions-multilabel-classification\data\processed\transformers\bert\seed_2026\full\standard\test_results.json,False,3,annoyance,2470,,,,,,,,,
C,standard,bert,2026.0,test,fixed,missing,Chưa có run full/protocol/kết quả hợp lệ,D:\DoAn\Đồ án NLP\goemotions-multilabel-classification\data\processed\transformers\bert\seed_2026\full\standard\test_results.json,False,4,approval,2939,,,,,,,,,
C,standard,bert,2026.0,test,fixed,missing,Chưa có run full/protocol/kết quả hợp lệ,D:\DoAn\Đồ án NLP\goemotions-multilabel-classification\data\processed\transformers\bert\seed_2026\full\standard\test_results.json,False,5,caring,1087,,,,,,,,,
C,standard,bert,2026.0,test,fixed,missing,Chưa có run full/protocol/kết quả hợp lệ,D:\DoAn\Đồ án NLP\goemotions-multilabel-classification\data\processed\transformers\bert\seed_2026\full\standard\test_results.json,False,6,confusion,1368,,,,,,,,,
C,standard,bert,2026.0,test,fixed,missing,Chưa có run full/protocol/kết quả hợp lệ,D:\DoAn\Đồ án NLP\goemotions-multilabel-classification\data\processed\transformers\bert\seed_2026\full\standard\test_results.json,False,7,curiosity,2191,,,,,,,,,
C,standard,bert,2026.0,test,fixed,missing,Chưa có run full/protocol/kết quả hợp lệ,D:\DoAn\Đồ án NLP\goemotions-multilabel-classification\data\processed\transformers\bert\seed_2026\full\standard\test_results.json,False,8,desire,641,,,,,,,,,
C,standard,bert,2026.0,test,fixed,missing,Chưa có run full/protocol/kết quả hợp lệ,D:\DoAn\Đồ án NLP\goemotions-multilabel-classification\data\processed\transformers\bert\seed_2026\full\standard\test_results.json,False,9,disappointment,1269,,,,,,,,,
C,standard,bert,2026.0,test,fixed,missing,Chưa có run full/protocol/kết quả hợp lệ,D:\DoAn\Đồ án NLP\goemotions-multilabel-classification\data\processed\transformers\bert\seed_2026\full\standard\test_results.json,False,10,disapproval,2022,,,,,,,,,
C,standard,bert,2026.0,test,fixed,missing,Chưa có run full/protocol/kết quả hợp lệ,D:\DoAn\Đồ án NLP\goemotions-multilabel-classification\data\processed\transformers\bert\seed_2026\full\standard\test_results.json,False,11,disgust,793,,,,,,,,,
C,standard,bert,2026.0,test,fixed,missing,Chưa có run full/protocol/kết quả hợp lệ,D:\DoAn\Đồ án NLP\goemotions-multilabel-classification\data\processed\transformers\bert\seed_2026\full\standard\test_results.json,False,12,embarrassment,303,,,,,,,,,
C,standard,bert,2026.0,test,fixed,missing,Chưa có run full/protocol/kết quả hợp lệ,D:\DoAn\Đồ án NLP\goemotions-multilabel-classification\data\processed\transformers\bert\seed_2026\full\standard\test_results.json,False,13,excitement,853,,,,,,,,,
C,standard,bert,2026.0,test,fixed,missing,Chưa có run full/protocol/kết quả hợp lệ,D:\DoAn\Đồ án NLP\goemotions-multilabel-classification\data\processed\transformers\bert\seed_2026\full\standard\test_results.json,False,14,fear,596,,,,,,,,,
C,standard,bert,2026.0,test,fixed,missing,Chưa có run full/protocol/kết quả hợp lệ,D:\DoAn\Đồ án NLP\goemotions-multilabel-classification\data\processed\transformers\bert\seed_2026\full\standard\test_results.json,False,15,gratitude,2662,,,,,,,,,
C,standard,bert,2026.0,test,fixed,missing,Chưa có run full/protocol/kết quả hợp lệ,D:\DoAn\Đồ án NLP\goemotions-multilabel-classification\data\processed\transformers\bert\seed_2026\full\standard\test_results.json,False,16,grief,77,,,,,,,,,
C,standard,bert,2026.0,test,fixed,missing,Chưa có run full/protocol/kết quả hợp lệ,D:\DoAn\Đồ án NLP\goemotions-multilabel-classification\data\processed\transformers\bert\seed_2026\full\standard\test_results.json,False,17,joy,1452,,,,,,,,,
C,standard,bert,2026.0,test,fixed,missing,Chưa có run full/protocol/kết quả hợp lệ,D:\DoAn\Đồ án NLP\goemotions-multilabel-classification\data\processed\transformers\bert\seed_2026\full\standard\test_results.json,False,18,love,2086,,,,,,,,,
C,standard,bert,2026.0,test,fixed,missing,Chưa có run full/protocol/kết quả hợp lệ,D:\DoAn\Đồ án NLP\goemotions-multilabel-classification\data\processed\transformers\bert\seed_2026\full\standard\test_results.json,False,19,nervousness,164,,,,,,,,,
C,standard,bert,2026.0,test,fixed,missing,Chưa có run full/protocol/kết quả hợp lệ,D:\DoAn\Đồ án NLP\goemotions-multilabel-classification\data\processed\transformers\bert\seed_2026\full\standard\test_results.json,False,20,optimism,1581,,,,,,,,,
C,standard,bert,2026.0,test,fixed,missing,Chưa có run full/protocol/kết quả hợp lệ,D:\DoAn\Đồ án NLP\goemotions-multilabel-classification\data\processed\transformers\bert\seed_2026\full\standard\test_results.json,False,21,pride,111,,,,,,,,,
C,standard,bert,2026.0,test,fixed,missing,Chưa có run full/protocol/kết quả hợp lệ,D:\DoAn\Đồ án NLP\goemotions-multilabel-classification\data\processed\transformers\bert\seed_2026\full\standard\test_results.json,False,22,realization,1110,,,,,,,,,
C,standard,bert,2026.0,test,fixed,missing,Chưa có run full/protocol/kết quả hợp lệ,D:\DoAn\Đồ án NLP\goemotions-multilabel-classification\data\processed\transformers\bert\seed_2026\full\standard\test_results.json,False,23,relief,153,,,,,,,,,
C,standard,bert,2026.0,test,fixed,missing,Chưa có run full/protocol/kết quả hợp lệ,D:\DoAn\Đồ án NLP\goemotions-multilabel-classification\data\processed\transformers\bert\seed_2026\full\standard\test_results.json,False,24,remorse,545,,,,,,,,,
C,standard,bert,2026.0,test,fixed,missing,Chưa có run full/protocol/kết quả hợp lệ,D:\DoAn\Đồ án NLP\goemotions-multilabel-classification\data\processed\transformers\bert\seed_2026\full\standard\test_results.json,False,25,sadness,1326,,,,,,,,,
C,standard,bert,2026.0,test,fixed,missing,Chưa có run full/protocol/kết quả hợp lệ,D:\DoAn\Đồ án NLP\goemotions-multilabel-classification\data\processed\transformers\bert\seed_2026\full\standard\test_results.json,False,26,surprise,1060,,,,,,,,,
C,standard,bert,2026.0,test,fixed,missing,Chưa có run full/protocol/kết quả hợp lệ,D:\DoAn\Đồ án NLP\goemotions-multilabel-classification\data\processed\transformers\bert\seed_2026\full\standard\test_results.json,False,27,neutral,14219,,,,,,,,,
C,standard,bert,2026.0,test,global,missing,Chưa có run full/protocol/kết quả hợp lệ,D:\DoAn\Đồ án NLP\goemotions-multilabel-classification\data\processed\transformers\bert\seed_2026\full\standard\test_results.json,False,0,admiration,4130,,,,,,,,,
C,standard,bert,2026.0,test,global,missing,Chưa có run full/protocol/kết quả hợp lệ,D:\DoAn\Đồ án NLP\goemotions-multilabel-classification\data\processed\transformers\bert\seed_2026\full\standard\test_results.json,False,1,amusement,2328,,,,,,,,,
C,standard,bert,2026.0,test,global,missing,Chưa có run full/protocol/kết quả hợp lệ,D:\DoAn\Đồ án NLP\goemotions-multilabel-classification\data\processed\transformers\bert\seed_2026\full\standard\test_results.json,False,2,anger,1567,,,,,,,,,
C,standard,bert,2026.0,test,global,missing,Chưa có run full/protocol/kết quả hợp lệ,D:\DoAn\Đồ án NLP\goemotions-multilabel-classification\data\processed\transformers\bert\seed_2026\full\standard\test_results.json,False,3,annoyance,2470,,,,,,,,,
C,standard,bert,2026.0,test,global,missing,Chưa có run full/protocol/kết quả hợp lệ,D:\DoAn\Đồ án NLP\goemotions-multilabel-classification\data\processed\transformers\bert\seed_2026\full\standard\test_results.json,False,4,approval,2939,,,,,,,,,
C,standard,bert,2026.0,test,global,missing,Chưa có run full/protocol/kết quả hợp lệ,D:\DoAn\Đồ án NLP\goemotions-multilabel-classification\data\processed\transformers\bert\seed_2026\full\standard\test_results.json,False,5,caring,1087,,,,,,,,,
C,standard,bert,2026.0,test,global,missing,Chưa có run full/protocol/kết quả hợp lệ,D:\DoAn\Đồ án NLP\goemotions-multilabel-classification\data\processed\transformers\bert\seed_2026\full\standard\test_results.json,False,6,confusion,1368,,,,,,,,,
C,standard,bert,2026.0,test,global,missing,Chưa có run full/protocol/kết quả hợp lệ,D:\DoAn\Đồ án NLP\goemotions-multilabel-classification\data\processed\transformers\bert\seed_2026\full\standard\test_results.json,False,7,curiosity,2191,,,,,,,,,
C,standard,bert,2026.0,test,global,missing,Chưa có run full/protocol/kết quả hợp lệ,D:\DoAn\Đồ án NLP\goemotions-multilabel-classification\data\processed\transformers\bert\seed_2026\full\standard\test_results.json,False,8,desire,641,,,,,,,,,
C,standard,bert,2026.0,test,global,missing,Chưa có run full/protocol/kết quả hợp lệ,D:\DoAn\Đồ án NLP\goemotions-multilabel-classification\data\processed\transformers\bert\seed_2026\full\standard\test_results.json,False,9,disappointment,1269,,,,,,,,,
C,standard,bert,2026.0,test,global,missing,Chưa có run full/protocol/kết quả hợp lệ,D:\DoAn\Đồ án NLP\goemotions-multilabel-classification\data\processed\transformers\bert\seed_2026\full\standard\test_results.json,False,10,disapproval,2022,,,,,,,,,
C,standard,bert,2026.0,test,global,missing,Chưa có run full/protocol/kết quả hợp lệ,D:\DoAn\Đồ án NLP\goemotions-multilabel-classification\data\processed\transformers\bert\seed_2026\full\standard\test_results.json,False,11,disgust,793,,,,,,,,,
C,standard,bert,2026.0,test,global,missing,Chưa có run full/protocol/kết quả hợp lệ,D:\DoAn\Đồ án NLP\goemotions-multilabel-classification\data\processed\transformers\bert\seed_2026\full\standard\test_results.json,False,12,embarrassment,303,,,,,,,,,
C,standard,bert,2026.0,test,global,missing,Chưa có run full/protocol/kết quả hợp lệ,D:\DoAn\Đồ án NLP\goemotions-multilabel-classification\data\processed\transformers\bert\seed_2026\full\standard\test_results.json,False,13,excitement,853,,,,,,,,,
C,standard,bert,2026.0,test,global,missing,Chưa có run full/protocol/kết quả hợp lệ,D:\DoAn\Đồ án NLP\goemotions-multilabel-classification\data\processed\transformers\bert\seed_2026\full\standard\test_results.json,False,14,fear,596,,,,,,,,,
C,standard,bert,2026.0,test,global,missing,Chưa có run full/protocol/kết quả hợp lệ,D:\DoAn\Đồ án NLP\goemotions-multilabel-classification\data\processed\transformers\bert\seed_2026\full\standard\test_results.json,False,15,gratitude,2662,,,,,,,,,
C,standard,bert,2026.0,test,global,missing,Chưa có run full/protocol/kết quả hợp lệ,D:\DoAn\Đồ án NLP\goemotions-multilabel-classification\data\processed\transformers\bert\seed_2026\full\standard\test_results.json,False,16,grief,77,,,,,,,,,
C,standard,bert,2026.0,test,global,missing,Chưa có run full/protocol/kết quả hợp lệ,D:\DoAn\Đồ án NLP\goemotions-multilabel-classification\data\processed\transformers\bert\seed_2026\full\standard\test_results.json,False,17,joy,1452,,,,,,,,,
C,standard,bert,2026.0,test,global,missing,Chưa có run full/protocol/kết quả hợp lệ,D:\DoAn\Đồ án NLP\goemotions-multilabel-classification\data\processed\transformers\bert\seed_2026\full\standard\test_results.json,False,18,love,2086,,,,,,,,,
C,standard,bert,2026.0,test,global,missing,Chưa có run full/protocol/kết quả hợp lệ,D:\DoAn\Đồ án NLP\goemotions-multilabel-classification\data\processed\transformers\bert\seed_2026\full\standard\test_results.json,False,19,nervousness,164,,,,,,,,,
C,standard,bert,2026.0,test,global,missing,Chưa có run full/protocol/kết quả hợp lệ,D:\DoAn\Đồ án NLP\goemotions-multilabel-classification\data\processed\transformers\bert\seed_2026\full\standard\test_results.json,False,20,optimism,1581,,,,,,,,,
C,standard,bert,2026.0,test,global,missing,Chưa có run full/protocol/kết quả hợp lệ,D:\DoAn\Đồ án NLP\goemotions-multilabel-classification\data\processed\transformers\bert\seed_2026\full\standard\test_results.json,False,21,pride,111,,,,,,,,,
C,standard,bert,2026.0,test,global,missing,Chưa có run full/protocol/kết quả hợp lệ,D:\DoAn\Đồ án NLP\goemotions-multilabel-classification\data\processed\transformers\bert\seed_2026\full\standard\test_results.json,False,22,realization,1110,,,,,,,,,
C,standard,bert,2026.0,test,global,missing,Chưa có run full/protocol/kết quả hợp lệ,D:\DoAn\Đồ án NLP\goemotions-multilabel-classification\data\processed\transformers\bert\seed_2026\full\standard\test_results.json,False,23,relief,153,,,,,,,,,
C,standard,bert,2026.0,test,global,missing,Chưa có run full/protocol/kết quả hợp lệ,D:\DoAn\Đồ án NLP\goemotions-multilabel-classification\data\processed\transformers\bert\seed_2026\full\standard\test_results.json,False,24,remorse,545,,,,,,,,,
C,standard,bert,2026.0,test,global,missing,Chưa có run full/protocol/kết quả hợp lệ,D:\DoAn\Đồ án NLP\goemotions-multilabel-classification\data\processed\transformers\bert\seed_2026\full\standard\test_results.json,False,25,sadness,1326,,,,,,,,,
C,standard,bert,2026.0,test,global,missing,Chưa có run full/protocol/kết quả hợp lệ,D:\DoAn\Đồ án NLP\goemotions-multilabel-classification\data\processed\transformers\bert\seed_2026\full\standard\test_results.json,False,26,surprise,1060,,,,,,,,,
C,standard,bert,2026.0,test,global,missing,Chưa có run full/protocol/kết quả hợp lệ,D:\DoAn\Đồ án NLP\goemotions-multilabel-classification\data\processed\transformers\bert\seed_2026\full\standard\test_results.json,False,27,neutral,14219,,,,,,,,,
C,standard,bert,2026.0,test,tuned,missing,Chưa có run full/protocol/kết quả hợp lệ,D:\DoAn\Đồ án NLP\goemotions-multilabel-classification\data\processed\transformers\bert\seed_2026\full\standard\test_results.json,False,0,admiration,4130,,,,,,,,,
C,standard,bert,2026.0,test,tuned,missing,Chưa có run full/protocol/kết quả hợp lệ,D:\DoAn\Đồ án NLP\goemotions-multilabel-classification\data\processed\transformers\bert\seed_2026\full\standard\test_results.json,False,1,amusement,2328,,,,,,,,,
C,standard,bert,2026.0,test,tuned,missing,Chưa có run full/protocol/kết quả hợp lệ,D:\DoAn\Đồ án NLP\goemotions-multilabel-classification\data\processed\transformers\bert\seed_2026\full\standard\test_results.json,False,2,anger,1567,,,,,,,,,
C,standard,bert,2026.0,test,tuned,missing,Chưa có run full/protocol/kết quả hợp lệ,D:\DoAn\Đồ án NLP\goemotions-multilabel-classification\data\processed\transformers\bert\seed_2026\full\standard\test_results.json,False,3,annoyance,2470,,,,,,,,,
C,standard,bert,2026.0,test,tuned,missing,Chưa có run full/protocol/kết quả hợp lệ,D:\DoAn\Đồ án NLP\goemotions-multilabel-classification\data\processed\transformers\bert\seed_2026\full\standard\test_results.json,False,4,approval,2939,,,,,,,,,
C,standard,bert,2026.0,test,tuned,missing,Chưa có run full/protocol/kết quả hợp lệ,D:\DoAn\Đồ án NLP\goemotions-multilabel-classification\data\processed\transformers\bert\seed_2026\full\standard\test_results.json,False,5,caring,1087,,,,,,,,,
C,standard,bert,2026.0,test,tuned,missing,Chưa có run full/protocol/kết quả hợp lệ,D:\DoAn\Đồ án NLP\goemotions-multilabel-classification\data\processed\transformers\bert\seed_2026\full\standard\test_results.json,False,6,confusion,1368,,,,,,,,,
C,standard,bert,2026.0,test,tuned,missing,Chưa có run full/protocol/kết quả hợp lệ,D:\DoAn\Đồ án NLP\goemotions-multilabel-classification\data\processed\transformers\bert\seed_2026\full\standard\test_results.json,False,7,curiosity,2191,,,,,,,,,
C,standard,bert,2026.0,test,tuned,missing,Chưa có run full/protocol/kết quả hợp lệ,D:\DoAn\Đồ án NLP\goemotions-multilabel-classification\data\processed\transformers\bert\seed_2026\full\standard\test_results.json,False,8,desire,641,,,,,,,,,
C,standard,bert,2026.0,test,tuned,missing,Chưa có run full/protocol/kết quả hợp lệ,D:\DoAn\Đồ án NLP\goemotions-multilabel-classification\data\processed\transformers\bert\seed_2026\full\standard\test_results.json,False,9,disappointment,1269,,,,,,,,,
C,standard,bert,2026.0,test,tuned,missing,Chưa có run full/protocol/kết quả hợp lệ,D:\DoAn\Đồ án NLP\goemotions-multilabel-classification\data\processed\transformers\bert\seed_2026\full\standard\test_results.json,False,10,disapproval,2022,,,,,,,,,
C,standard,bert,2026.0,test,tuned,missing,Chưa có run full/protocol/kết quả hợp lệ,D:\DoAn\Đồ án NLP\goemotions-multilabel-classification\data\processed\transformers\bert\seed_2026\full\standard\test_results.json,False,11,disgust,793,,,,,,,,,
C,standard,bert,2026.0,test,tuned,missing,Chưa có run full/protocol/kết quả hợp lệ,D:\DoAn\Đồ án NLP\goemotions-multilabel-classification\data\processed\transformers\bert\seed_2026\full\standard\test_results.json,False,12,embarrassment,303,,,,,,,,,
C,standard,bert,2026.0,test,tuned,missing,Chưa có run full/protocol/kết quả hợp lệ,D:\DoAn\Đồ án NLP\goemotions-multilabel-classification\data\processed\transformers\bert\seed_2026\full\standard\test_results.json,False,13,excitement,853,,,,,,,,,
C,standard,bert,2026.0,test,tuned,missing,Chưa có run full/protocol/kết quả hợp lệ,D:\DoAn\Đồ án NLP\goemotions-multilabel-classification\data\processed\transformers\bert\seed_2026\full\standard\test_results.json,False,14,fear,596,,,,,,,,,
C,standard,bert,2026.0,test,tuned,missing,Chưa có run full/protocol/kết quả hợp lệ,D:\DoAn\Đồ án NLP\goemotions-multilabel-classification\data\processed\transformers\bert\seed_2026\full\standard\test_results.json,False,15,gratitude,2662,,,,,,,,,
C,standard,bert,2026.0,test,tuned,missing,Chưa có run full/protocol/kết quả hợp lệ,D:\DoAn\Đồ án NLP\goemotions-multilabel-classification\data\processed\transformers\bert\seed_2026\full\standard\test_results.json,False,16,grief,77,,,,,,,,,
C,standard,bert,2026.0,test,tuned,missing,Chưa có run full/protocol/kết quả hợp lệ,D:\DoAn\Đồ án NLP\goemotions-multilabel-classification\data\processed\transformers\bert\seed_2026\full\standard\test_results.json,False,17,joy,1452,,,,,,,,,
C,standard,bert,2026.0,test,tuned,missing,Chưa có run full/protocol/kết quả hợp lệ,D:\DoAn\Đồ án NLP\goemotions-multilabel-classification\data\processed\transformers\bert\seed_2026\full\standard\test_results.json,False,18,love,2086,,,,,,,,,
C,standard,bert,2026.0,test,tuned,missing,Chưa có run full/protocol/kết quả hợp lệ,D:\DoAn\Đồ án NLP\goemotions-multilabel-classification\data\processed\transformers\bert\seed_2026\full\standard\test_results.json,False,19,nervousness,164,,,,,,,,,
C,standard,bert,2026.0,test,tuned,missing,Chưa có run full/protocol/kết quả hợp lệ,D:\DoAn\Đồ án NLP\goemotions-multilabel-classification\data\processed\transformers\bert\seed_2026\full\standard\test_results.json,False,20,optimism,1581,,,,,,,,,
C,standard,bert,2026.0,test,tuned,missing,Chưa có run full/protocol/kết quả hợp lệ,D:\DoAn\Đồ án NLP\goemotions-multilabel-classification\data\processed\transformers\bert\seed_2026\full\standard\test_results.json,False,21,pride,111,,,,,,,,,
C,standard,bert,2026.0,test,tuned,missing,Chưa có run full/protocol/kết quả hợp lệ,D:\DoAn\Đồ án NLP\goemotions-multilabel-classification\data\processed\transformers\bert\seed_2026\full\standard\test_results.json,False,22,realization,1110,,,,,,,,,
C,standard,bert,2026.0,test,tuned,missing,Chưa có run full/protocol/kết quả hợp lệ,D:\DoAn\Đồ án NLP\goemotions-multilabel-classification\data\processed\transformers\bert\seed_2026\full\standard\test_results.json,False,23,relief,153,,,,,,,,,
C,standard,bert,2026.0,test,tuned,missing,Chưa có run full/protocol/kết quả hợp lệ,D:\DoAn\Đồ án NLP\goemotions-multilabel-classification\data\processed\transformers\bert\seed_2026\full\standard\test_results.json,False,24,remorse,545,,,,,,,,,
C,standard,bert,2026.0,test,tuned,missing,Chưa có run full/protocol/kết quả hợp lệ,D:\DoAn\Đồ án NLP\goemotions-multilabel-classification\data\processed\transformers\bert\seed_2026\full\standard\test_results.json,False,25,sadness,1326,,,,,,,,,
C,standard,bert,2026.0,test,tuned,missing,Chưa có run full/protocol/kết quả hợp lệ,D:\DoAn\Đồ án NLP\goemotions-multilabel-classification\data\processed\transformers\bert\seed_2026\full\standard\test_results.json,False,26,surprise,1060,,,,,,,,,
C,standard,bert,2026.0,test,tuned,missing,Chưa có run full/protocol/kết quả hợp lệ,D:\DoAn\Đồ án NLP\goemotions-multilabel-classification\data\processed\transformers\bert\seed_2026\full\standard\test_results.json,False,27,neutral,14219,,,,,,,,,
C,standard,roberta,42.0,validation,fixed,missing,Chưa có run full/protocol/kết quả hợp lệ,D:\DoAn\Đồ án NLP\goemotions-multilabel-classification\data\processed\transformers\roberta\seed_42\full\standard\validation_metrics.json,False,0,admiration,4130,,,,,,,,,
C,standard,roberta,42.0,validation,fixed,missing,Chưa có run full/protocol/kết quả hợp lệ,D:\DoAn\Đồ án NLP\goemotions-multilabel-classification\data\processed\transformers\roberta\seed_42\full\standard\validation_metrics.json,False,1,amusement,2328,,,,,,,,,
C,standard,roberta,42.0,validation,fixed,missing,Chưa có run full/protocol/kết quả hợp lệ,D:\DoAn\Đồ án NLP\goemotions-multilabel-classification\data\processed\transformers\roberta\seed_42\full\standard\validation_metrics.json,False,2,anger,1567,,,,,,,,,
C,standard,roberta,42.0,validation,fixed,missing,Chưa có run full/protocol/kết quả hợp lệ,D:\DoAn\Đồ án NLP\goemotions-multilabel-classification\data\processed\transformers\roberta\seed_42\full\standard\validation_metrics.json,False,3,annoyance,2470,,,,,,,,,
C,standard,roberta,42.0,validation,fixed,missing,Chưa có run full/protocol/kết quả hợp lệ,D:\DoAn\Đồ án NLP\goemotions-multilabel-classification\data\processed\transformers\roberta\seed_42\full\standard\validation_metrics.json,False,4,approval,2939,,,,,,,,,
C,standard,roberta,42.0,validation,fixed,missing,Chưa có run full/protocol/kết quả hợp lệ,D:\DoAn\Đồ án NLP\goemotions-multilabel-classification\data\processed\transformers\roberta\seed_42\full\standard\validation_metrics.json,False,5,caring,1087,,,,,,,,,
C,standard,roberta,42.0,validation,fixed,missing,Chưa có run full/protocol/kết quả hợp lệ,D:\DoAn\Đồ án NLP\goemotions-multilabel-classification\data\processed\transformers\roberta\seed_42\full\standard\validation_metrics.json,False,6,confusion,1368,,,,,,,,,
C,standard,roberta,42.0,validation,fixed,missing,Chưa có run full/protocol/kết quả hợp lệ,D:\DoAn\Đồ án NLP\goemotions-multilabel-classification\data\processed\transformers\roberta\seed_42\full\standard\validation_metrics.json,False,7,curiosity,2191,,,,,,,,,
C,standard,roberta,42.0,validation,fixed,missing,Chưa có run full/protocol/kết quả hợp lệ,D:\DoAn\Đồ án NLP\goemotions-multilabel-classification\data\processed\transformers\roberta\seed_42\full\standard\validation_metrics.json,False,8,desire,641,,,,,,,,,
C,standard,roberta,42.0,validation,fixed,missing,Chưa có run full/protocol/kết quả hợp lệ,D:\DoAn\Đồ án NLP\goemotions-multilabel-classification\data\processed\transformers\roberta\seed_42\full\standard\validation_metrics.json,False,9,disappointment,1269,,,,,,,,,
C,standard,roberta,42.0,validation,fixed,missing,Chưa có run full/protocol/kết quả hợp lệ,D:\DoAn\Đồ án NLP\goemotions-multilabel-classification\data\processed\transformers\roberta\seed_42\full\standard\validation_metrics.json,False,10,disapproval,2022,,,,,,,,,
C,standard,roberta,42.0,validation,fixed,missing,Chưa có run full/protocol/kết quả hợp lệ,D:\DoAn\Đồ án NLP\goemotions-multilabel-classification\data\processed\transformers\roberta\seed_42\full\standard\validation_metrics.json,False,11,disgust,793,,,,,,,,,
C,standard,roberta,42.0,validation,fixed,missing,Chưa có run full/protocol/kết quả hợp lệ,D:\DoAn\Đồ án NLP\goemotions-multilabel-classification\data\processed\transformers\roberta\seed_42\full\standard\validation_metrics.json,False,12,embarrassment,303,,,,,,,,,
C,standard,roberta,42.0,validation,fixed,missing,Chưa có run full/protocol/kết quả hợp lệ,D:\DoAn\Đồ án NLP\goemotions-multilabel-classification\data\processed\transformers\roberta\seed_42\full\standard\validation_metrics.json,False,13,excitement,853,,,,,,,,,
C,standard,roberta,42.0,validation,fixed,missing,Chưa có run full/protocol/kết quả hợp lệ,D:\DoAn\Đồ án NLP\goemotions-multilabel-classification\data\processed\transformers\roberta\seed_42\full\standard\validation_metrics.json,False,14,fear,596,,,,,,,,,
C,standard,roberta,42.0,validation,fixed,missing,Chưa có run full/protocol/kết quả hợp lệ,D:\DoAn\Đồ án NLP\goemotions-multilabel-classification\data\processed\transformers\roberta\seed_42\full\standard\validation_metrics.json,False,15,gratitude,2662,,,,,,,,,
C,standard,roberta,42.0,validation,fixed,missing,Chưa có run full/protocol/kết quả hợp lệ,D:\DoAn\Đồ án NLP\goemotions-multilabel-classification\data\processed\transformers\roberta\seed_42\full\standard\validation_metrics.json,False,16,grief,77,,,,,,,,,
C,standard,roberta,42.0,validation,fixed,missing,Chưa có run full/protocol/kết quả hợp lệ,D:\DoAn\Đồ án NLP\goemotions-multilabel-classification\data\processed\transformers\roberta\seed_42\full\standard\validation_metrics.json,False,17,joy,1452,,,,,,,,,
C,standard,roberta,42.0,validation,fixed,missing,Chưa có run full/protocol/kết quả hợp lệ,D:\DoAn\Đồ án NLP\goemotions-multilabel-classification\data\processed\transformers\roberta\seed_42\full\standard\validation_metrics.json,False,18,love,2086,,,,,,,,,
C,standard,roberta,42.0,validation,fixed,missing,Chưa có run full/protocol/kết quả hợp lệ,D:\DoAn\Đồ án NLP\goemotions-multilabel-classification\data\processed\transformers\roberta\seed_42\full\standard\validation_metrics.json,False,19,nervousness,164,,,,,,,,,
C,standard,roberta,42.0,validation,fixed,missing,Chưa có run full/protocol/kết quả hợp lệ,D:\DoAn\Đồ án NLP\goemotions-multilabel-classification\data\processed\transformers\roberta\seed_42\full\standard\validation_metrics.json,False,20,optimism,1581,,,,,,,,,
C,standard,roberta,42.0,validation,fixed,missing,Chưa có run full/protocol/kết quả hợp lệ,D:\DoAn\Đồ án NLP\goemotions-multilabel-classification\data\processed\transformers\roberta\seed_42\full\standard\validation_metrics.json,False,21,pride,111,,,,,,,,,
C,standard,roberta,42.0,validation,fixed,missing,Chưa có run full/protocol/kết quả hợp lệ,D:\DoAn\Đồ án NLP\goemotions-multilabel-classification\data\processed\transformers\roberta\seed_42\full\standard\validation_metrics.json,False,22,realization,1110,,,,,,,,,
C,standard,roberta,42.0,validation,fixed,missing,Chưa có run full/protocol/kết quả hợp lệ,D:\DoAn\Đồ án NLP\goemotions-multilabel-classification\data\processed\transformers\roberta\seed_42\full\standard\validation_metrics.json,False,23,relief,153,,,,,,,,,
C,standard,roberta,42.0,validation,fixed,missing,Chưa có run full/protocol/kết quả hợp lệ,D:\DoAn\Đồ án NLP\goemotions-multilabel-classification\data\processed\transformers\roberta\seed_42\full\standard\validation_metrics.json,False,24,remorse,545,,,,,,,,,
C,standard,roberta,42.0,validation,fixed,missing,Chưa có run full/protocol/kết quả hợp lệ,D:\DoAn\Đồ án NLP\goemotions-multilabel-classification\data\processed\transformers\roberta\seed_42\full\standard\validation_metrics.json,False,25,sadness,1326,,,,,,,,,
C,standard,roberta,42.0,validation,fixed,missing,Chưa có run full/protocol/kết quả hợp lệ,D:\DoAn\Đồ án NLP\goemotions-multilabel-classification\data\processed\transformers\roberta\seed_42\full\standard\validation_metrics.json,False,26,surprise,1060,,,,,,,,,
C,standard,roberta,42.0,validation,fixed,missing,Chưa có run full/protocol/kết quả hợp lệ,D:\DoAn\Đồ án NLP\goemotions-multilabel-classification\data\processed\transformers\roberta\seed_42\full\standard\validation_metrics.json,False,27,neutral,14219,,,,,,,,,
C,standard,roberta,42.0,validation,global,missing,Chưa có run full/protocol/kết quả hợp lệ,D:\DoAn\Đồ án NLP\goemotions-multilabel-classification\data\processed\transformers\roberta\seed_42\full\standard\final_protocol.json,True,0,admiration,4130,,,,,,,,,
C,standard,roberta,42.0,validation,global,missing,Chưa có run full/protocol/kết quả hợp lệ,D:\DoAn\Đồ án NLP\goemotions-multilabel-classification\data\processed\transformers\roberta\seed_42\full\standard\final_protocol.json,True,1,amusement,2328,,,,,,,,,
C,standard,roberta,42.0,validation,global,missing,Chưa có run full/protocol/kết quả hợp lệ,D:\DoAn\Đồ án NLP\goemotions-multilabel-classification\data\processed\transformers\roberta\seed_42\full\standard\final_protocol.json,True,2,anger,1567,,,,,,,,,
C,standard,roberta,42.0,validation,global,missing,Chưa có run full/protocol/kết quả hợp lệ,D:\DoAn\Đồ án NLP\goemotions-multilabel-classification\data\processed\transformers\roberta\seed_42\full\standard\final_protocol.json,True,3,annoyance,2470,,,,,,,,,
C,standard,roberta,42.0,validation,global,missing,Chưa có run full/protocol/kết quả hợp lệ,D:\DoAn\Đồ án NLP\goemotions-multilabel-classification\data\processed\transformers\roberta\seed_42\full\standard\final_protocol.json,True,4,approval,2939,,,,,,,,,
C,standard,roberta,42.0,validation,global,missing,Chưa có run full/protocol/kết quả hợp lệ,D:\DoAn\Đồ án NLP\goemotions-multilabel-classification\data\processed\transformers\roberta\seed_42\full\standard\final_protocol.json,True,5,caring,1087,,,,,,,,,
C,standard,roberta,42.0,validation,global,missing,Chưa có run full/protocol/kết quả hợp lệ,D:\DoAn\Đồ án NLP\goemotions-multilabel-classification\data\processed\transformers\roberta\seed_42\full\standard\final_protocol.json,True,6,confusion,1368,,,,,,,,,
C,standard,roberta,42.0,validation,global,missing,Chưa có run full/protocol/kết quả hợp lệ,D:\DoAn\Đồ án NLP\goemotions-multilabel-classification\data\processed\transformers\roberta\seed_42\full\standard\final_protocol.json,True,7,curiosity,2191,,,,,,,,,
C,standard,roberta,42.0,validation,global,missing,Chưa có run full/protocol/kết quả hợp lệ,D:\DoAn\Đồ án NLP\goemotions-multilabel-classification\data\processed\transformers\roberta\seed_42\full\standard\final_protocol.json,True,8,desire,641,,,,,,,,,
C,standard,roberta,42.0,validation,global,missing,Chưa có run full/protocol/kết quả hợp lệ,D:\DoAn\Đồ án NLP\goemotions-multilabel-classification\data\processed\transformers\roberta\seed_42\full\standard\final_protocol.json,True,9,disappointment,1269,,,,,,,,,
C,standard,roberta,42.0,validation,global,missing,Chưa có run full/protocol/kết quả hợp lệ,D:\DoAn\Đồ án NLP\goemotions-multilabel-classification\data\processed\transformers\roberta\seed_42\full\standard\final_protocol.json,True,10,disapproval,2022,,,,,,,,,
C,standard,roberta,42.0,validation,global,missing,Chưa có run full/protocol/kết quả hợp lệ,D:\DoAn\Đồ án NLP\goemotions-multilabel-classification\data\processed\transformers\roberta\seed_42\full\standard\final_protocol.json,True,11,disgust,793,,,,,,,,,
C,standard,roberta,42.0,validation,global,missing,Chưa có run full/protocol/kết quả hợp lệ,D:\DoAn\Đồ án NLP\goemotions-multilabel-classification\data\processed\transformers\roberta\seed_42\full\standard\final_protocol.json,True,12,embarrassment,303,,,,,,,,,
C,standard,roberta,42.0,validation,global,missing,Chưa có run full/protocol/kết quả hợp lệ,D:\DoAn\Đồ án NLP\goemotions-multilabel-classification\data\processed\transformers\roberta\seed_42\full\standard\final_protocol.json,True,13,excitement,853,,,,,,,,,
C,standard,roberta,42.0,validation,global,missing,Chưa có run full/protocol/kết quả hợp lệ,D:\DoAn\Đồ án NLP\goemotions-multilabel-classification\data\processed\transformers\roberta\seed_42\full\standard\final_protocol.json,True,14,fear,596,,,,,,,,,
C,standard,roberta,42.0,validation,global,missing,Chưa có run full/protocol/kết quả hợp lệ,D:\DoAn\Đồ án NLP\goemotions-multilabel-classification\data\processed\transformers\roberta\seed_42\full\standard\final_protocol.json,True,15,gratitude,2662,,,,,,,,,
C,standard,roberta,42.0,validation,global,missing,Chưa có run full/protocol/kết quả hợp lệ,D:\DoAn\Đồ án NLP\goemotions-multilabel-classification\data\processed\transformers\roberta\seed_42\full\standard\final_protocol.json,True,16,grief,77,,,,,,,,,
C,standard,roberta,42.0,validation,global,missing,Chưa có run full/protocol/kết quả hợp lệ,D:\DoAn\Đồ án NLP\goemotions-multilabel-classification\data\processed\transformers\roberta\seed_42\full\standard\final_protocol.json,True,17,joy,1452,,,,,,,,,
C,standard,roberta,42.0,validation,global,missing,Chưa có run full/protocol/kết quả hợp lệ,D:\DoAn\Đồ án NLP\goemotions-multilabel-classification\data\processed\transformers\roberta\seed_42\full\standard\final_protocol.json,True,18,love,2086,,,,,,,,,
C,standard,roberta,42.0,validation,global,missing,Chưa có run full/protocol/kết quả hợp lệ,D:\DoAn\Đồ án NLP\goemotions-multilabel-classification\data\processed\transformers\roberta\seed_42\full\standard\final_protocol.json,True,19,nervousness,164,,,,,,,,,
C,standard,roberta,42.0,validation,global,missing,Chưa có run full/protocol/kết quả hợp lệ,D:\DoAn\Đồ án NLP\goemotions-multilabel-classification\data\processed\transformers\roberta\seed_42\full\standard\final_protocol.json,True,20,optimism,1581,,,,,,,,,
C,standard,roberta,42.0,validation,global,missing,Chưa có run full/protocol/kết quả hợp lệ,D:\DoAn\Đồ án NLP\goemotions-multilabel-classification\data\processed\transformers\roberta\seed_42\full\standard\final_protocol.json,True,21,pride,111,,,,,,,,,
C,standard,roberta,42.0,validation,global,missing,Chưa có run full/protocol/kết quả hợp lệ,D:\DoAn\Đồ án NLP\goemotions-multilabel-classification\data\processed\transformers\roberta\seed_42\full\standard\final_protocol.json,True,22,realization,1110,,,,,,,,,
C,standard,roberta,42.0,validation,global,missing,Chưa có run full/protocol/kết quả hợp lệ,D:\DoAn\Đồ án NLP\goemotions-multilabel-classification\data\processed\transformers\roberta\seed_42\full\standard\final_protocol.json,True,23,relief,153,,,,,,,,,
C,standard,roberta,42.0,validation,global,missing,Chưa có run full/protocol/kết quả hợp lệ,D:\DoAn\Đồ án NLP\goemotions-multilabel-classification\data\processed\transformers\roberta\seed_42\full\standard\final_protocol.json,True,24,remorse,545,,,,,,,,,
C,standard,roberta,42.0,validation,global,missing,Chưa có run full/protocol/kết quả hợp lệ,D:\DoAn\Đồ án NLP\goemotions-multilabel-classification\data\processed\transformers\roberta\seed_42\full\standard\final_protocol.json,True,25,sadness,1326,,,,,,,,,
C,standard,roberta,42.0,validation,global,missing,Chưa có run full/protocol/kết quả hợp lệ,D:\DoAn\Đồ án NLP\goemotions-multilabel-classification\data\processed\transformers\roberta\seed_42\full\standard\final_protocol.json,True,26,surprise,1060,,,,,,,,,
C,standard,roberta,42.0,validation,global,missing,Chưa có run full/protocol/kết quả hợp lệ,D:\DoAn\Đồ án NLP\goemotions-multilabel-classification\data\processed\transformers\roberta\seed_42\full\standard\final_protocol.json,True,27,neutral,14219,,,,,,,,,
C,standard,roberta,42.0,validation,tuned,missing,Chưa có run full/protocol/kết quả hợp lệ,D:\DoAn\Đồ án NLP\goemotions-multilabel-classification\data\processed\transformers\roberta\seed_42\full\standard\final_protocol.json,True,0,admiration,4130,,,,,,,,,
C,standard,roberta,42.0,validation,tuned,missing,Chưa có run full/protocol/kết quả hợp lệ,D:\DoAn\Đồ án NLP\goemotions-multilabel-classification\data\processed\transformers\roberta\seed_42\full\standard\final_protocol.json,True,1,amusement,2328,,,,,,,,,
C,standard,roberta,42.0,validation,tuned,missing,Chưa có run full/protocol/kết quả hợp lệ,D:\DoAn\Đồ án NLP\goemotions-multilabel-classification\data\processed\transformers\roberta\seed_42\full\standard\final_protocol.json,True,2,anger,1567,,,,,,,,,
C,standard,roberta,42.0,validation,tuned,missing,Chưa có run full/protocol/kết quả hợp lệ,D:\DoAn\Đồ án NLP\goemotions-multilabel-classification\data\processed\transformers\roberta\seed_42\full\standard\final_protocol.json,True,3,annoyance,2470,,,,,,,,,
C,standard,roberta,42.0,validation,tuned,missing,Chưa có run full/protocol/kết quả hợp lệ,D:\DoAn\Đồ án NLP\goemotions-multilabel-classification\data\processed\transformers\roberta\seed_42\full\standard\final_protocol.json,True,4,approval,2939,,,,,,,,,
C,standard,roberta,42.0,validation,tuned,missing,Chưa có run full/protocol/kết quả hợp lệ,D:\DoAn\Đồ án NLP\goemotions-multilabel-classification\data\processed\transformers\roberta\seed_42\full\standard\final_protocol.json,True,5,caring,1087,,,,,,,,,
C,standard,roberta,42.0,validation,tuned,missing,Chưa có run full/protocol/kết quả hợp lệ,D:\DoAn\Đồ án NLP\goemotions-multilabel-classification\data\processed\transformers\roberta\seed_42\full\standard\final_protocol.json,True,6,confusion,1368,,,,,,,,,
C,standard,roberta,42.0,validation,tuned,missing,Chưa có run full/protocol/kết quả hợp lệ,D:\DoAn\Đồ án NLP\goemotions-multilabel-classification\data\processed\transformers\roberta\seed_42\full\standard\final_protocol.json,True,7,curiosity,2191,,,,,,,,,
C,standard,roberta,42.0,validation,tuned,missing,Chưa có run full/protocol/kết quả hợp lệ,D:\DoAn\Đồ án NLP\goemotions-multilabel-classification\data\processed\transformers\roberta\seed_42\full\standard\final_protocol.json,True,8,desire,641,,,,,,,,,
C,standard,roberta,42.0,validation,tuned,missing,Chưa có run full/protocol/kết quả hợp lệ,D:\DoAn\Đồ án NLP\goemotions-multilabel-classification\data\processed\transformers\roberta\seed_42\full\standard\final_protocol.json,True,9,disappointment,1269,,,,,,,,,
C,standard,roberta,42.0,validation,tuned,missing,Chưa có run full/protocol/kết quả hợp lệ,D:\DoAn\Đồ án NLP\goemotions-multilabel-classification\data\processed\transformers\roberta\seed_42\full\standard\final_protocol.json,True,10,disapproval,2022,,,,,,,,,
C,standard,roberta,42.0,validation,tuned,missing,Chưa có run full/protocol/kết quả hợp lệ,D:\DoAn\Đồ án NLP\goemotions-multilabel-classification\data\processed\transformers\roberta\seed_42\full\standard\final_protocol.json,True,11,disgust,793,,,,,,,,,
C,standard,roberta,42.0,validation,tuned,missing,Chưa có run full/protocol/kết quả hợp lệ,D:\DoAn\Đồ án NLP\goemotions-multilabel-classification\data\processed\transformers\roberta\seed_42\full\standard\final_protocol.json,True,12,embarrassment,303,,,,,,,,,
C,standard,roberta,42.0,validation,tuned,missing,Chưa có run full/protocol/kết quả hợp lệ,D:\DoAn\Đồ án NLP\goemotions-multilabel-classification\data\processed\transformers\roberta\seed_42\full\standard\final_protocol.json,True,13,excitement,853,,,,,,,,,
C,standard,roberta,42.0,validation,tuned,missing,Chưa có run full/protocol/kết quả hợp lệ,D:\DoAn\Đồ án NLP\goemotions-multilabel-classification\data\processed\transformers\roberta\seed_42\full\standard\final_protocol.json,True,14,fear,596,,,,,,,,,
C,standard,roberta,42.0,validation,tuned,missing,Chưa có run full/protocol/kết quả hợp lệ,D:\DoAn\Đồ án NLP\goemotions-multilabel-classification\data\processed\transformers\roberta\seed_42\full\standard\final_protocol.json,True,15,gratitude,2662,,,,,,,,,
C,standard,roberta,42.0,validation,tuned,missing,Chưa có run full/protocol/kết quả hợp lệ,D:\DoAn\Đồ án NLP\goemotions-multilabel-classification\data\processed\transformers\roberta\seed_42\full\standard\final_protocol.json,True,16,grief,77,,,,,,,,,
C,standard,roberta,42.0,validation,tuned,missing,Chưa có run full/protocol/kết quả hợp lệ,D:\DoAn\Đồ án NLP\goemotions-multilabel-classification\data\processed\transformers\roberta\seed_42\full\standard\final_protocol.json,True,17,joy,1452,,,,,,,,,
C,standard,roberta,42.0,validation,tuned,missing,Chưa có run full/protocol/kết quả hợp lệ,D:\DoAn\Đồ án NLP\goemotions-multilabel-classification\data\processed\transformers\roberta\seed_42\full\standard\final_protocol.json,True,18,love,2086,,,,,,,,,
C,standard,roberta,42.0,validation,tuned,missing,Chưa có run full/protocol/kết quả hợp lệ,D:\DoAn\Đồ án NLP\goemotions-multilabel-classification\data\processed\transformers\roberta\seed_42\full\standard\final_protocol.json,True,19,nervousness,164,,,,,,,,,
C,standard,roberta,42.0,validation,tuned,missing,Chưa có run full/protocol/kết quả hợp lệ,D:\DoAn\Đồ án NLP\goemotions-multilabel-classification\data\processed\transformers\roberta\seed_42\full\standard\final_protocol.json,True,20,optimism,1581,,,,,,,,,
C,standard,roberta,42.0,validation,tuned,missing,Chưa có run full/protocol/kết quả hợp lệ,D:\DoAn\Đồ án NLP\goemotions-multilabel-classification\data\processed\transformers\roberta\seed_42\full\standard\final_protocol.json,True,21,pride,111,,,,,,,,,
C,standard,roberta,42.0,validation,tuned,missing,Chưa có run full/protocol/kết quả hợp lệ,D:\DoAn\Đồ án NLP\goemotions-multilabel-classification\data\processed\transformers\roberta\seed_42\full\standard\final_protocol.json,True,22,realization,1110,,,,,,,,,
C,standard,roberta,42.0,validation,tuned,missing,Chưa có run full/protocol/kết quả hợp lệ,D:\DoAn\Đồ án NLP\goemotions-multilabel-classification\data\processed\transformers\roberta\seed_42\full\standard\final_protocol.json,True,23,relief,153,,,,,,,,,
C,standard,roberta,42.0,validation,tuned,missing,Chưa có run full/protocol/kết quả hợp lệ,D:\DoAn\Đồ án NLP\goemotions-multilabel-classification\data\processed\transformers\roberta\seed_42\full\standard\final_protocol.json,True,24,remorse,545,,,,,,,,,
C,standard,roberta,42.0,validation,tuned,missing,Chưa có run full/protocol/kết quả hợp lệ,D:\DoAn\Đồ án NLP\goemotions-multilabel-classification\data\processed\transformers\roberta\seed_42\full\standard\final_protocol.json,True,25,sadness,1326,,,,,,,,,
C,standard,roberta,42.0,validation,tuned,missing,Chưa có run full/protocol/kết quả hợp lệ,D:\DoAn\Đồ án NLP\goemotions-multilabel-classification\data\processed\transformers\roberta\seed_42\full\standard\final_protocol.json,True,26,surprise,1060,,,,,,,,,
C,standard,roberta,42.0,validation,tuned,missing,Chưa có run full/protocol/kết quả hợp lệ,D:\DoAn\Đồ án NLP\goemotions-multilabel-classification\data\processed\transformers\roberta\seed_42\full\standard\final_protocol.json,True,27,neutral,14219,,,,,,,,,
C,standard,roberta,42.0,test,fixed,missing,Chưa có run full/protocol/kết quả hợp lệ,D:\DoAn\Đồ án NLP\goemotions-multilabel-classification\data\processed\transformers\roberta\seed_42\full\standard\test_results.json,False,0,admiration,4130,,,,,,,,,
C,standard,roberta,42.0,test,fixed,missing,Chưa có run full/protocol/kết quả hợp lệ,D:\DoAn\Đồ án NLP\goemotions-multilabel-classification\data\processed\transformers\roberta\seed_42\full\standard\test_results.json,False,1,amusement,2328,,,,,,,,,
C,standard,roberta,42.0,test,fixed,missing,Chưa có run full/protocol/kết quả hợp lệ,D:\DoAn\Đồ án NLP\goemotions-multilabel-classification\data\processed\transformers\roberta\seed_42\full\standard\test_results.json,False,2,anger,1567,,,,,,,,,
C,standard,roberta,42.0,test,fixed,missing,Chưa có run full/protocol/kết quả hợp lệ,D:\DoAn\Đồ án NLP\goemotions-multilabel-classification\data\processed\transformers\roberta\seed_42\full\standard\test_results.json,False,3,annoyance,2470,,,,,,,,,
C,standard,roberta,42.0,test,fixed,missing,Chưa có run full/protocol/kết quả hợp lệ,D:\DoAn\Đồ án NLP\goemotions-multilabel-classification\data\processed\transformers\roberta\seed_42\full\standard\test_results.json,False,4,approval,2939,,,,,,,,,
C,standard,roberta,42.0,test,fixed,missing,Chưa có run full/protocol/kết quả hợp lệ,D:\DoAn\Đồ án NLP\goemotions-multilabel-classification\data\processed\transformers\roberta\seed_42\full\standard\test_results.json,False,5,caring,1087,,,,,,,,,
C,standard,roberta,42.0,test,fixed,missing,Chưa có run full/protocol/kết quả hợp lệ,D:\DoAn\Đồ án NLP\goemotions-multilabel-classification\data\processed\transformers\roberta\seed_42\full\standard\test_results.json,False,6,confusion,1368,,,,,,,,,
C,standard,roberta,42.0,test,fixed,missing,Chưa có run full/protocol/kết quả hợp lệ,D:\DoAn\Đồ án NLP\goemotions-multilabel-classification\data\processed\transformers\roberta\seed_42\full\standard\test_results.json,False,7,curiosity,2191,,,,,,,,,
C,standard,roberta,42.0,test,fixed,missing,Chưa có run full/protocol/kết quả hợp lệ,D:\DoAn\Đồ án NLP\goemotions-multilabel-classification\data\processed\transformers\roberta\seed_42\full\standard\test_results.json,False,8,desire,641,,,,,,,,,
C,standard,roberta,42.0,test,fixed,missing,Chưa có run full/protocol/kết quả hợp lệ,D:\DoAn\Đồ án NLP\goemotions-multilabel-classification\data\processed\transformers\roberta\seed_42\full\standard\test_results.json,False,9,disappointment,1269,,,,,,,,,
C,standard,roberta,42.0,test,fixed,missing,Chưa có run full/protocol/kết quả hợp lệ,D:\DoAn\Đồ án NLP\goemotions-multilabel-classification\data\processed\transformers\roberta\seed_42\full\standard\test_results.json,False,10,disapproval,2022,,,,,,,,,
C,standard,roberta,42.0,test,fixed,missing,Chưa có run full/protocol/kết quả hợp lệ,D:\DoAn\Đồ án NLP\goemotions-multilabel-classification\data\processed\transformers\roberta\seed_42\full\standard\test_results.json,False,11,disgust,793,,,,,,,,,
C,standard,roberta,42.0,test,fixed,missing,Chưa có run full/protocol/kết quả hợp lệ,D:\DoAn\Đồ án NLP\goemotions-multilabel-classification\data\processed\transformers\roberta\seed_42\full\standard\test_results.json,False,12,embarrassment,303,,,,,,,,,
C,standard,roberta,42.0,test,fixed,missing,Chưa có run full/protocol/kết quả hợp lệ,D:\DoAn\Đồ án NLP\goemotions-multilabel-classification\data\processed\transformers\roberta\seed_42\full\standard\test_results.json,False,13,excitement,853,,,,,,,,,
C,standard,roberta,42.0,test,fixed,missing,Chưa có run full/protocol/kết quả hợp lệ,D:\DoAn\Đồ án NLP\goemotions-multilabel-classification\data\processed\transformers\roberta\seed_42\full\standard\test_results.json,False,14,fear,596,,,,,,,,,
C,standard,roberta,42.0,test,fixed,missing,Chưa có run full/protocol/kết quả hợp lệ,D:\DoAn\Đồ án NLP\goemotions-multilabel-classification\data\processed\transformers\roberta\seed_42\full\standard\test_results.json,False,15,gratitude,2662,,,,,,,,,
C,standard,roberta,42.0,test,fixed,missing,Chưa có run full/protocol/kết quả hợp lệ,D:\DoAn\Đồ án NLP\goemotions-multilabel-classification\data\processed\transformers\roberta\seed_42\full\standard\test_results.json,False,16,grief,77,,,,,,,,,
C,standard,roberta,42.0,test,fixed,missing,Chưa có run full/protocol/kết quả hợp lệ,D:\DoAn\Đồ án NLP\goemotions-multilabel-classification\data\processed\transformers\roberta\seed_42\full\standard\test_results.json,False,17,joy,1452,,,,,,,,,
C,standard,roberta,42.0,test,fixed,missing,Chưa có run full/protocol/kết quả hợp lệ,D:\DoAn\Đồ án NLP\goemotions-multilabel-classification\data\processed\transformers\roberta\seed_42\full\standard\test_results.json,False,18,love,2086,,,,,,,,,
C,standard,roberta,42.0,test,fixed,missing,Chưa có run full/protocol/kết quả hợp lệ,D:\DoAn\Đồ án NLP\goemotions-multilabel-classification\data\processed\transformers\roberta\seed_42\full\standard\test_results.json,False,19,nervousness,164,,,,,,,,,
C,standard,roberta,42.0,test,fixed,missing,Chưa có run full/protocol/kết quả hợp lệ,D:\DoAn\Đồ án NLP\goemotions-multilabel-classification\data\processed\transformers\roberta\seed_42\full\standard\test_results.json,False,20,optimism,1581,,,,,,,,,
C,standard,roberta,42.0,test,fixed,missing,Chưa có run full/protocol/kết quả hợp lệ,D:\DoAn\Đồ án NLP\goemotions-multilabel-classification\data\processed\transformers\roberta\seed_42\full\standard\test_results.json,False,21,pride,111,,,,,,,,,
C,standard,roberta,42.0,test,fixed,missing,Chưa có run full/protocol/kết quả hợp lệ,D:\DoAn\Đồ án NLP\goemotions-multilabel-classification\data\processed\transformers\roberta\seed_42\full\standard\test_results.json,False,22,realization,1110,,,,,,,,,
C,standard,roberta,42.0,test,fixed,missing,Chưa có run full/protocol/kết quả hợp lệ,D:\DoAn\Đồ án NLP\goemotions-multilabel-classification\data\processed\transformers\roberta\seed_42\full\standard\test_results.json,False,23,relief,153,,,,,,,,,
C,standard,roberta,42.0,test,fixed,missing,Chưa có run full/protocol/kết quả hợp lệ,D:\DoAn\Đồ án NLP\goemotions-multilabel-classification\data\processed\transformers\roberta\seed_42\full\standard\test_results.json,False,24,remorse,545,,,,,,,,,
C,standard,roberta,42.0,test,fixed,missing,Chưa có run full/protocol/kết quả hợp lệ,D:\DoAn\Đồ án NLP\goemotions-multilabel-classification\data\processed\transformers\roberta\seed_42\full\standard\test_results.json,False,25,sadness,1326,,,,,,,,,
C,standard,roberta,42.0,test,fixed,missing,Chưa có run full/protocol/kết quả hợp lệ,D:\DoAn\Đồ án NLP\goemotions-multilabel-classification\data\processed\transformers\roberta\seed_42\full\standard\test_results.json,False,26,surprise,1060,,,,,,,,,
C,standard,roberta,42.0,test,fixed,missing,Chưa có run full/protocol/kết quả hợp lệ,D:\DoAn\Đồ án NLP\goemotions-multilabel-classification\data\processed\transformers\roberta\seed_42\full\standard\test_results.json,False,27,neutral,14219,,,,,,,,,
C,standard,roberta,42.0,test,global,missing,Chưa có run full/protocol/kết quả hợp lệ,D:\DoAn\Đồ án NLP\goemotions-multilabel-classification\data\processed\transformers\roberta\seed_42\full\standard\test_results.json,False,0,admiration,4130,,,,,,,,,
C,standard,roberta,42.0,test,global,missing,Chưa có run full/protocol/kết quả hợp lệ,D:\DoAn\Đồ án NLP\goemotions-multilabel-classification\data\processed\transformers\roberta\seed_42\full\standard\test_results.json,False,1,amusement,2328,,,,,,,,,
C,standard,roberta,42.0,test,global,missing,Chưa có run full/protocol/kết quả hợp lệ,D:\DoAn\Đồ án NLP\goemotions-multilabel-classification\data\processed\transformers\roberta\seed_42\full\standard\test_results.json,False,2,anger,1567,,,,,,,,,
C,standard,roberta,42.0,test,global,missing,Chưa có run full/protocol/kết quả hợp lệ,D:\DoAn\Đồ án NLP\goemotions-multilabel-classification\data\processed\transformers\roberta\seed_42\full\standard\test_results.json,False,3,annoyance,2470,,,,,,,,,
C,standard,roberta,42.0,test,global,missing,Chưa có run full/protocol/kết quả hợp lệ,D:\DoAn\Đồ án NLP\goemotions-multilabel-classification\data\processed\transformers\roberta\seed_42\full\standard\test_results.json,False,4,approval,2939,,,,,,,,,
C,standard,roberta,42.0,test,global,missing,Chưa có run full/protocol/kết quả hợp lệ,D:\DoAn\Đồ án NLP\goemotions-multilabel-classification\data\processed\transformers\roberta\seed_42\full\standard\test_results.json,False,5,caring,1087,,,,,,,,,
C,standard,roberta,42.0,test,global,missing,Chưa có run full/protocol/kết quả hợp lệ,D:\DoAn\Đồ án NLP\goemotions-multilabel-classification\data\processed\transformers\roberta\seed_42\full\standard\test_results.json,False,6,confusion,1368,,,,,,,,,
C,standard,roberta,42.0,test,global,missing,Chưa có run full/protocol/kết quả hợp lệ,D:\DoAn\Đồ án NLP\goemotions-multilabel-classification\data\processed\transformers\roberta\seed_42\full\standard\test_results.json,False,7,curiosity,2191,,,,,,,,,
C,standard,roberta,42.0,test,global,missing,Chưa có run full/protocol/kết quả hợp lệ,D:\DoAn\Đồ án NLP\goemotions-multilabel-classification\data\processed\transformers\roberta\seed_42\full\standard\test_results.json,False,8,desire,641,,,,,,,,,
C,standard,roberta,42.0,test,global,missing,Chưa có run full/protocol/kết quả hợp lệ,D:\DoAn\Đồ án NLP\goemotions-multilabel-classification\data\processed\transformers\roberta\seed_42\full\standard\test_results.json,False,9,disappointment,1269,,,,,,,,,
C,standard,roberta,42.0,test,global,missing,Chưa có run full/protocol/kết quả hợp lệ,D:\DoAn\Đồ án NLP\goemotions-multilabel-classification\data\processed\transformers\roberta\seed_42\full\standard\test_results.json,False,10,disapproval,2022,,,,,,,,,
C,standard,roberta,42.0,test,global,missing,Chưa có run full/protocol/kết quả hợp lệ,D:\DoAn\Đồ án NLP\goemotions-multilabel-classification\data\processed\transformers\roberta\seed_42\full\standard\test_results.json,False,11,disgust,793,,,,,,,,,
C,standard,roberta,42.0,test,global,missing,Chưa có run full/protocol/kết quả hợp lệ,D:\DoAn\Đồ án NLP\goemotions-multilabel-classification\data\processed\transformers\roberta\seed_42\full\standard\test_results.json,False,12,embarrassment,303,,,,,,,,,
C,standard,roberta,42.0,test,global,missing,Chưa có run full/protocol/kết quả hợp lệ,D:\DoAn\Đồ án NLP\goemotions-multilabel-classification\data\processed\transformers\roberta\seed_42\full\standard\test_results.json,False,13,excitement,853,,,,,,,,,
C,standard,roberta,42.0,test,global,missing,Chưa có run full/protocol/kết quả hợp lệ,D:\DoAn\Đồ án NLP\goemotions-multilabel-classification\data\processed\transformers\roberta\seed_42\full\standard\test_results.json,False,14,fear,596,,,,,,,,,
C,standard,roberta,42.0,test,global,missing,Chưa có run full/protocol/kết quả hợp lệ,D:\DoAn\Đồ án NLP\goemotions-multilabel-classification\data\processed\transformers\roberta\seed_42\full\standard\test_results.json,False,15,gratitude,2662,,,,,,,,,
C,standard,roberta,42.0,test,global,missing,Chưa có run full/protocol/kết quả hợp lệ,D:\DoAn\Đồ án NLP\goemotions-multilabel-classification\data\processed\transformers\roberta\seed_42\full\standard\test_results.json,False,16,grief,77,,,,,,,,,
C,standard,roberta,42.0,test,global,missing,Chưa có run full/protocol/kết quả hợp lệ,D:\DoAn\Đồ án NLP\goemotions-multilabel-classification\data\processed\transformers\roberta\seed_42\full\standard\test_results.json,False,17,joy,1452,,,,,,,,,
C,standard,roberta,42.0,test,global,missing,Chưa có run full/protocol/kết quả hợp lệ,D:\DoAn\Đồ án NLP\goemotions-multilabel-classification\data\processed\transformers\roberta\seed_42\full\standard\test_results.json,False,18,love,2086,,,,,,,,,
C,standard,roberta,42.0,test,global,missing,Chưa có run full/protocol/kết quả hợp lệ,D:\DoAn\Đồ án NLP\goemotions-multilabel-classification\data\processed\transformers\roberta\seed_42\full\standard\test_results.json,False,19,nervousness,164,,,,,,,,,
C,standard,roberta,42.0,test,global,missing,Chưa có run full/protocol/kết quả hợp lệ,D:\DoAn\Đồ án NLP\goemotions-multilabel-classification\data\processed\transformers\roberta\seed_42\full\standard\test_results.json,False,20,optimism,1581,,,,,,,,,
C,standard,roberta,42.0,test,global,missing,Chưa có run full/protocol/kết quả hợp lệ,D:\DoAn\Đồ án NLP\goemotions-multilabel-classification\data\processed\transformers\roberta\seed_42\full\standard\test_results.json,False,21,pride,111,,,,,,,,,
C,standard,roberta,42.0,test,global,missing,Chưa có run full/protocol/kết quả hợp lệ,D:\DoAn\Đồ án NLP\goemotions-multilabel-classification\data\processed\transformers\roberta\seed_42\full\standard\test_results.json,False,22,realization,1110,,,,,,,,,
C,standard,roberta,42.0,test,global,missing,Chưa có run full/protocol/kết quả hợp lệ,D:\DoAn\Đồ án NLP\goemotions-multilabel-classification\data\processed\transformers\roberta\seed_42\full\standard\test_results.json,False,23,relief,153,,,,,,,,,
C,standard,roberta,42.0,test,global,missing,Chưa có run full/protocol/kết quả hợp lệ,D:\DoAn\Đồ án NLP\goemotions-multilabel-classification\data\processed\transformers\roberta\seed_42\full\standard\test_results.json,False,24,remorse,545,,,,,,,,,
C,standard,roberta,42.0,test,global,missing,Chưa có run full/protocol/kết quả hợp lệ,D:\DoAn\Đồ án NLP\goemotions-multilabel-classification\data\processed\transformers\roberta\seed_42\full\standard\test_results.json,False,25,sadness,1326,,,,,,,,,
C,standard,roberta,42.0,test,global,missing,Chưa có run full/protocol/kết quả hợp lệ,D:\DoAn\Đồ án NLP\goemotions-multilabel-classification\data\processed\transformers\roberta\seed_42\full\standard\test_results.json,False,26,surprise,1060,,,,,,,,,
C,standard,roberta,42.0,test,global,missing,Chưa có run full/protocol/kết quả hợp lệ,D:\DoAn\Đồ án NLP\goemotions-multilabel-classification\data\processed\transformers\roberta\seed_42\full\standard\test_results.json,False,27,neutral,14219,,,,,,,,,
C,standard,roberta,42.0,test,tuned,missing,Chưa có run full/protocol/kết quả hợp lệ,D:\DoAn\Đồ án NLP\goemotions-multilabel-classification\data\processed\transformers\roberta\seed_42\full\standard\test_results.json,False,0,admiration,4130,,,,,,,,,
C,standard,roberta,42.0,test,tuned,missing,Chưa có run full/protocol/kết quả hợp lệ,D:\DoAn\Đồ án NLP\goemotions-multilabel-classification\data\processed\transformers\roberta\seed_42\full\standard\test_results.json,False,1,amusement,2328,,,,,,,,,
C,standard,roberta,42.0,test,tuned,missing,Chưa có run full/protocol/kết quả hợp lệ,D:\DoAn\Đồ án NLP\goemotions-multilabel-classification\data\processed\transformers\roberta\seed_42\full\standard\test_results.json,False,2,anger,1567,,,,,,,,,
C,standard,roberta,42.0,test,tuned,missing,Chưa có run full/protocol/kết quả hợp lệ,D:\DoAn\Đồ án NLP\goemotions-multilabel-classification\data\processed\transformers\roberta\seed_42\full\standard\test_results.json,False,3,annoyance,2470,,,,,,,,,
C,standard,roberta,42.0,test,tuned,missing,Chưa có run full/protocol/kết quả hợp lệ,D:\DoAn\Đồ án NLP\goemotions-multilabel-classification\data\processed\transformers\roberta\seed_42\full\standard\test_results.json,False,4,approval,2939,,,,,,,,,
C,standard,roberta,42.0,test,tuned,missing,Chưa có run full/protocol/kết quả hợp lệ,D:\DoAn\Đồ án NLP\goemotions-multilabel-classification\data\processed\transformers\roberta\seed_42\full\standard\test_results.json,False,5,caring,1087,,,,,,,,,
C,standard,roberta,42.0,test,tuned,missing,Chưa có run full/protocol/kết quả hợp lệ,D:\DoAn\Đồ án NLP\goemotions-multilabel-classification\data\processed\transformers\roberta\seed_42\full\standard\test_results.json,False,6,confusion,1368,,,,,,,,,
C,standard,roberta,42.0,test,tuned,missing,Chưa có run full/protocol/kết quả hợp lệ,D:\DoAn\Đồ án NLP\goemotions-multilabel-classification\data\processed\transformers\roberta\seed_42\full\standard\test_results.json,False,7,curiosity,2191,,,,,,,,,
C,standard,roberta,42.0,test,tuned,missing,Chưa có run full/protocol/kết quả hợp lệ,D:\DoAn\Đồ án NLP\goemotions-multilabel-classification\data\processed\transformers\roberta\seed_42\full\standard\test_results.json,False,8,desire,641,,,,,,,,,
C,standard,roberta,42.0,test,tuned,missing,Chưa có run full/protocol/kết quả hợp lệ,D:\DoAn\Đồ án NLP\goemotions-multilabel-classification\data\processed\transformers\roberta\seed_42\full\standard\test_results.json,False,9,disappointment,1269,,,,,,,,,
C,standard,roberta,42.0,test,tuned,missing,Chưa có run full/protocol/kết quả hợp lệ,D:\DoAn\Đồ án NLP\goemotions-multilabel-classification\data\processed\transformers\roberta\seed_42\full\standard\test_results.json,False,10,disapproval,2022,,,,,,,,,
C,standard,roberta,42.0,test,tuned,missing,Chưa có run full/protocol/kết quả hợp lệ,D:\DoAn\Đồ án NLP\goemotions-multilabel-classification\data\processed\transformers\roberta\seed_42\full\standard\test_results.json,False,11,disgust,793,,,,,,,,,
C,standard,roberta,42.0,test,tuned,missing,Chưa có run full/protocol/kết quả hợp lệ,D:\DoAn\Đồ án NLP\goemotions-multilabel-classification\data\processed\transformers\roberta\seed_42\full\standard\test_results.json,False,12,embarrassment,303,,,,,,,,,
C,standard,roberta,42.0,test,tuned,missing,Chưa có run full/protocol/kết quả hợp lệ,D:\DoAn\Đồ án NLP\goemotions-multilabel-classification\data\processed\transformers\roberta\seed_42\full\standard\test_results.json,False,13,excitement,853,,,,,,,,,
C,standard,roberta,42.0,test,tuned,missing,Chưa có run full/protocol/kết quả hợp lệ,D:\DoAn\Đồ án NLP\goemotions-multilabel-classification\data\processed\transformers\roberta\seed_42\full\standard\test_results.json,False,14,fear,596,,,,,,,,,
C,standard,roberta,42.0,test,tuned,missing,Chưa có run full/protocol/kết quả hợp lệ,D:\DoAn\Đồ án NLP\goemotions-multilabel-classification\data\processed\transformers\roberta\seed_42\full\standard\test_results.json,False,15,gratitude,2662,,,,,,,,,
C,standard,roberta,42.0,test,tuned,missing,Chưa có run full/protocol/kết quả hợp lệ,D:\DoAn\Đồ án NLP\goemotions-multilabel-classification\data\processed\transformers\roberta\seed_42\full\standard\test_results.json,False,16,grief,77,,,,,,,,,
C,standard,roberta,42.0,test,tuned,missing,Chưa có run full/protocol/kết quả hợp lệ,D:\DoAn\Đồ án NLP\goemotions-multilabel-classification\data\processed\transformers\roberta\seed_42\full\standard\test_results.json,False,17,joy,1452,,,,,,,,,
C,standard,roberta,42.0,test,tuned,missing,Chưa có run full/protocol/kết quả hợp lệ,D:\DoAn\Đồ án NLP\goemotions-multilabel-classification\data\processed\transformers\roberta\seed_42\full\standard\test_results.json,False,18,love,2086,,,,,,,,,
C,standard,roberta,42.0,test,tuned,missing,Chưa có run full/protocol/kết quả hợp lệ,D:\DoAn\Đồ án NLP\goemotions-multilabel-classification\data\processed\transformers\roberta\seed_42\full\standard\test_results.json,False,19,nervousness,164,,,,,,,,,
C,standard,roberta,42.0,test,tuned,missing,Chưa có run full/protocol/kết quả hợp lệ,D:\DoAn\Đồ án NLP\goemotions-multilabel-classification\data\processed\transformers\roberta\seed_42\full\standard\test_results.json,False,20,optimism,1581,,,,,,,,,
C,standard,roberta,42.0,test,tuned,missing,Chưa có run full/protocol/kết quả hợp lệ,D:\DoAn\Đồ án NLP\goemotions-multilabel-classification\data\processed\transformers\roberta\seed_42\full\standard\test_results.json,False,21,pride,111,,,,,,,,,
C,standard,roberta,42.0,test,tuned,missing,Chưa có run full/protocol/kết quả hợp lệ,D:\DoAn\Đồ án NLP\goemotions-multilabel-classification\data\processed\transformers\roberta\seed_42\full\standard\test_results.json,False,22,realization,1110,,,,,,,,,
C,standard,roberta,42.0,test,tuned,missing,Chưa có run full/protocol/kết quả hợp lệ,D:\DoAn\Đồ án NLP\goemotions-multilabel-classification\data\processed\transformers\roberta\seed_42\full\standard\test_results.json,False,23,relief,153,,,,,,,,,
C,standard,roberta,42.0,test,tuned,missing,Chưa có run full/protocol/kết quả hợp lệ,D:\DoAn\Đồ án NLP\goemotions-multilabel-classification\data\processed\transformers\roberta\seed_42\full\standard\test_results.json,False,24,remorse,545,,,,,,,,,
C,standard,roberta,42.0,test,tuned,missing,Chưa có run full/protocol/kết quả hợp lệ,D:\DoAn\Đồ án NLP\goemotions-multilabel-classification\data\processed\transformers\roberta\seed_42\full\standard\test_results.json,False,25,sadness,1326,,,,,,,,,
C,standard,roberta,42.0,test,tuned,missing,Chưa có run full/protocol/kết quả hợp lệ,D:\DoAn\Đồ án NLP\goemotions-multilabel-classification\data\processed\transformers\roberta\seed_42\full\standard\test_results.json,False,26,surprise,1060,,,,,,,,,
C,standard,roberta,42.0,test,tuned,missing,Chưa có run full/protocol/kết quả hợp lệ,D:\DoAn\Đồ án NLP\goemotions-multilabel-classification\data\processed\transformers\roberta\seed_42\full\standard\test_results.json,False,27,neutral,14219,,,,,,,,,
C,standard,roberta,123.0,validation,fixed,missing,Chưa có run full/protocol/kết quả hợp lệ,D:\DoAn\Đồ án NLP\goemotions-multilabel-classification\data\processed\transformers\roberta\seed_123\full\standard\validation_metrics.json,False,0,admiration,4130,,,,,,,,,
C,standard,roberta,123.0,validation,fixed,missing,Chưa có run full/protocol/kết quả hợp lệ,D:\DoAn\Đồ án NLP\goemotions-multilabel-classification\data\processed\transformers\roberta\seed_123\full\standard\validation_metrics.json,False,1,amusement,2328,,,,,,,,,
C,standard,roberta,123.0,validation,fixed,missing,Chưa có run full/protocol/kết quả hợp lệ,D:\DoAn\Đồ án NLP\goemotions-multilabel-classification\data\processed\transformers\roberta\seed_123\full\standard\validation_metrics.json,False,2,anger,1567,,,,,,,,,
C,standard,roberta,123.0,validation,fixed,missing,Chưa có run full/protocol/kết quả hợp lệ,D:\DoAn\Đồ án NLP\goemotions-multilabel-classification\data\processed\transformers\roberta\seed_123\full\standard\validation_metrics.json,False,3,annoyance,2470,,,,,,,,,
C,standard,roberta,123.0,validation,fixed,missing,Chưa có run full/protocol/kết quả hợp lệ,D:\DoAn\Đồ án NLP\goemotions-multilabel-classification\data\processed\transformers\roberta\seed_123\full\standard\validation_metrics.json,False,4,approval,2939,,,,,,,,,
C,standard,roberta,123.0,validation,fixed,missing,Chưa có run full/protocol/kết quả hợp lệ,D:\DoAn\Đồ án NLP\goemotions-multilabel-classification\data\processed\transformers\roberta\seed_123\full\standard\validation_metrics.json,False,5,caring,1087,,,,,,,,,
C,standard,roberta,123.0,validation,fixed,missing,Chưa có run full/protocol/kết quả hợp lệ,D:\DoAn\Đồ án NLP\goemotions-multilabel-classification\data\processed\transformers\roberta\seed_123\full\standard\validation_metrics.json,False,6,confusion,1368,,,,,,,,,
C,standard,roberta,123.0,validation,fixed,missing,Chưa có run full/protocol/kết quả hợp lệ,D:\DoAn\Đồ án NLP\goemotions-multilabel-classification\data\processed\transformers\roberta\seed_123\full\standard\validation_metrics.json,False,7,curiosity,2191,,,,,,,,,
C,standard,roberta,123.0,validation,fixed,missing,Chưa có run full/protocol/kết quả hợp lệ,D:\DoAn\Đồ án NLP\goemotions-multilabel-classification\data\processed\transformers\roberta\seed_123\full\standard\validation_metrics.json,False,8,desire,641,,,,,,,,,
C,standard,roberta,123.0,validation,fixed,missing,Chưa có run full/protocol/kết quả hợp lệ,D:\DoAn\Đồ án NLP\goemotions-multilabel-classification\data\processed\transformers\roberta\seed_123\full\standard\validation_metrics.json,False,9,disappointment,1269,,,,,,,,,
C,standard,roberta,123.0,validation,fixed,missing,Chưa có run full/protocol/kết quả hợp lệ,D:\DoAn\Đồ án NLP\goemotions-multilabel-classification\data\processed\transformers\roberta\seed_123\full\standard\validation_metrics.json,False,10,disapproval,2022,,,,,,,,,
C,standard,roberta,123.0,validation,fixed,missing,Chưa có run full/protocol/kết quả hợp lệ,D:\DoAn\Đồ án NLP\goemotions-multilabel-classification\data\processed\transformers\roberta\seed_123\full\standard\validation_metrics.json,False,11,disgust,793,,,,,,,,,
C,standard,roberta,123.0,validation,fixed,missing,Chưa có run full/protocol/kết quả hợp lệ,D:\DoAn\Đồ án NLP\goemotions-multilabel-classification\data\processed\transformers\roberta\seed_123\full\standard\validation_metrics.json,False,12,embarrassment,303,,,,,,,,,
C,standard,roberta,123.0,validation,fixed,missing,Chưa có run full/protocol/kết quả hợp lệ,D:\DoAn\Đồ án NLP\goemotions-multilabel-classification\data\processed\transformers\roberta\seed_123\full\standard\validation_metrics.json,False,13,excitement,853,,,,,,,,,
C,standard,roberta,123.0,validation,fixed,missing,Chưa có run full/protocol/kết quả hợp lệ,D:\DoAn\Đồ án NLP\goemotions-multilabel-classification\data\processed\transformers\roberta\seed_123\full\standard\validation_metrics.json,False,14,fear,596,,,,,,,,,
C,standard,roberta,123.0,validation,fixed,missing,Chưa có run full/protocol/kết quả hợp lệ,D:\DoAn\Đồ án NLP\goemotions-multilabel-classification\data\processed\transformers\roberta\seed_123\full\standard\validation_metrics.json,False,15,gratitude,2662,,,,,,,,,
C,standard,roberta,123.0,validation,fixed,missing,Chưa có run full/protocol/kết quả hợp lệ,D:\DoAn\Đồ án NLP\goemotions-multilabel-classification\data\processed\transformers\roberta\seed_123\full\standard\validation_metrics.json,False,16,grief,77,,,,,,,,,
C,standard,roberta,123.0,validation,fixed,missing,Chưa có run full/protocol/kết quả hợp lệ,D:\DoAn\Đồ án NLP\goemotions-multilabel-classification\data\processed\transformers\roberta\seed_123\full\standard\validation_metrics.json,False,17,joy,1452,,,,,,,,,
C,standard,roberta,123.0,validation,fixed,missing,Chưa có run full/protocol/kết quả hợp lệ,D:\DoAn\Đồ án NLP\goemotions-multilabel-classification\data\processed\transformers\roberta\seed_123\full\standard\validation_metrics.json,False,18,love,2086,,,,,,,,,
C,standard,roberta,123.0,validation,fixed,missing,Chưa có run full/protocol/kết quả hợp lệ,D:\DoAn\Đồ án NLP\goemotions-multilabel-classification\data\processed\transformers\roberta\seed_123\full\standard\validation_metrics.json,False,19,nervousness,164,,,,,,,,,
C,standard,roberta,123.0,validation,fixed,missing,Chưa có run full/protocol/kết quả hợp lệ,D:\DoAn\Đồ án NLP\goemotions-multilabel-classification\data\processed\transformers\roberta\seed_123\full\standard\validation_metrics.json,False,20,optimism,1581,,,,,,,,,
C,standard,roberta,123.0,validation,fixed,missing,Chưa có run full/protocol/kết quả hợp lệ,D:\DoAn\Đồ án NLP\goemotions-multilabel-classification\data\processed\transformers\roberta\seed_123\full\standard\validation_metrics.json,False,21,pride,111,,,,,,,,,
C,standard,roberta,123.0,validation,fixed,missing,Chưa có run full/protocol/kết quả hợp lệ,D:\DoAn\Đồ án NLP\goemotions-multilabel-classification\data\processed\transformers\roberta\seed_123\full\standard\validation_metrics.json,False,22,realization,1110,,,,,,,,,
C,standard,roberta,123.0,validation,fixed,missing,Chưa có run full/protocol/kết quả hợp lệ,D:\DoAn\Đồ án NLP\goemotions-multilabel-classification\data\processed\transformers\roberta\seed_123\full\standard\validation_metrics.json,False,23,relief,153,,,,,,,,,
C,standard,roberta,123.0,validation,fixed,missing,Chưa có run full/protocol/kết quả hợp lệ,D:\DoAn\Đồ án NLP\goemotions-multilabel-classification\data\processed\transformers\roberta\seed_123\full\standard\validation_metrics.json,False,24,remorse,545,,,,,,,,,
C,standard,roberta,123.0,validation,fixed,missing,Chưa có run full/protocol/kết quả hợp lệ,D:\DoAn\Đồ án NLP\goemotions-multilabel-classification\data\processed\transformers\roberta\seed_123\full\standard\validation_metrics.json,False,25,sadness,1326,,,,,,,,,
C,standard,roberta,123.0,validation,fixed,missing,Chưa có run full/protocol/kết quả hợp lệ,D:\DoAn\Đồ án NLP\goemotions-multilabel-classification\data\processed\transformers\roberta\seed_123\full\standard\validation_metrics.json,False,26,surprise,1060,,,,,,,,,
C,standard,roberta,123.0,validation,fixed,missing,Chưa có run full/protocol/kết quả hợp lệ,D:\DoAn\Đồ án NLP\goemotions-multilabel-classification\data\processed\transformers\roberta\seed_123\full\standard\validation_metrics.json,False,27,neutral,14219,,,,,,,,,
C,standard,roberta,123.0,validation,global,missing,Chưa có run full/protocol/kết quả hợp lệ,D:\DoAn\Đồ án NLP\goemotions-multilabel-classification\data\processed\transformers\roberta\seed_123\full\standard\final_protocol.json,True,0,admiration,4130,,,,,,,,,
C,standard,roberta,123.0,validation,global,missing,Chưa có run full/protocol/kết quả hợp lệ,D:\DoAn\Đồ án NLP\goemotions-multilabel-classification\data\processed\transformers\roberta\seed_123\full\standard\final_protocol.json,True,1,amusement,2328,,,,,,,,,
C,standard,roberta,123.0,validation,global,missing,Chưa có run full/protocol/kết quả hợp lệ,D:\DoAn\Đồ án NLP\goemotions-multilabel-classification\data\processed\transformers\roberta\seed_123\full\standard\final_protocol.json,True,2,anger,1567,,,,,,,,,
C,standard,roberta,123.0,validation,global,missing,Chưa có run full/protocol/kết quả hợp lệ,D:\DoAn\Đồ án NLP\goemotions-multilabel-classification\data\processed\transformers\roberta\seed_123\full\standard\final_protocol.json,True,3,annoyance,2470,,,,,,,,,
C,standard,roberta,123.0,validation,global,missing,Chưa có run full/protocol/kết quả hợp lệ,D:\DoAn\Đồ án NLP\goemotions-multilabel-classification\data\processed\transformers\roberta\seed_123\full\standard\final_protocol.json,True,4,approval,2939,,,,,,,,,
C,standard,roberta,123.0,validation,global,missing,Chưa có run full/protocol/kết quả hợp lệ,D:\DoAn\Đồ án NLP\goemotions-multilabel-classification\data\processed\transformers\roberta\seed_123\full\standard\final_protocol.json,True,5,caring,1087,,,,,,,,,
C,standard,roberta,123.0,validation,global,missing,Chưa có run full/protocol/kết quả hợp lệ,D:\DoAn\Đồ án NLP\goemotions-multilabel-classification\data\processed\transformers\roberta\seed_123\full\standard\final_protocol.json,True,6,confusion,1368,,,,,,,,,
C,standard,roberta,123.0,validation,global,missing,Chưa có run full/protocol/kết quả hợp lệ,D:\DoAn\Đồ án NLP\goemotions-multilabel-classification\data\processed\transformers\roberta\seed_123\full\standard\final_protocol.json,True,7,curiosity,2191,,,,,,,,,
C,standard,roberta,123.0,validation,global,missing,Chưa có run full/protocol/kết quả hợp lệ,D:\DoAn\Đồ án NLP\goemotions-multilabel-classification\data\processed\transformers\roberta\seed_123\full\standard\final_protocol.json,True,8,desire,641,,,,,,,,,
C,standard,roberta,123.0,validation,global,missing,Chưa có run full/protocol/kết quả hợp lệ,D:\DoAn\Đồ án NLP\goemotions-multilabel-classification\data\processed\transformers\roberta\seed_123\full\standard\final_protocol.json,True,9,disappointment,1269,,,,,,,,,
C,standard,roberta,123.0,validation,global,missing,Chưa có run full/protocol/kết quả hợp lệ,D:\DoAn\Đồ án NLP\goemotions-multilabel-classification\data\processed\transformers\roberta\seed_123\full\standard\final_protocol.json,True,10,disapproval,2022,,,,,,,,,
C,standard,roberta,123.0,validation,global,missing,Chưa có run full/protocol/kết quả hợp lệ,D:\DoAn\Đồ án NLP\goemotions-multilabel-classification\data\processed\transformers\roberta\seed_123\full\standard\final_protocol.json,True,11,disgust,793,,,,,,,,,
C,standard,roberta,123.0,validation,global,missing,Chưa có run full/protocol/kết quả hợp lệ,D:\DoAn\Đồ án NLP\goemotions-multilabel-classification\data\processed\transformers\roberta\seed_123\full\standard\final_protocol.json,True,12,embarrassment,303,,,,,,,,,
C,standard,roberta,123.0,validation,global,missing,Chưa có run full/protocol/kết quả hợp lệ,D:\DoAn\Đồ án NLP\goemotions-multilabel-classification\data\processed\transformers\roberta\seed_123\full\standard\final_protocol.json,True,13,excitement,853,,,,,,,,,
C,standard,roberta,123.0,validation,global,missing,Chưa có run full/protocol/kết quả hợp lệ,D:\DoAn\Đồ án NLP\goemotions-multilabel-classification\data\processed\transformers\roberta\seed_123\full\standard\final_protocol.json,True,14,fear,596,,,,,,,,,
C,standard,roberta,123.0,validation,global,missing,Chưa có run full/protocol/kết quả hợp lệ,D:\DoAn\Đồ án NLP\goemotions-multilabel-classification\data\processed\transformers\roberta\seed_123\full\standard\final_protocol.json,True,15,gratitude,2662,,,,,,,,,
C,standard,roberta,123.0,validation,global,missing,Chưa có run full/protocol/kết quả hợp lệ,D:\DoAn\Đồ án NLP\goemotions-multilabel-classification\data\processed\transformers\roberta\seed_123\full\standard\final_protocol.json,True,16,grief,77,,,,,,,,,
C,standard,roberta,123.0,validation,global,missing,Chưa có run full/protocol/kết quả hợp lệ,D:\DoAn\Đồ án NLP\goemotions-multilabel-classification\data\processed\transformers\roberta\seed_123\full\standard\final_protocol.json,True,17,joy,1452,,,,,,,,,
C,standard,roberta,123.0,validation,global,missing,Chưa có run full/protocol/kết quả hợp lệ,D:\DoAn\Đồ án NLP\goemotions-multilabel-classification\data\processed\transformers\roberta\seed_123\full\standard\final_protocol.json,True,18,love,2086,,,,,,,,,
C,standard,roberta,123.0,validation,global,missing,Chưa có run full/protocol/kết quả hợp lệ,D:\DoAn\Đồ án NLP\goemotions-multilabel-classification\data\processed\transformers\roberta\seed_123\full\standard\final_protocol.json,True,19,nervousness,164,,,,,,,,,
C,standard,roberta,123.0,validation,global,missing,Chưa có run full/protocol/kết quả hợp lệ,D:\DoAn\Đồ án NLP\goemotions-multilabel-classification\data\processed\transformers\roberta\seed_123\full\standard\final_protocol.json,True,20,optimism,1581,,,,,,,,,
C,standard,roberta,123.0,validation,global,missing,Chưa có run full/protocol/kết quả hợp lệ,D:\DoAn\Đồ án NLP\goemotions-multilabel-classification\data\processed\transformers\roberta\seed_123\full\standard\final_protocol.json,True,21,pride,111,,,,,,,,,
C,standard,roberta,123.0,validation,global,missing,Chưa có run full/protocol/kết quả hợp lệ,D:\DoAn\Đồ án NLP\goemotions-multilabel-classification\data\processed\transformers\roberta\seed_123\full\standard\final_protocol.json,True,22,realization,1110,,,,,,,,,
C,standard,roberta,123.0,validation,global,missing,Chưa có run full/protocol/kết quả hợp lệ,D:\DoAn\Đồ án NLP\goemotions-multilabel-classification\data\processed\transformers\roberta\seed_123\full\standard\final_protocol.json,True,23,relief,153,,,,,,,,,
C,standard,roberta,123.0,validation,global,missing,Chưa có run full/protocol/kết quả hợp lệ,D:\DoAn\Đồ án NLP\goemotions-multilabel-classification\data\processed\transformers\roberta\seed_123\full\standard\final_protocol.json,True,24,remorse,545,,,,,,,,,
C,standard,roberta,123.0,validation,global,missing,Chưa có run full/protocol/kết quả hợp lệ,D:\DoAn\Đồ án NLP\goemotions-multilabel-classification\data\processed\transformers\roberta\seed_123\full\standard\final_protocol.json,True,25,sadness,1326,,,,,,,,,
C,standard,roberta,123.0,validation,global,missing,Chưa có run full/protocol/kết quả hợp lệ,D:\DoAn\Đồ án NLP\goemotions-multilabel-classification\data\processed\transformers\roberta\seed_123\full\standard\final_protocol.json,True,26,surprise,1060,,,,,,,,,
C,standard,roberta,123.0,validation,global,missing,Chưa có run full/protocol/kết quả hợp lệ,D:\DoAn\Đồ án NLP\goemotions-multilabel-classification\data\processed\transformers\roberta\seed_123\full\standard\final_protocol.json,True,27,neutral,14219,,,,,,,,,
C,standard,roberta,123.0,validation,tuned,missing,Chưa có run full/protocol/kết quả hợp lệ,D:\DoAn\Đồ án NLP\goemotions-multilabel-classification\data\processed\transformers\roberta\seed_123\full\standard\final_protocol.json,True,0,admiration,4130,,,,,,,,,
C,standard,roberta,123.0,validation,tuned,missing,Chưa có run full/protocol/kết quả hợp lệ,D:\DoAn\Đồ án NLP\goemotions-multilabel-classification\data\processed\transformers\roberta\seed_123\full\standard\final_protocol.json,True,1,amusement,2328,,,,,,,,,
C,standard,roberta,123.0,validation,tuned,missing,Chưa có run full/protocol/kết quả hợp lệ,D:\DoAn\Đồ án NLP\goemotions-multilabel-classification\data\processed\transformers\roberta\seed_123\full\standard\final_protocol.json,True,2,anger,1567,,,,,,,,,
C,standard,roberta,123.0,validation,tuned,missing,Chưa có run full/protocol/kết quả hợp lệ,D:\DoAn\Đồ án NLP\goemotions-multilabel-classification\data\processed\transformers\roberta\seed_123\full\standard\final_protocol.json,True,3,annoyance,2470,,,,,,,,,
C,standard,roberta,123.0,validation,tuned,missing,Chưa có run full/protocol/kết quả hợp lệ,D:\DoAn\Đồ án NLP\goemotions-multilabel-classification\data\processed\transformers\roberta\seed_123\full\standard\final_protocol.json,True,4,approval,2939,,,,,,,,,
C,standard,roberta,123.0,validation,tuned,missing,Chưa có run full/protocol/kết quả hợp lệ,D:\DoAn\Đồ án NLP\goemotions-multilabel-classification\data\processed\transformers\roberta\seed_123\full\standard\final_protocol.json,True,5,caring,1087,,,,,,,,,
C,standard,roberta,123.0,validation,tuned,missing,Chưa có run full/protocol/kết quả hợp lệ,D:\DoAn\Đồ án NLP\goemotions-multilabel-classification\data\processed\transformers\roberta\seed_123\full\standard\final_protocol.json,True,6,confusion,1368,,,,,,,,,
C,standard,roberta,123.0,validation,tuned,missing,Chưa có run full/protocol/kết quả hợp lệ,D:\DoAn\Đồ án NLP\goemotions-multilabel-classification\data\processed\transformers\roberta\seed_123\full\standard\final_protocol.json,True,7,curiosity,2191,,,,,,,,,
C,standard,roberta,123.0,validation,tuned,missing,Chưa có run full/protocol/kết quả hợp lệ,D:\DoAn\Đồ án NLP\goemotions-multilabel-classification\data\processed\transformers\roberta\seed_123\full\standard\final_protocol.json,True,8,desire,641,,,,,,,,,
C,standard,roberta,123.0,validation,tuned,missing,Chưa có run full/protocol/kết quả hợp lệ,D:\DoAn\Đồ án NLP\goemotions-multilabel-classification\data\processed\transformers\roberta\seed_123\full\standard\final_protocol.json,True,9,disappointment,1269,,,,,,,,,
C,standard,roberta,123.0,validation,tuned,missing,Chưa có run full/protocol/kết quả hợp lệ,D:\DoAn\Đồ án NLP\goemotions-multilabel-classification\data\processed\transformers\roberta\seed_123\full\standard\final_protocol.json,True,10,disapproval,2022,,,,,,,,,
C,standard,roberta,123.0,validation,tuned,missing,Chưa có run full/protocol/kết quả hợp lệ,D:\DoAn\Đồ án NLP\goemotions-multilabel-classification\data\processed\transformers\roberta\seed_123\full\standard\final_protocol.json,True,11,disgust,793,,,,,,,,,
C,standard,roberta,123.0,validation,tuned,missing,Chưa có run full/protocol/kết quả hợp lệ,D:\DoAn\Đồ án NLP\goemotions-multilabel-classification\data\processed\transformers\roberta\seed_123\full\standard\final_protocol.json,True,12,embarrassment,303,,,,,,,,,
C,standard,roberta,123.0,validation,tuned,missing,Chưa có run full/protocol/kết quả hợp lệ,D:\DoAn\Đồ án NLP\goemotions-multilabel-classification\data\processed\transformers\roberta\seed_123\full\standard\final_protocol.json,True,13,excitement,853,,,,,,,,,
C,standard,roberta,123.0,validation,tuned,missing,Chưa có run full/protocol/kết quả hợp lệ,D:\DoAn\Đồ án NLP\goemotions-multilabel-classification\data\processed\transformers\roberta\seed_123\full\standard\final_protocol.json,True,14,fear,596,,,,,,,,,
C,standard,roberta,123.0,validation,tuned,missing,Chưa có run full/protocol/kết quả hợp lệ,D:\DoAn\Đồ án NLP\goemotions-multilabel-classification\data\processed\transformers\roberta\seed_123\full\standard\final_protocol.json,True,15,gratitude,2662,,,,,,,,,
C,standard,roberta,123.0,validation,tuned,missing,Chưa có run full/protocol/kết quả hợp lệ,D:\DoAn\Đồ án NLP\goemotions-multilabel-classification\data\processed\transformers\roberta\seed_123\full\standard\final_protocol.json,True,16,grief,77,,,,,,,,,
C,standard,roberta,123.0,validation,tuned,missing,Chưa có run full/protocol/kết quả hợp lệ,D:\DoAn\Đồ án NLP\goemotions-multilabel-classification\data\processed\transformers\roberta\seed_123\full\standard\final_protocol.json,True,17,joy,1452,,,,,,,,,
C,standard,roberta,123.0,validation,tuned,missing,Chưa có run full/protocol/kết quả hợp lệ,D:\DoAn\Đồ án NLP\goemotions-multilabel-classification\data\processed\transformers\roberta\seed_123\full\standard\final_protocol.json,True,18,love,2086,,,,,,,,,
C,standard,roberta,123.0,validation,tuned,missing,Chưa có run full/protocol/kết quả hợp lệ,D:\DoAn\Đồ án NLP\goemotions-multilabel-classification\data\processed\transformers\roberta\seed_123\full\standard\final_protocol.json,True,19,nervousness,164,,,,,,,,,
C,standard,roberta,123.0,validation,tuned,missing,Chưa có run full/protocol/kết quả hợp lệ,D:\DoAn\Đồ án NLP\goemotions-multilabel-classification\data\processed\transformers\roberta\seed_123\full\standard\final_protocol.json,True,20,optimism,1581,,,,,,,,,
C,standard,roberta,123.0,validation,tuned,missing,Chưa có run full/protocol/kết quả hợp lệ,D:\DoAn\Đồ án NLP\goemotions-multilabel-classification\data\processed\transformers\roberta\seed_123\full\standard\final_protocol.json,True,21,pride,111,,,,,,,,,
C,standard,roberta,123.0,validation,tuned,missing,Chưa có run full/protocol/kết quả hợp lệ,D:\DoAn\Đồ án NLP\goemotions-multilabel-classification\data\processed\transformers\roberta\seed_123\full\standard\final_protocol.json,True,22,realization,1110,,,,,,,,,
C,standard,roberta,123.0,validation,tuned,missing,Chưa có run full/protocol/kết quả hợp lệ,D:\DoAn\Đồ án NLP\goemotions-multilabel-classification\data\processed\transformers\roberta\seed_123\full\standard\final_protocol.json,True,23,relief,153,,,,,,,,,
C,standard,roberta,123.0,validation,tuned,missing,Chưa có run full/protocol/kết quả hợp lệ,D:\DoAn\Đồ án NLP\goemotions-multilabel-classification\data\processed\transformers\roberta\seed_123\full\standard\final_protocol.json,True,24,remorse,545,,,,,,,,,
C,standard,roberta,123.0,validation,tuned,missing,Chưa có run full/protocol/kết quả hợp lệ,D:\DoAn\Đồ án NLP\goemotions-multilabel-classification\data\processed\transformers\roberta\seed_123\full\standard\final_protocol.json,True,25,sadness,1326,,,,,,,,,
C,standard,roberta,123.0,validation,tuned,missing,Chưa có run full/protocol/kết quả hợp lệ,D:\DoAn\Đồ án NLP\goemotions-multilabel-classification\data\processed\transformers\roberta\seed_123\full\standard\final_protocol.json,True,26,surprise,1060,,,,,,,,,
C,standard,roberta,123.0,validation,tuned,missing,Chưa có run full/protocol/kết quả hợp lệ,D:\DoAn\Đồ án NLP\goemotions-multilabel-classification\data\processed\transformers\roberta\seed_123\full\standard\final_protocol.json,True,27,neutral,14219,,,,,,,,,
C,standard,roberta,123.0,test,fixed,missing,Chưa có run full/protocol/kết quả hợp lệ,D:\DoAn\Đồ án NLP\goemotions-multilabel-classification\data\processed\transformers\roberta\seed_123\full\standard\test_results.json,False,0,admiration,4130,,,,,,,,,
C,standard,roberta,123.0,test,fixed,missing,Chưa có run full/protocol/kết quả hợp lệ,D:\DoAn\Đồ án NLP\goemotions-multilabel-classification\data\processed\transformers\roberta\seed_123\full\standard\test_results.json,False,1,amusement,2328,,,,,,,,,
C,standard,roberta,123.0,test,fixed,missing,Chưa có run full/protocol/kết quả hợp lệ,D:\DoAn\Đồ án NLP\goemotions-multilabel-classification\data\processed\transformers\roberta\seed_123\full\standard\test_results.json,False,2,anger,1567,,,,,,,,,
C,standard,roberta,123.0,test,fixed,missing,Chưa có run full/protocol/kết quả hợp lệ,D:\DoAn\Đồ án NLP\goemotions-multilabel-classification\data\processed\transformers\roberta\seed_123\full\standard\test_results.json,False,3,annoyance,2470,,,,,,,,,
C,standard,roberta,123.0,test,fixed,missing,Chưa có run full/protocol/kết quả hợp lệ,D:\DoAn\Đồ án NLP\goemotions-multilabel-classification\data\processed\transformers\roberta\seed_123\full\standard\test_results.json,False,4,approval,2939,,,,,,,,,
C,standard,roberta,123.0,test,fixed,missing,Chưa có run full/protocol/kết quả hợp lệ,D:\DoAn\Đồ án NLP\goemotions-multilabel-classification\data\processed\transformers\roberta\seed_123\full\standard\test_results.json,False,5,caring,1087,,,,,,,,,
C,standard,roberta,123.0,test,fixed,missing,Chưa có run full/protocol/kết quả hợp lệ,D:\DoAn\Đồ án NLP\goemotions-multilabel-classification\data\processed\transformers\roberta\seed_123\full\standard\test_results.json,False,6,confusion,1368,,,,,,,,,
C,standard,roberta,123.0,test,fixed,missing,Chưa có run full/protocol/kết quả hợp lệ,D:\DoAn\Đồ án NLP\goemotions-multilabel-classification\data\processed\transformers\roberta\seed_123\full\standard\test_results.json,False,7,curiosity,2191,,,,,,,,,
C,standard,roberta,123.0,test,fixed,missing,Chưa có run full/protocol/kết quả hợp lệ,D:\DoAn\Đồ án NLP\goemotions-multilabel-classification\data\processed\transformers\roberta\seed_123\full\standard\test_results.json,False,8,desire,641,,,,,,,,,
C,standard,roberta,123.0,test,fixed,missing,Chưa có run full/protocol/kết quả hợp lệ,D:\DoAn\Đồ án NLP\goemotions-multilabel-classification\data\processed\transformers\roberta\seed_123\full\standard\test_results.json,False,9,disappointment,1269,,,,,,,,,
C,standard,roberta,123.0,test,fixed,missing,Chưa có run full/protocol/kết quả hợp lệ,D:\DoAn\Đồ án NLP\goemotions-multilabel-classification\data\processed\transformers\roberta\seed_123\full\standard\test_results.json,False,10,disapproval,2022,,,,,,,,,
C,standard,roberta,123.0,test,fixed,missing,Chưa có run full/protocol/kết quả hợp lệ,D:\DoAn\Đồ án NLP\goemotions-multilabel-classification\data\processed\transformers\roberta\seed_123\full\standard\test_results.json,False,11,disgust,793,,,,,,,,,
C,standard,roberta,123.0,test,fixed,missing,Chưa có run full/protocol/kết quả hợp lệ,D:\DoAn\Đồ án NLP\goemotions-multilabel-classification\data\processed\transformers\roberta\seed_123\full\standard\test_results.json,False,12,embarrassment,303,,,,,,,,,
C,standard,roberta,123.0,test,fixed,missing,Chưa có run full/protocol/kết quả hợp lệ,D:\DoAn\Đồ án NLP\goemotions-multilabel-classification\data\processed\transformers\roberta\seed_123\full\standard\test_results.json,False,13,excitement,853,,,,,,,,,
C,standard,roberta,123.0,test,fixed,missing,Chưa có run full/protocol/kết quả hợp lệ,D:\DoAn\Đồ án NLP\goemotions-multilabel-classification\data\processed\transformers\roberta\seed_123\full\standard\test_results.json,False,14,fear,596,,,,,,,,,
C,standard,roberta,123.0,test,fixed,missing,Chưa có run full/protocol/kết quả hợp lệ,D:\DoAn\Đồ án NLP\goemotions-multilabel-classification\data\processed\transformers\roberta\seed_123\full\standard\test_results.json,False,15,gratitude,2662,,,,,,,,,
C,standard,roberta,123.0,test,fixed,missing,Chưa có run full/protocol/kết quả hợp lệ,D:\DoAn\Đồ án NLP\goemotions-multilabel-classification\data\processed\transformers\roberta\seed_123\full\standard\test_results.json,False,16,grief,77,,,,,,,,,
C,standard,roberta,123.0,test,fixed,missing,Chưa có run full/protocol/kết quả hợp lệ,D:\DoAn\Đồ án NLP\goemotions-multilabel-classification\data\processed\transformers\roberta\seed_123\full\standard\test_results.json,False,17,joy,1452,,,,,,,,,
C,standard,roberta,123.0,test,fixed,missing,Chưa có run full/protocol/kết quả hợp lệ,D:\DoAn\Đồ án NLP\goemotions-multilabel-classification\data\processed\transformers\roberta\seed_123\full\standard\test_results.json,False,18,love,2086,,,,,,,,,
C,standard,roberta,123.0,test,fixed,missing,Chưa có run full/protocol/kết quả hợp lệ,D:\DoAn\Đồ án NLP\goemotions-multilabel-classification\data\processed\transformers\roberta\seed_123\full\standard\test_results.json,False,19,nervousness,164,,,,,,,,,
C,standard,roberta,123.0,test,fixed,missing,Chưa có run full/protocol/kết quả hợp lệ,D:\DoAn\Đồ án NLP\goemotions-multilabel-classification\data\processed\transformers\roberta\seed_123\full\standard\test_results.json,False,20,optimism,1581,,,,,,,,,
C,standard,roberta,123.0,test,fixed,missing,Chưa có run full/protocol/kết quả hợp lệ,D:\DoAn\Đồ án NLP\goemotions-multilabel-classification\data\processed\transformers\roberta\seed_123\full\standard\test_results.json,False,21,pride,111,,,,,,,,,
C,standard,roberta,123.0,test,fixed,missing,Chưa có run full/protocol/kết quả hợp lệ,D:\DoAn\Đồ án NLP\goemotions-multilabel-classification\data\processed\transformers\roberta\seed_123\full\standard\test_results.json,False,22,realization,1110,,,,,,,,,
C,standard,roberta,123.0,test,fixed,missing,Chưa có run full/protocol/kết quả hợp lệ,D:\DoAn\Đồ án NLP\goemotions-multilabel-classification\data\processed\transformers\roberta\seed_123\full\standard\test_results.json,False,23,relief,153,,,,,,,,,
C,standard,roberta,123.0,test,fixed,missing,Chưa có run full/protocol/kết quả hợp lệ,D:\DoAn\Đồ án NLP\goemotions-multilabel-classification\data\processed\transformers\roberta\seed_123\full\standard\test_results.json,False,24,remorse,545,,,,,,,,,
C,standard,roberta,123.0,test,fixed,missing,Chưa có run full/protocol/kết quả hợp lệ,D:\DoAn\Đồ án NLP\goemotions-multilabel-classification\data\processed\transformers\roberta\seed_123\full\standard\test_results.json,False,25,sadness,1326,,,,,,,,,
C,standard,roberta,123.0,test,fixed,missing,Chưa có run full/protocol/kết quả hợp lệ,D:\DoAn\Đồ án NLP\goemotions-multilabel-classification\data\processed\transformers\roberta\seed_123\full\standard\test_results.json,False,26,surprise,1060,,,,,,,,,
C,standard,roberta,123.0,test,fixed,missing,Chưa có run full/protocol/kết quả hợp lệ,D:\DoAn\Đồ án NLP\goemotions-multilabel-classification\data\processed\transformers\roberta\seed_123\full\standard\test_results.json,False,27,neutral,14219,,,,,,,,,
C,standard,roberta,123.0,test,global,missing,Chưa có run full/protocol/kết quả hợp lệ,D:\DoAn\Đồ án NLP\goemotions-multilabel-classification\data\processed\transformers\roberta\seed_123\full\standard\test_results.json,False,0,admiration,4130,,,,,,,,,
C,standard,roberta,123.0,test,global,missing,Chưa có run full/protocol/kết quả hợp lệ,D:\DoAn\Đồ án NLP\goemotions-multilabel-classification\data\processed\transformers\roberta\seed_123\full\standard\test_results.json,False,1,amusement,2328,,,,,,,,,
C,standard,roberta,123.0,test,global,missing,Chưa có run full/protocol/kết quả hợp lệ,D:\DoAn\Đồ án NLP\goemotions-multilabel-classification\data\processed\transformers\roberta\seed_123\full\standard\test_results.json,False,2,anger,1567,,,,,,,,,
C,standard,roberta,123.0,test,global,missing,Chưa có run full/protocol/kết quả hợp lệ,D:\DoAn\Đồ án NLP\goemotions-multilabel-classification\data\processed\transformers\roberta\seed_123\full\standard\test_results.json,False,3,annoyance,2470,,,,,,,,,
C,standard,roberta,123.0,test,global,missing,Chưa có run full/protocol/kết quả hợp lệ,D:\DoAn\Đồ án NLP\goemotions-multilabel-classification\data\processed\transformers\roberta\seed_123\full\standard\test_results.json,False,4,approval,2939,,,,,,,,,
C,standard,roberta,123.0,test,global,missing,Chưa có run full/protocol/kết quả hợp lệ,D:\DoAn\Đồ án NLP\goemotions-multilabel-classification\data\processed\transformers\roberta\seed_123\full\standard\test_results.json,False,5,caring,1087,,,,,,,,,
C,standard,roberta,123.0,test,global,missing,Chưa có run full/protocol/kết quả hợp lệ,D:\DoAn\Đồ án NLP\goemotions-multilabel-classification\data\processed\transformers\roberta\seed_123\full\standard\test_results.json,False,6,confusion,1368,,,,,,,,,
C,standard,roberta,123.0,test,global,missing,Chưa có run full/protocol/kết quả hợp lệ,D:\DoAn\Đồ án NLP\goemotions-multilabel-classification\data\processed\transformers\roberta\seed_123\full\standard\test_results.json,False,7,curiosity,2191,,,,,,,,,
C,standard,roberta,123.0,test,global,missing,Chưa có run full/protocol/kết quả hợp lệ,D:\DoAn\Đồ án NLP\goemotions-multilabel-classification\data\processed\transformers\roberta\seed_123\full\standard\test_results.json,False,8,desire,641,,,,,,,,,
C,standard,roberta,123.0,test,global,missing,Chưa có run full/protocol/kết quả hợp lệ,D:\DoAn\Đồ án NLP\goemotions-multilabel-classification\data\processed\transformers\roberta\seed_123\full\standard\test_results.json,False,9,disappointment,1269,,,,,,,,,
C,standard,roberta,123.0,test,global,missing,Chưa có run full/protocol/kết quả hợp lệ,D:\DoAn\Đồ án NLP\goemotions-multilabel-classification\data\processed\transformers\roberta\seed_123\full\standard\test_results.json,False,10,disapproval,2022,,,,,,,,,
C,standard,roberta,123.0,test,global,missing,Chưa có run full/protocol/kết quả hợp lệ,D:\DoAn\Đồ án NLP\goemotions-multilabel-classification\data\processed\transformers\roberta\seed_123\full\standard\test_results.json,False,11,disgust,793,,,,,,,,,
C,standard,roberta,123.0,test,global,missing,Chưa có run full/protocol/kết quả hợp lệ,D:\DoAn\Đồ án NLP\goemotions-multilabel-classification\data\processed\transformers\roberta\seed_123\full\standard\test_results.json,False,12,embarrassment,303,,,,,,,,,
C,standard,roberta,123.0,test,global,missing,Chưa có run full/protocol/kết quả hợp lệ,D:\DoAn\Đồ án NLP\goemotions-multilabel-classification\data\processed\transformers\roberta\seed_123\full\standard\test_results.json,False,13,excitement,853,,,,,,,,,
C,standard,roberta,123.0,test,global,missing,Chưa có run full/protocol/kết quả hợp lệ,D:\DoAn\Đồ án NLP\goemotions-multilabel-classification\data\processed\transformers\roberta\seed_123\full\standard\test_results.json,False,14,fear,596,,,,,,,,,
C,standard,roberta,123.0,test,global,missing,Chưa có run full/protocol/kết quả hợp lệ,D:\DoAn\Đồ án NLP\goemotions-multilabel-classification\data\processed\transformers\roberta\seed_123\full\standard\test_results.json,False,15,gratitude,2662,,,,,,,,,
C,standard,roberta,123.0,test,global,missing,Chưa có run full/protocol/kết quả hợp lệ,D:\DoAn\Đồ án NLP\goemotions-multilabel-classification\data\processed\transformers\roberta\seed_123\full\standard\test_results.json,False,16,grief,77,,,,,,,,,
C,standard,roberta,123.0,test,global,missing,Chưa có run full/protocol/kết quả hợp lệ,D:\DoAn\Đồ án NLP\goemotions-multilabel-classification\data\processed\transformers\roberta\seed_123\full\standard\test_results.json,False,17,joy,1452,,,,,,,,,
C,standard,roberta,123.0,test,global,missing,Chưa có run full/protocol/kết quả hợp lệ,D:\DoAn\Đồ án NLP\goemotions-multilabel-classification\data\processed\transformers\roberta\seed_123\full\standard\test_results.json,False,18,love,2086,,,,,,,,,
C,standard,roberta,123.0,test,global,missing,Chưa có run full/protocol/kết quả hợp lệ,D:\DoAn\Đồ án NLP\goemotions-multilabel-classification\data\processed\transformers\roberta\seed_123\full\standard\test_results.json,False,19,nervousness,164,,,,,,,,,
C,standard,roberta,123.0,test,global,missing,Chưa có run full/protocol/kết quả hợp lệ,D:\DoAn\Đồ án NLP\goemotions-multilabel-classification\data\processed\transformers\roberta\seed_123\full\standard\test_results.json,False,20,optimism,1581,,,,,,,,,
C,standard,roberta,123.0,test,global,missing,Chưa có run full/protocol/kết quả hợp lệ,D:\DoAn\Đồ án NLP\goemotions-multilabel-classification\data\processed\transformers\roberta\seed_123\full\standard\test_results.json,False,21,pride,111,,,,,,,,,
C,standard,roberta,123.0,test,global,missing,Chưa có run full/protocol/kết quả hợp lệ,D:\DoAn\Đồ án NLP\goemotions-multilabel-classification\data\processed\transformers\roberta\seed_123\full\standard\test_results.json,False,22,realization,1110,,,,,,,,,
C,standard,roberta,123.0,test,global,missing,Chưa có run full/protocol/kết quả hợp lệ,D:\DoAn\Đồ án NLP\goemotions-multilabel-classification\data\processed\transformers\roberta\seed_123\full\standard\test_results.json,False,23,relief,153,,,,,,,,,
C,standard,roberta,123.0,test,global,missing,Chưa có run full/protocol/kết quả hợp lệ,D:\DoAn\Đồ án NLP\goemotions-multilabel-classification\data\processed\transformers\roberta\seed_123\full\standard\test_results.json,False,24,remorse,545,,,,,,,,,
C,standard,roberta,123.0,test,global,missing,Chưa có run full/protocol/kết quả hợp lệ,D:\DoAn\Đồ án NLP\goemotions-multilabel-classification\data\processed\transformers\roberta\seed_123\full\standard\test_results.json,False,25,sadness,1326,,,,,,,,,
C,standard,roberta,123.0,test,global,missing,Chưa có run full/protocol/kết quả hợp lệ,D:\DoAn\Đồ án NLP\goemotions-multilabel-classification\data\processed\transformers\roberta\seed_123\full\standard\test_results.json,False,26,surprise,1060,,,,,,,,,
C,standard,roberta,123.0,test,global,missing,Chưa có run full/protocol/kết quả hợp lệ,D:\DoAn\Đồ án NLP\goemotions-multilabel-classification\data\processed\transformers\roberta\seed_123\full\standard\test_results.json,False,27,neutral,14219,,,,,,,,,
C,standard,roberta,123.0,test,tuned,missing,Chưa có run full/protocol/kết quả hợp lệ,D:\DoAn\Đồ án NLP\goemotions-multilabel-classification\data\processed\transformers\roberta\seed_123\full\standard\test_results.json,False,0,admiration,4130,,,,,,,,,
C,standard,roberta,123.0,test,tuned,missing,Chưa có run full/protocol/kết quả hợp lệ,D:\DoAn\Đồ án NLP\goemotions-multilabel-classification\data\processed\transformers\roberta\seed_123\full\standard\test_results.json,False,1,amusement,2328,,,,,,,,,
C,standard,roberta,123.0,test,tuned,missing,Chưa có run full/protocol/kết quả hợp lệ,D:\DoAn\Đồ án NLP\goemotions-multilabel-classification\data\processed\transformers\roberta\seed_123\full\standard\test_results.json,False,2,anger,1567,,,,,,,,,
C,standard,roberta,123.0,test,tuned,missing,Chưa có run full/protocol/kết quả hợp lệ,D:\DoAn\Đồ án NLP\goemotions-multilabel-classification\data\processed\transformers\roberta\seed_123\full\standard\test_results.json,False,3,annoyance,2470,,,,,,,,,
C,standard,roberta,123.0,test,tuned,missing,Chưa có run full/protocol/kết quả hợp lệ,D:\DoAn\Đồ án NLP\goemotions-multilabel-classification\data\processed\transformers\roberta\seed_123\full\standard\test_results.json,False,4,approval,2939,,,,,,,,,
C,standard,roberta,123.0,test,tuned,missing,Chưa có run full/protocol/kết quả hợp lệ,D:\DoAn\Đồ án NLP\goemotions-multilabel-classification\data\processed\transformers\roberta\seed_123\full\standard\test_results.json,False,5,caring,1087,,,,,,,,,
C,standard,roberta,123.0,test,tuned,missing,Chưa có run full/protocol/kết quả hợp lệ,D:\DoAn\Đồ án NLP\goemotions-multilabel-classification\data\processed\transformers\roberta\seed_123\full\standard\test_results.json,False,6,confusion,1368,,,,,,,,,
C,standard,roberta,123.0,test,tuned,missing,Chưa có run full/protocol/kết quả hợp lệ,D:\DoAn\Đồ án NLP\goemotions-multilabel-classification\data\processed\transformers\roberta\seed_123\full\standard\test_results.json,False,7,curiosity,2191,,,,,,,,,
C,standard,roberta,123.0,test,tuned,missing,Chưa có run full/protocol/kết quả hợp lệ,D:\DoAn\Đồ án NLP\goemotions-multilabel-classification\data\processed\transformers\roberta\seed_123\full\standard\test_results.json,False,8,desire,641,,,,,,,,,
C,standard,roberta,123.0,test,tuned,missing,Chưa có run full/protocol/kết quả hợp lệ,D:\DoAn\Đồ án NLP\goemotions-multilabel-classification\data\processed\transformers\roberta\seed_123\full\standard\test_results.json,False,9,disappointment,1269,,,,,,,,,
C,standard,roberta,123.0,test,tuned,missing,Chưa có run full/protocol/kết quả hợp lệ,D:\DoAn\Đồ án NLP\goemotions-multilabel-classification\data\processed\transformers\roberta\seed_123\full\standard\test_results.json,False,10,disapproval,2022,,,,,,,,,
C,standard,roberta,123.0,test,tuned,missing,Chưa có run full/protocol/kết quả hợp lệ,D:\DoAn\Đồ án NLP\goemotions-multilabel-classification\data\processed\transformers\roberta\seed_123\full\standard\test_results.json,False,11,disgust,793,,,,,,,,,
C,standard,roberta,123.0,test,tuned,missing,Chưa có run full/protocol/kết quả hợp lệ,D:\DoAn\Đồ án NLP\goemotions-multilabel-classification\data\processed\transformers\roberta\seed_123\full\standard\test_results.json,False,12,embarrassment,303,,,,,,,,,
C,standard,roberta,123.0,test,tuned,missing,Chưa có run full/protocol/kết quả hợp lệ,D:\DoAn\Đồ án NLP\goemotions-multilabel-classification\data\processed\transformers\roberta\seed_123\full\standard\test_results.json,False,13,excitement,853,,,,,,,,,
C,standard,roberta,123.0,test,tuned,missing,Chưa có run full/protocol/kết quả hợp lệ,D:\DoAn\Đồ án NLP\goemotions-multilabel-classification\data\processed\transformers\roberta\seed_123\full\standard\test_results.json,False,14,fear,596,,,,,,,,,
C,standard,roberta,123.0,test,tuned,missing,Chưa có run full/protocol/kết quả hợp lệ,D:\DoAn\Đồ án NLP\goemotions-multilabel-classification\data\processed\transformers\roberta\seed_123\full\standard\test_results.json,False,15,gratitude,2662,,,,,,,,,
C,standard,roberta,123.0,test,tuned,missing,Chưa có run full/protocol/kết quả hợp lệ,D:\DoAn\Đồ án NLP\goemotions-multilabel-classification\data\processed\transformers\roberta\seed_123\full\standard\test_results.json,False,16,grief,77,,,,,,,,,
C,standard,roberta,123.0,test,tuned,missing,Chưa có run full/protocol/kết quả hợp lệ,D:\DoAn\Đồ án NLP\goemotions-multilabel-classification\data\processed\transformers\roberta\seed_123\full\standard\test_results.json,False,17,joy,1452,,,,,,,,,
C,standard,roberta,123.0,test,tuned,missing,Chưa có run full/protocol/kết quả hợp lệ,D:\DoAn\Đồ án NLP\goemotions-multilabel-classification\data\processed\transformers\roberta\seed_123\full\standard\test_results.json,False,18,love,2086,,,,,,,,,
C,standard,roberta,123.0,test,tuned,missing,Chưa có run full/protocol/kết quả hợp lệ,D:\DoAn\Đồ án NLP\goemotions-multilabel-classification\data\processed\transformers\roberta\seed_123\full\standard\test_results.json,False,19,nervousness,164,,,,,,,,,
C,standard,roberta,123.0,test,tuned,missing,Chưa có run full/protocol/kết quả hợp lệ,D:\DoAn\Đồ án NLP\goemotions-multilabel-classification\data\processed\transformers\roberta\seed_123\full\standard\test_results.json,False,20,optimism,1581,,,,,,,,,
C,standard,roberta,123.0,test,tuned,missing,Chưa có run full/protocol/kết quả hợp lệ,D:\DoAn\Đồ án NLP\goemotions-multilabel-classification\data\processed\transformers\roberta\seed_123\full\standard\test_results.json,False,21,pride,111,,,,,,,,,
C,standard,roberta,123.0,test,tuned,missing,Chưa có run full/protocol/kết quả hợp lệ,D:\DoAn\Đồ án NLP\goemotions-multilabel-classification\data\processed\transformers\roberta\seed_123\full\standard\test_results.json,False,22,realization,1110,,,,,,,,,
C,standard,roberta,123.0,test,tuned,missing,Chưa có run full/protocol/kết quả hợp lệ,D:\DoAn\Đồ án NLP\goemotions-multilabel-classification\data\processed\transformers\roberta\seed_123\full\standard\test_results.json,False,23,relief,153,,,,,,,,,
C,standard,roberta,123.0,test,tuned,missing,Chưa có run full/protocol/kết quả hợp lệ,D:\DoAn\Đồ án NLP\goemotions-multilabel-classification\data\processed\transformers\roberta\seed_123\full\standard\test_results.json,False,24,remorse,545,,,,,,,,,
C,standard,roberta,123.0,test,tuned,missing,Chưa có run full/protocol/kết quả hợp lệ,D:\DoAn\Đồ án NLP\goemotions-multilabel-classification\data\processed\transformers\roberta\seed_123\full\standard\test_results.json,False,25,sadness,1326,,,,,,,,,
C,standard,roberta,123.0,test,tuned,missing,Chưa có run full/protocol/kết quả hợp lệ,D:\DoAn\Đồ án NLP\goemotions-multilabel-classification\data\processed\transformers\roberta\seed_123\full\standard\test_results.json,False,26,surprise,1060,,,,,,,,,
C,standard,roberta,123.0,test,tuned,missing,Chưa có run full/protocol/kết quả hợp lệ,D:\DoAn\Đồ án NLP\goemotions-multilabel-classification\data\processed\transformers\roberta\seed_123\full\standard\test_results.json,False,27,neutral,14219,,,,,,,,,
C,standard,roberta,2026.0,validation,fixed,missing,Chưa có run full/protocol/kết quả hợp lệ,D:\DoAn\Đồ án NLP\goemotions-multilabel-classification\data\processed\transformers\roberta\seed_2026\full\standard\validation_metrics.json,False,0,admiration,4130,,,,,,,,,
C,standard,roberta,2026.0,validation,fixed,missing,Chưa có run full/protocol/kết quả hợp lệ,D:\DoAn\Đồ án NLP\goemotions-multilabel-classification\data\processed\transformers\roberta\seed_2026\full\standard\validation_metrics.json,False,1,amusement,2328,,,,,,,,,
C,standard,roberta,2026.0,validation,fixed,missing,Chưa có run full/protocol/kết quả hợp lệ,D:\DoAn\Đồ án NLP\goemotions-multilabel-classification\data\processed\transformers\roberta\seed_2026\full\standard\validation_metrics.json,False,2,anger,1567,,,,,,,,,
C,standard,roberta,2026.0,validation,fixed,missing,Chưa có run full/protocol/kết quả hợp lệ,D:\DoAn\Đồ án NLP\goemotions-multilabel-classification\data\processed\transformers\roberta\seed_2026\full\standard\validation_metrics.json,False,3,annoyance,2470,,,,,,,,,
C,standard,roberta,2026.0,validation,fixed,missing,Chưa có run full/protocol/kết quả hợp lệ,D:\DoAn\Đồ án NLP\goemotions-multilabel-classification\data\processed\transformers\roberta\seed_2026\full\standard\validation_metrics.json,False,4,approval,2939,,,,,,,,,
C,standard,roberta,2026.0,validation,fixed,missing,Chưa có run full/protocol/kết quả hợp lệ,D:\DoAn\Đồ án NLP\goemotions-multilabel-classification\data\processed\transformers\roberta\seed_2026\full\standard\validation_metrics.json,False,5,caring,1087,,,,,,,,,
C,standard,roberta,2026.0,validation,fixed,missing,Chưa có run full/protocol/kết quả hợp lệ,D:\DoAn\Đồ án NLP\goemotions-multilabel-classification\data\processed\transformers\roberta\seed_2026\full\standard\validation_metrics.json,False,6,confusion,1368,,,,,,,,,
C,standard,roberta,2026.0,validation,fixed,missing,Chưa có run full/protocol/kết quả hợp lệ,D:\DoAn\Đồ án NLP\goemotions-multilabel-classification\data\processed\transformers\roberta\seed_2026\full\standard\validation_metrics.json,False,7,curiosity,2191,,,,,,,,,
C,standard,roberta,2026.0,validation,fixed,missing,Chưa có run full/protocol/kết quả hợp lệ,D:\DoAn\Đồ án NLP\goemotions-multilabel-classification\data\processed\transformers\roberta\seed_2026\full\standard\validation_metrics.json,False,8,desire,641,,,,,,,,,
C,standard,roberta,2026.0,validation,fixed,missing,Chưa có run full/protocol/kết quả hợp lệ,D:\DoAn\Đồ án NLP\goemotions-multilabel-classification\data\processed\transformers\roberta\seed_2026\full\standard\validation_metrics.json,False,9,disappointment,1269,,,,,,,,,
C,standard,roberta,2026.0,validation,fixed,missing,Chưa có run full/protocol/kết quả hợp lệ,D:\DoAn\Đồ án NLP\goemotions-multilabel-classification\data\processed\transformers\roberta\seed_2026\full\standard\validation_metrics.json,False,10,disapproval,2022,,,,,,,,,
C,standard,roberta,2026.0,validation,fixed,missing,Chưa có run full/protocol/kết quả hợp lệ,D:\DoAn\Đồ án NLP\goemotions-multilabel-classification\data\processed\transformers\roberta\seed_2026\full\standard\validation_metrics.json,False,11,disgust,793,,,,,,,,,
C,standard,roberta,2026.0,validation,fixed,missing,Chưa có run full/protocol/kết quả hợp lệ,D:\DoAn\Đồ án NLP\goemotions-multilabel-classification\data\processed\transformers\roberta\seed_2026\full\standard\validation_metrics.json,False,12,embarrassment,303,,,,,,,,,
C,standard,roberta,2026.0,validation,fixed,missing,Chưa có run full/protocol/kết quả hợp lệ,D:\DoAn\Đồ án NLP\goemotions-multilabel-classification\data\processed\transformers\roberta\seed_2026\full\standard\validation_metrics.json,False,13,excitement,853,,,,,,,,,
C,standard,roberta,2026.0,validation,fixed,missing,Chưa có run full/protocol/kết quả hợp lệ,D:\DoAn\Đồ án NLP\goemotions-multilabel-classification\data\processed\transformers\roberta\seed_2026\full\standard\validation_metrics.json,False,14,fear,596,,,,,,,,,
C,standard,roberta,2026.0,validation,fixed,missing,Chưa có run full/protocol/kết quả hợp lệ,D:\DoAn\Đồ án NLP\goemotions-multilabel-classification\data\processed\transformers\roberta\seed_2026\full\standard\validation_metrics.json,False,15,gratitude,2662,,,,,,,,,
C,standard,roberta,2026.0,validation,fixed,missing,Chưa có run full/protocol/kết quả hợp lệ,D:\DoAn\Đồ án NLP\goemotions-multilabel-classification\data\processed\transformers\roberta\seed_2026\full\standard\validation_metrics.json,False,16,grief,77,,,,,,,,,
C,standard,roberta,2026.0,validation,fixed,missing,Chưa có run full/protocol/kết quả hợp lệ,D:\DoAn\Đồ án NLP\goemotions-multilabel-classification\data\processed\transformers\roberta\seed_2026\full\standard\validation_metrics.json,False,17,joy,1452,,,,,,,,,
C,standard,roberta,2026.0,validation,fixed,missing,Chưa có run full/protocol/kết quả hợp lệ,D:\DoAn\Đồ án NLP\goemotions-multilabel-classification\data\processed\transformers\roberta\seed_2026\full\standard\validation_metrics.json,False,18,love,2086,,,,,,,,,
C,standard,roberta,2026.0,validation,fixed,missing,Chưa có run full/protocol/kết quả hợp lệ,D:\DoAn\Đồ án NLP\goemotions-multilabel-classification\data\processed\transformers\roberta\seed_2026\full\standard\validation_metrics.json,False,19,nervousness,164,,,,,,,,,
C,standard,roberta,2026.0,validation,fixed,missing,Chưa có run full/protocol/kết quả hợp lệ,D:\DoAn\Đồ án NLP\goemotions-multilabel-classification\data\processed\transformers\roberta\seed_2026\full\standard\validation_metrics.json,False,20,optimism,1581,,,,,,,,,
C,standard,roberta,2026.0,validation,fixed,missing,Chưa có run full/protocol/kết quả hợp lệ,D:\DoAn\Đồ án NLP\goemotions-multilabel-classification\data\processed\transformers\roberta\seed_2026\full\standard\validation_metrics.json,False,21,pride,111,,,,,,,,,
C,standard,roberta,2026.0,validation,fixed,missing,Chưa có run full/protocol/kết quả hợp lệ,D:\DoAn\Đồ án NLP\goemotions-multilabel-classification\data\processed\transformers\roberta\seed_2026\full\standard\validation_metrics.json,False,22,realization,1110,,,,,,,,,
C,standard,roberta,2026.0,validation,fixed,missing,Chưa có run full/protocol/kết quả hợp lệ,D:\DoAn\Đồ án NLP\goemotions-multilabel-classification\data\processed\transformers\roberta\seed_2026\full\standard\validation_metrics.json,False,23,relief,153,,,,,,,,,
C,standard,roberta,2026.0,validation,fixed,missing,Chưa có run full/protocol/kết quả hợp lệ,D:\DoAn\Đồ án NLP\goemotions-multilabel-classification\data\processed\transformers\roberta\seed_2026\full\standard\validation_metrics.json,False,24,remorse,545,,,,,,,,,
C,standard,roberta,2026.0,validation,fixed,missing,Chưa có run full/protocol/kết quả hợp lệ,D:\DoAn\Đồ án NLP\goemotions-multilabel-classification\data\processed\transformers\roberta\seed_2026\full\standard\validation_metrics.json,False,25,sadness,1326,,,,,,,,,
C,standard,roberta,2026.0,validation,fixed,missing,Chưa có run full/protocol/kết quả hợp lệ,D:\DoAn\Đồ án NLP\goemotions-multilabel-classification\data\processed\transformers\roberta\seed_2026\full\standard\validation_metrics.json,False,26,surprise,1060,,,,,,,,,
C,standard,roberta,2026.0,validation,fixed,missing,Chưa có run full/protocol/kết quả hợp lệ,D:\DoAn\Đồ án NLP\goemotions-multilabel-classification\data\processed\transformers\roberta\seed_2026\full\standard\validation_metrics.json,False,27,neutral,14219,,,,,,,,,
C,standard,roberta,2026.0,validation,global,missing,Chưa có run full/protocol/kết quả hợp lệ,D:\DoAn\Đồ án NLP\goemotions-multilabel-classification\data\processed\transformers\roberta\seed_2026\full\standard\final_protocol.json,True,0,admiration,4130,,,,,,,,,
C,standard,roberta,2026.0,validation,global,missing,Chưa có run full/protocol/kết quả hợp lệ,D:\DoAn\Đồ án NLP\goemotions-multilabel-classification\data\processed\transformers\roberta\seed_2026\full\standard\final_protocol.json,True,1,amusement,2328,,,,,,,,,
C,standard,roberta,2026.0,validation,global,missing,Chưa có run full/protocol/kết quả hợp lệ,D:\DoAn\Đồ án NLP\goemotions-multilabel-classification\data\processed\transformers\roberta\seed_2026\full\standard\final_protocol.json,True,2,anger,1567,,,,,,,,,
C,standard,roberta,2026.0,validation,global,missing,Chưa có run full/protocol/kết quả hợp lệ,D:\DoAn\Đồ án NLP\goemotions-multilabel-classification\data\processed\transformers\roberta\seed_2026\full\standard\final_protocol.json,True,3,annoyance,2470,,,,,,,,,
C,standard,roberta,2026.0,validation,global,missing,Chưa có run full/protocol/kết quả hợp lệ,D:\DoAn\Đồ án NLP\goemotions-multilabel-classification\data\processed\transformers\roberta\seed_2026\full\standard\final_protocol.json,True,4,approval,2939,,,,,,,,,
C,standard,roberta,2026.0,validation,global,missing,Chưa có run full/protocol/kết quả hợp lệ,D:\DoAn\Đồ án NLP\goemotions-multilabel-classification\data\processed\transformers\roberta\seed_2026\full\standard\final_protocol.json,True,5,caring,1087,,,,,,,,,
C,standard,roberta,2026.0,validation,global,missing,Chưa có run full/protocol/kết quả hợp lệ,D:\DoAn\Đồ án NLP\goemotions-multilabel-classification\data\processed\transformers\roberta\seed_2026\full\standard\final_protocol.json,True,6,confusion,1368,,,,,,,,,
C,standard,roberta,2026.0,validation,global,missing,Chưa có run full/protocol/kết quả hợp lệ,D:\DoAn\Đồ án NLP\goemotions-multilabel-classification\data\processed\transformers\roberta\seed_2026\full\standard\final_protocol.json,True,7,curiosity,2191,,,,,,,,,
C,standard,roberta,2026.0,validation,global,missing,Chưa có run full/protocol/kết quả hợp lệ,D:\DoAn\Đồ án NLP\goemotions-multilabel-classification\data\processed\transformers\roberta\seed_2026\full\standard\final_protocol.json,True,8,desire,641,,,,,,,,,
C,standard,roberta,2026.0,validation,global,missing,Chưa có run full/protocol/kết quả hợp lệ,D:\DoAn\Đồ án NLP\goemotions-multilabel-classification\data\processed\transformers\roberta\seed_2026\full\standard\final_protocol.json,True,9,disappointment,1269,,,,,,,,,
C,standard,roberta,2026.0,validation,global,missing,Chưa có run full/protocol/kết quả hợp lệ,D:\DoAn\Đồ án NLP\goemotions-multilabel-classification\data\processed\transformers\roberta\seed_2026\full\standard\final_protocol.json,True,10,disapproval,2022,,,,,,,,,
C,standard,roberta,2026.0,validation,global,missing,Chưa có run full/protocol/kết quả hợp lệ,D:\DoAn\Đồ án NLP\goemotions-multilabel-classification\data\processed\transformers\roberta\seed_2026\full\standard\final_protocol.json,True,11,disgust,793,,,,,,,,,
C,standard,roberta,2026.0,validation,global,missing,Chưa có run full/protocol/kết quả hợp lệ,D:\DoAn\Đồ án NLP\goemotions-multilabel-classification\data\processed\transformers\roberta\seed_2026\full\standard\final_protocol.json,True,12,embarrassment,303,,,,,,,,,
C,standard,roberta,2026.0,validation,global,missing,Chưa có run full/protocol/kết quả hợp lệ,D:\DoAn\Đồ án NLP\goemotions-multilabel-classification\data\processed\transformers\roberta\seed_2026\full\standard\final_protocol.json,True,13,excitement,853,,,,,,,,,
C,standard,roberta,2026.0,validation,global,missing,Chưa có run full/protocol/kết quả hợp lệ,D:\DoAn\Đồ án NLP\goemotions-multilabel-classification\data\processed\transformers\roberta\seed_2026\full\standard\final_protocol.json,True,14,fear,596,,,,,,,,,
C,standard,roberta,2026.0,validation,global,missing,Chưa có run full/protocol/kết quả hợp lệ,D:\DoAn\Đồ án NLP\goemotions-multilabel-classification\data\processed\transformers\roberta\seed_2026\full\standard\final_protocol.json,True,15,gratitude,2662,,,,,,,,,
C,standard,roberta,2026.0,validation,global,missing,Chưa có run full/protocol/kết quả hợp lệ,D:\DoAn\Đồ án NLP\goemotions-multilabel-classification\data\processed\transformers\roberta\seed_2026\full\standard\final_protocol.json,True,16,grief,77,,,,,,,,,
C,standard,roberta,2026.0,validation,global,missing,Chưa có run full/protocol/kết quả hợp lệ,D:\DoAn\Đồ án NLP\goemotions-multilabel-classification\data\processed\transformers\roberta\seed_2026\full\standard\final_protocol.json,True,17,joy,1452,,,,,,,,,
C,standard,roberta,2026.0,validation,global,missing,Chưa có run full/protocol/kết quả hợp lệ,D:\DoAn\Đồ án NLP\goemotions-multilabel-classification\data\processed\transformers\roberta\seed_2026\full\standard\final_protocol.json,True,18,love,2086,,,,,,,,,
C,standard,roberta,2026.0,validation,global,missing,Chưa có run full/protocol/kết quả hợp lệ,D:\DoAn\Đồ án NLP\goemotions-multilabel-classification\data\processed\transformers\roberta\seed_2026\full\standard\final_protocol.json,True,19,nervousness,164,,,,,,,,,
C,standard,roberta,2026.0,validation,global,missing,Chưa có run full/protocol/kết quả hợp lệ,D:\DoAn\Đồ án NLP\goemotions-multilabel-classification\data\processed\transformers\roberta\seed_2026\full\standard\final_protocol.json,True,20,optimism,1581,,,,,,,,,
C,standard,roberta,2026.0,validation,global,missing,Chưa có run full/protocol/kết quả hợp lệ,D:\DoAn\Đồ án NLP\goemotions-multilabel-classification\data\processed\transformers\roberta\seed_2026\full\standard\final_protocol.json,True,21,pride,111,,,,,,,,,
C,standard,roberta,2026.0,validation,global,missing,Chưa có run full/protocol/kết quả hợp lệ,D:\DoAn\Đồ án NLP\goemotions-multilabel-classification\data\processed\transformers\roberta\seed_2026\full\standard\final_protocol.json,True,22,realization,1110,,,,,,,,,
C,standard,roberta,2026.0,validation,global,missing,Chưa có run full/protocol/kết quả hợp lệ,D:\DoAn\Đồ án NLP\goemotions-multilabel-classification\data\processed\transformers\roberta\seed_2026\full\standard\final_protocol.json,True,23,relief,153,,,,,,,,,
C,standard,roberta,2026.0,validation,global,missing,Chưa có run full/protocol/kết quả hợp lệ,D:\DoAn\Đồ án NLP\goemotions-multilabel-classification\data\processed\transformers\roberta\seed_2026\full\standard\final_protocol.json,True,24,remorse,545,,,,,,,,,
C,standard,roberta,2026.0,validation,global,missing,Chưa có run full/protocol/kết quả hợp lệ,D:\DoAn\Đồ án NLP\goemotions-multilabel-classification\data\processed\transformers\roberta\seed_2026\full\standard\final_protocol.json,True,25,sadness,1326,,,,,,,,,
C,standard,roberta,2026.0,validation,global,missing,Chưa có run full/protocol/kết quả hợp lệ,D:\DoAn\Đồ án NLP\goemotions-multilabel-classification\data\processed\transformers\roberta\seed_2026\full\standard\final_protocol.json,True,26,surprise,1060,,,,,,,,,
C,standard,roberta,2026.0,validation,global,missing,Chưa có run full/protocol/kết quả hợp lệ,D:\DoAn\Đồ án NLP\goemotions-multilabel-classification\data\processed\transformers\roberta\seed_2026\full\standard\final_protocol.json,True,27,neutral,14219,,,,,,,,,
C,standard,roberta,2026.0,validation,tuned,missing,Chưa có run full/protocol/kết quả hợp lệ,D:\DoAn\Đồ án NLP\goemotions-multilabel-classification\data\processed\transformers\roberta\seed_2026\full\standard\final_protocol.json,True,0,admiration,4130,,,,,,,,,
C,standard,roberta,2026.0,validation,tuned,missing,Chưa có run full/protocol/kết quả hợp lệ,D:\DoAn\Đồ án NLP\goemotions-multilabel-classification\data\processed\transformers\roberta\seed_2026\full\standard\final_protocol.json,True,1,amusement,2328,,,,,,,,,
C,standard,roberta,2026.0,validation,tuned,missing,Chưa có run full/protocol/kết quả hợp lệ,D:\DoAn\Đồ án NLP\goemotions-multilabel-classification\data\processed\transformers\roberta\seed_2026\full\standard\final_protocol.json,True,2,anger,1567,,,,,,,,,
C,standard,roberta,2026.0,validation,tuned,missing,Chưa có run full/protocol/kết quả hợp lệ,D:\DoAn\Đồ án NLP\goemotions-multilabel-classification\data\processed\transformers\roberta\seed_2026\full\standard\final_protocol.json,True,3,annoyance,2470,,,,,,,,,
C,standard,roberta,2026.0,validation,tuned,missing,Chưa có run full/protocol/kết quả hợp lệ,D:\DoAn\Đồ án NLP\goemotions-multilabel-classification\data\processed\transformers\roberta\seed_2026\full\standard\final_protocol.json,True,4,approval,2939,,,,,,,,,
C,standard,roberta,2026.0,validation,tuned,missing,Chưa có run full/protocol/kết quả hợp lệ,D:\DoAn\Đồ án NLP\goemotions-multilabel-classification\data\processed\transformers\roberta\seed_2026\full\standard\final_protocol.json,True,5,caring,1087,,,,,,,,,
C,standard,roberta,2026.0,validation,tuned,missing,Chưa có run full/protocol/kết quả hợp lệ,D:\DoAn\Đồ án NLP\goemotions-multilabel-classification\data\processed\transformers\roberta\seed_2026\full\standard\final_protocol.json,True,6,confusion,1368,,,,,,,,,
C,standard,roberta,2026.0,validation,tuned,missing,Chưa có run full/protocol/kết quả hợp lệ,D:\DoAn\Đồ án NLP\goemotions-multilabel-classification\data\processed\transformers\roberta\seed_2026\full\standard\final_protocol.json,True,7,curiosity,2191,,,,,,,,,
C,standard,roberta,2026.0,validation,tuned,missing,Chưa có run full/protocol/kết quả hợp lệ,D:\DoAn\Đồ án NLP\goemotions-multilabel-classification\data\processed\transformers\roberta\seed_2026\full\standard\final_protocol.json,True,8,desire,641,,,,,,,,,
C,standard,roberta,2026.0,validation,tuned,missing,Chưa có run full/protocol/kết quả hợp lệ,D:\DoAn\Đồ án NLP\goemotions-multilabel-classification\data\processed\transformers\roberta\seed_2026\full\standard\final_protocol.json,True,9,disappointment,1269,,,,,,,,,
C,standard,roberta,2026.0,validation,tuned,missing,Chưa có run full/protocol/kết quả hợp lệ,D:\DoAn\Đồ án NLP\goemotions-multilabel-classification\data\processed\transformers\roberta\seed_2026\full\standard\final_protocol.json,True,10,disapproval,2022,,,,,,,,,
C,standard,roberta,2026.0,validation,tuned,missing,Chưa có run full/protocol/kết quả hợp lệ,D:\DoAn\Đồ án NLP\goemotions-multilabel-classification\data\processed\transformers\roberta\seed_2026\full\standard\final_protocol.json,True,11,disgust,793,,,,,,,,,
C,standard,roberta,2026.0,validation,tuned,missing,Chưa có run full/protocol/kết quả hợp lệ,D:\DoAn\Đồ án NLP\goemotions-multilabel-classification\data\processed\transformers\roberta\seed_2026\full\standard\final_protocol.json,True,12,embarrassment,303,,,,,,,,,
C,standard,roberta,2026.0,validation,tuned,missing,Chưa có run full/protocol/kết quả hợp lệ,D:\DoAn\Đồ án NLP\goemotions-multilabel-classification\data\processed\transformers\roberta\seed_2026\full\standard\final_protocol.json,True,13,excitement,853,,,,,,,,,
C,standard,roberta,2026.0,validation,tuned,missing,Chưa có run full/protocol/kết quả hợp lệ,D:\DoAn\Đồ án NLP\goemotions-multilabel-classification\data\processed\transformers\roberta\seed_2026\full\standard\final_protocol.json,True,14,fear,596,,,,,,,,,
C,standard,roberta,2026.0,validation,tuned,missing,Chưa có run full/protocol/kết quả hợp lệ,D:\DoAn\Đồ án NLP\goemotions-multilabel-classification\data\processed\transformers\roberta\seed_2026\full\standard\final_protocol.json,True,15,gratitude,2662,,,,,,,,,
C,standard,roberta,2026.0,validation,tuned,missing,Chưa có run full/protocol/kết quả hợp lệ,D:\DoAn\Đồ án NLP\goemotions-multilabel-classification\data\processed\transformers\roberta\seed_2026\full\standard\final_protocol.json,True,16,grief,77,,,,,,,,,
C,standard,roberta,2026.0,validation,tuned,missing,Chưa có run full/protocol/kết quả hợp lệ,D:\DoAn\Đồ án NLP\goemotions-multilabel-classification\data\processed\transformers\roberta\seed_2026\full\standard\final_protocol.json,True,17,joy,1452,,,,,,,,,
C,standard,roberta,2026.0,validation,tuned,missing,Chưa có run full/protocol/kết quả hợp lệ,D:\DoAn\Đồ án NLP\goemotions-multilabel-classification\data\processed\transformers\roberta\seed_2026\full\standard\final_protocol.json,True,18,love,2086,,,,,,,,,
C,standard,roberta,2026.0,validation,tuned,missing,Chưa có run full/protocol/kết quả hợp lệ,D:\DoAn\Đồ án NLP\goemotions-multilabel-classification\data\processed\transformers\roberta\seed_2026\full\standard\final_protocol.json,True,19,nervousness,164,,,,,,,,,
C,standard,roberta,2026.0,validation,tuned,missing,Chưa có run full/protocol/kết quả hợp lệ,D:\DoAn\Đồ án NLP\goemotions-multilabel-classification\data\processed\transformers\roberta\seed_2026\full\standard\final_protocol.json,True,20,optimism,1581,,,,,,,,,
C,standard,roberta,2026.0,validation,tuned,missing,Chưa có run full/protocol/kết quả hợp lệ,D:\DoAn\Đồ án NLP\goemotions-multilabel-classification\data\processed\transformers\roberta\seed_2026\full\standard\final_protocol.json,True,21,pride,111,,,,,,,,,
C,standard,roberta,2026.0,validation,tuned,missing,Chưa có run full/protocol/kết quả hợp lệ,D:\DoAn\Đồ án NLP\goemotions-multilabel-classification\data\processed\transformers\roberta\seed_2026\full\standard\final_protocol.json,True,22,realization,1110,,,,,,,,,
C,standard,roberta,2026.0,validation,tuned,missing,Chưa có run full/protocol/kết quả hợp lệ,D:\DoAn\Đồ án NLP\goemotions-multilabel-classification\data\processed\transformers\roberta\seed_2026\full\standard\final_protocol.json,True,23,relief,153,,,,,,,,,
C,standard,roberta,2026.0,validation,tuned,missing,Chưa có run full/protocol/kết quả hợp lệ,D:\DoAn\Đồ án NLP\goemotions-multilabel-classification\data\processed\transformers\roberta\seed_2026\full\standard\final_protocol.json,True,24,remorse,545,,,,,,,,,
C,standard,roberta,2026.0,validation,tuned,missing,Chưa có run full/protocol/kết quả hợp lệ,D:\DoAn\Đồ án NLP\goemotions-multilabel-classification\data\processed\transformers\roberta\seed_2026\full\standard\final_protocol.json,True,25,sadness,1326,,,,,,,,,
C,standard,roberta,2026.0,validation,tuned,missing,Chưa có run full/protocol/kết quả hợp lệ,D:\DoAn\Đồ án NLP\goemotions-multilabel-classification\data\processed\transformers\roberta\seed_2026\full\standard\final_protocol.json,True,26,surprise,1060,,,,,,,,,
C,standard,roberta,2026.0,validation,tuned,missing,Chưa có run full/protocol/kết quả hợp lệ,D:\DoAn\Đồ án NLP\goemotions-multilabel-classification\data\processed\transformers\roberta\seed_2026\full\standard\final_protocol.json,True,27,neutral,14219,,,,,,,,,
C,standard,roberta,2026.0,test,fixed,missing,Chưa có run full/protocol/kết quả hợp lệ,D:\DoAn\Đồ án NLP\goemotions-multilabel-classification\data\processed\transformers\roberta\seed_2026\full\standard\test_results.json,False,0,admiration,4130,,,,,,,,,
C,standard,roberta,2026.0,test,fixed,missing,Chưa có run full/protocol/kết quả hợp lệ,D:\DoAn\Đồ án NLP\goemotions-multilabel-classification\data\processed\transformers\roberta\seed_2026\full\standard\test_results.json,False,1,amusement,2328,,,,,,,,,
C,standard,roberta,2026.0,test,fixed,missing,Chưa có run full/protocol/kết quả hợp lệ,D:\DoAn\Đồ án NLP\goemotions-multilabel-classification\data\processed\transformers\roberta\seed_2026\full\standard\test_results.json,False,2,anger,1567,,,,,,,,,
C,standard,roberta,2026.0,test,fixed,missing,Chưa có run full/protocol/kết quả hợp lệ,D:\DoAn\Đồ án NLP\goemotions-multilabel-classification\data\processed\transformers\roberta\seed_2026\full\standard\test_results.json,False,3,annoyance,2470,,,,,,,,,
C,standard,roberta,2026.0,test,fixed,missing,Chưa có run full/protocol/kết quả hợp lệ,D:\DoAn\Đồ án NLP\goemotions-multilabel-classification\data\processed\transformers\roberta\seed_2026\full\standard\test_results.json,False,4,approval,2939,,,,,,,,,
C,standard,roberta,2026.0,test,fixed,missing,Chưa có run full/protocol/kết quả hợp lệ,D:\DoAn\Đồ án NLP\goemotions-multilabel-classification\data\processed\transformers\roberta\seed_2026\full\standard\test_results.json,False,5,caring,1087,,,,,,,,,
C,standard,roberta,2026.0,test,fixed,missing,Chưa có run full/protocol/kết quả hợp lệ,D:\DoAn\Đồ án NLP\goemotions-multilabel-classification\data\processed\transformers\roberta\seed_2026\full\standard\test_results.json,False,6,confusion,1368,,,,,,,,,
C,standard,roberta,2026.0,test,fixed,missing,Chưa có run full/protocol/kết quả hợp lệ,D:\DoAn\Đồ án NLP\goemotions-multilabel-classification\data\processed\transformers\roberta\seed_2026\full\standard\test_results.json,False,7,curiosity,2191,,,,,,,,,
C,standard,roberta,2026.0,test,fixed,missing,Chưa có run full/protocol/kết quả hợp lệ,D:\DoAn\Đồ án NLP\goemotions-multilabel-classification\data\processed\transformers\roberta\seed_2026\full\standard\test_results.json,False,8,desire,641,,,,,,,,,
C,standard,roberta,2026.0,test,fixed,missing,Chưa có run full/protocol/kết quả hợp lệ,D:\DoAn\Đồ án NLP\goemotions-multilabel-classification\data\processed\transformers\roberta\seed_2026\full\standard\test_results.json,False,9,disappointment,1269,,,,,,,,,
C,standard,roberta,2026.0,test,fixed,missing,Chưa có run full/protocol/kết quả hợp lệ,D:\DoAn\Đồ án NLP\goemotions-multilabel-classification\data\processed\transformers\roberta\seed_2026\full\standard\test_results.json,False,10,disapproval,2022,,,,,,,,,
C,standard,roberta,2026.0,test,fixed,missing,Chưa có run full/protocol/kết quả hợp lệ,D:\DoAn\Đồ án NLP\goemotions-multilabel-classification\data\processed\transformers\roberta\seed_2026\full\standard\test_results.json,False,11,disgust,793,,,,,,,,,
C,standard,roberta,2026.0,test,fixed,missing,Chưa có run full/protocol/kết quả hợp lệ,D:\DoAn\Đồ án NLP\goemotions-multilabel-classification\data\processed\transformers\roberta\seed_2026\full\standard\test_results.json,False,12,embarrassment,303,,,,,,,,,
C,standard,roberta,2026.0,test,fixed,missing,Chưa có run full/protocol/kết quả hợp lệ,D:\DoAn\Đồ án NLP\goemotions-multilabel-classification\data\processed\transformers\roberta\seed_2026\full\standard\test_results.json,False,13,excitement,853,,,,,,,,,
C,standard,roberta,2026.0,test,fixed,missing,Chưa có run full/protocol/kết quả hợp lệ,D:\DoAn\Đồ án NLP\goemotions-multilabel-classification\data\processed\transformers\roberta\seed_2026\full\standard\test_results.json,False,14,fear,596,,,,,,,,,
C,standard,roberta,2026.0,test,fixed,missing,Chưa có run full/protocol/kết quả hợp lệ,D:\DoAn\Đồ án NLP\goemotions-multilabel-classification\data\processed\transformers\roberta\seed_2026\full\standard\test_results.json,False,15,gratitude,2662,,,,,,,,,
C,standard,roberta,2026.0,test,fixed,missing,Chưa có run full/protocol/kết quả hợp lệ,D:\DoAn\Đồ án NLP\goemotions-multilabel-classification\data\processed\transformers\roberta\seed_2026\full\standard\test_results.json,False,16,grief,77,,,,,,,,,
C,standard,roberta,2026.0,test,fixed,missing,Chưa có run full/protocol/kết quả hợp lệ,D:\DoAn\Đồ án NLP\goemotions-multilabel-classification\data\processed\transformers\roberta\seed_2026\full\standard\test_results.json,False,17,joy,1452,,,,,,,,,
C,standard,roberta,2026.0,test,fixed,missing,Chưa có run full/protocol/kết quả hợp lệ,D:\DoAn\Đồ án NLP\goemotions-multilabel-classification\data\processed\transformers\roberta\seed_2026\full\standard\test_results.json,False,18,love,2086,,,,,,,,,
C,standard,roberta,2026.0,test,fixed,missing,Chưa có run full/protocol/kết quả hợp lệ,D:\DoAn\Đồ án NLP\goemotions-multilabel-classification\data\processed\transformers\roberta\seed_2026\full\standard\test_results.json,False,19,nervousness,164,,,,,,,,,
C,standard,roberta,2026.0,test,fixed,missing,Chưa có run full/protocol/kết quả hợp lệ,D:\DoAn\Đồ án NLP\goemotions-multilabel-classification\data\processed\transformers\roberta\seed_2026\full\standard\test_results.json,False,20,optimism,1581,,,,,,,,,
C,standard,roberta,2026.0,test,fixed,missing,Chưa có run full/protocol/kết quả hợp lệ,D:\DoAn\Đồ án NLP\goemotions-multilabel-classification\data\processed\transformers\roberta\seed_2026\full\standard\test_results.json,False,21,pride,111,,,,,,,,,
C,standard,roberta,2026.0,test,fixed,missing,Chưa có run full/protocol/kết quả hợp lệ,D:\DoAn\Đồ án NLP\goemotions-multilabel-classification\data\processed\transformers\roberta\seed_2026\full\standard\test_results.json,False,22,realization,1110,,,,,,,,,
C,standard,roberta,2026.0,test,fixed,missing,Chưa có run full/protocol/kết quả hợp lệ,D:\DoAn\Đồ án NLP\goemotions-multilabel-classification\data\processed\transformers\roberta\seed_2026\full\standard\test_results.json,False,23,relief,153,,,,,,,,,
C,standard,roberta,2026.0,test,fixed,missing,Chưa có run full/protocol/kết quả hợp lệ,D:\DoAn\Đồ án NLP\goemotions-multilabel-classification\data\processed\transformers\roberta\seed_2026\full\standard\test_results.json,False,24,remorse,545,,,,,,,,,
C,standard,roberta,2026.0,test,fixed,missing,Chưa có run full/protocol/kết quả hợp lệ,D:\DoAn\Đồ án NLP\goemotions-multilabel-classification\data\processed\transformers\roberta\seed_2026\full\standard\test_results.json,False,25,sadness,1326,,,,,,,,,
C,standard,roberta,2026.0,test,fixed,missing,Chưa có run full/protocol/kết quả hợp lệ,D:\DoAn\Đồ án NLP\goemotions-multilabel-classification\data\processed\transformers\roberta\seed_2026\full\standard\test_results.json,False,26,surprise,1060,,,,,,,,,
C,standard,roberta,2026.0,test,fixed,missing,Chưa có run full/protocol/kết quả hợp lệ,D:\DoAn\Đồ án NLP\goemotions-multilabel-classification\data\processed\transformers\roberta\seed_2026\full\standard\test_results.json,False,27,neutral,14219,,,,,,,,,
C,standard,roberta,2026.0,test,global,missing,Chưa có run full/protocol/kết quả hợp lệ,D:\DoAn\Đồ án NLP\goemotions-multilabel-classification\data\processed\transformers\roberta\seed_2026\full\standard\test_results.json,False,0,admiration,4130,,,,,,,,,
C,standard,roberta,2026.0,test,global,missing,Chưa có run full/protocol/kết quả hợp lệ,D:\DoAn\Đồ án NLP\goemotions-multilabel-classification\data\processed\transformers\roberta\seed_2026\full\standard\test_results.json,False,1,amusement,2328,,,,,,,,,
C,standard,roberta,2026.0,test,global,missing,Chưa có run full/protocol/kết quả hợp lệ,D:\DoAn\Đồ án NLP\goemotions-multilabel-classification\data\processed\transformers\roberta\seed_2026\full\standard\test_results.json,False,2,anger,1567,,,,,,,,,
C,standard,roberta,2026.0,test,global,missing,Chưa có run full/protocol/kết quả hợp lệ,D:\DoAn\Đồ án NLP\goemotions-multilabel-classification\data\processed\transformers\roberta\seed_2026\full\standard\test_results.json,False,3,annoyance,2470,,,,,,,,,
C,standard,roberta,2026.0,test,global,missing,Chưa có run full/protocol/kết quả hợp lệ,D:\DoAn\Đồ án NLP\goemotions-multilabel-classification\data\processed\transformers\roberta\seed_2026\full\standard\test_results.json,False,4,approval,2939,,,,,,,,,
C,standard,roberta,2026.0,test,global,missing,Chưa có run full/protocol/kết quả hợp lệ,D:\DoAn\Đồ án NLP\goemotions-multilabel-classification\data\processed\transformers\roberta\seed_2026\full\standard\test_results.json,False,5,caring,1087,,,,,,,,,
C,standard,roberta,2026.0,test,global,missing,Chưa có run full/protocol/kết quả hợp lệ,D:\DoAn\Đồ án NLP\goemotions-multilabel-classification\data\processed\transformers\roberta\seed_2026\full\standard\test_results.json,False,6,confusion,1368,,,,,,,,,
C,standard,roberta,2026.0,test,global,missing,Chưa có run full/protocol/kết quả hợp lệ,D:\DoAn\Đồ án NLP\goemotions-multilabel-classification\data\processed\transformers\roberta\seed_2026\full\standard\test_results.json,False,7,curiosity,2191,,,,,,,,,
C,standard,roberta,2026.0,test,global,missing,Chưa có run full/protocol/kết quả hợp lệ,D:\DoAn\Đồ án NLP\goemotions-multilabel-classification\data\processed\transformers\roberta\seed_2026\full\standard\test_results.json,False,8,desire,641,,,,,,,,,
C,standard,roberta,2026.0,test,global,missing,Chưa có run full/protocol/kết quả hợp lệ,D:\DoAn\Đồ án NLP\goemotions-multilabel-classification\data\processed\transformers\roberta\seed_2026\full\standard\test_results.json,False,9,disappointment,1269,,,,,,,,,
C,standard,roberta,2026.0,test,global,missing,Chưa có run full/protocol/kết quả hợp lệ,D:\DoAn\Đồ án NLP\goemotions-multilabel-classification\data\processed\transformers\roberta\seed_2026\full\standard\test_results.json,False,10,disapproval,2022,,,,,,,,,
C,standard,roberta,2026.0,test,global,missing,Chưa có run full/protocol/kết quả hợp lệ,D:\DoAn\Đồ án NLP\goemotions-multilabel-classification\data\processed\transformers\roberta\seed_2026\full\standard\test_results.json,False,11,disgust,793,,,,,,,,,
C,standard,roberta,2026.0,test,global,missing,Chưa có run full/protocol/kết quả hợp lệ,D:\DoAn\Đồ án NLP\goemotions-multilabel-classification\data\processed\transformers\roberta\seed_2026\full\standard\test_results.json,False,12,embarrassment,303,,,,,,,,,
C,standard,roberta,2026.0,test,global,missing,Chưa có run full/protocol/kết quả hợp lệ,D:\DoAn\Đồ án NLP\goemotions-multilabel-classification\data\processed\transformers\roberta\seed_2026\full\standard\test_results.json,False,13,excitement,853,,,,,,,,,
C,standard,roberta,2026.0,test,global,missing,Chưa có run full/protocol/kết quả hợp lệ,D:\DoAn\Đồ án NLP\goemotions-multilabel-classification\data\processed\transformers\roberta\seed_2026\full\standard\test_results.json,False,14,fear,596,,,,,,,,,
C,standard,roberta,2026.0,test,global,missing,Chưa có run full/protocol/kết quả hợp lệ,D:\DoAn\Đồ án NLP\goemotions-multilabel-classification\data\processed\transformers\roberta\seed_2026\full\standard\test_results.json,False,15,gratitude,2662,,,,,,,,,
C,standard,roberta,2026.0,test,global,missing,Chưa có run full/protocol/kết quả hợp lệ,D:\DoAn\Đồ án NLP\goemotions-multilabel-classification\data\processed\transformers\roberta\seed_2026\full\standard\test_results.json,False,16,grief,77,,,,,,,,,
C,standard,roberta,2026.0,test,global,missing,Chưa có run full/protocol/kết quả hợp lệ,D:\DoAn\Đồ án NLP\goemotions-multilabel-classification\data\processed\transformers\roberta\seed_2026\full\standard\test_results.json,False,17,joy,1452,,,,,,,,,
C,standard,roberta,2026.0,test,global,missing,Chưa có run full/protocol/kết quả hợp lệ,D:\DoAn\Đồ án NLP\goemotions-multilabel-classification\data\processed\transformers\roberta\seed_2026\full\standard\test_results.json,False,18,love,2086,,,,,,,,,
C,standard,roberta,2026.0,test,global,missing,Chưa có run full/protocol/kết quả hợp lệ,D:\DoAn\Đồ án NLP\goemotions-multilabel-classification\data\processed\transformers\roberta\seed_2026\full\standard\test_results.json,False,19,nervousness,164,,,,,,,,,
C,standard,roberta,2026.0,test,global,missing,Chưa có run full/protocol/kết quả hợp lệ,D:\DoAn\Đồ án NLP\goemotions-multilabel-classification\data\processed\transformers\roberta\seed_2026\full\standard\test_results.json,False,20,optimism,1581,,,,,,,,,
C,standard,roberta,2026.0,test,global,missing,Chưa có run full/protocol/kết quả hợp lệ,D:\DoAn\Đồ án NLP\goemotions-multilabel-classification\data\processed\transformers\roberta\seed_2026\full\standard\test_results.json,False,21,pride,111,,,,,,,,,
C,standard,roberta,2026.0,test,global,missing,Chưa có run full/protocol/kết quả hợp lệ,D:\DoAn\Đồ án NLP\goemotions-multilabel-classification\data\processed\transformers\roberta\seed_2026\full\standard\test_results.json,False,22,realization,1110,,,,,,,,,
C,standard,roberta,2026.0,test,global,missing,Chưa có run full/protocol/kết quả hợp lệ,D:\DoAn\Đồ án NLP\goemotions-multilabel-classification\data\processed\transformers\roberta\seed_2026\full\standard\test_results.json,False,23,relief,153,,,,,,,,,
C,standard,roberta,2026.0,test,global,missing,Chưa có run full/protocol/kết quả hợp lệ,D:\DoAn\Đồ án NLP\goemotions-multilabel-classification\data\processed\transformers\roberta\seed_2026\full\standard\test_results.json,False,24,remorse,545,,,,,,,,,
C,standard,roberta,2026.0,test,global,missing,Chưa có run full/protocol/kết quả hợp lệ,D:\DoAn\Đồ án NLP\goemotions-multilabel-classification\data\processed\transformers\roberta\seed_2026\full\standard\test_results.json,False,25,sadness,1326,,,,,,,,,
C,standard,roberta,2026.0,test,global,missing,Chưa có run full/protocol/kết quả hợp lệ,D:\DoAn\Đồ án NLP\goemotions-multilabel-classification\data\processed\transformers\roberta\seed_2026\full\standard\test_results.json,False,26,surprise,1060,,,,,,,,,
C,standard,roberta,2026.0,test,global,missing,Chưa có run full/protocol/kết quả hợp lệ,D:\DoAn\Đồ án NLP\goemotions-multilabel-classification\data\processed\transformers\roberta\seed_2026\full\standard\test_results.json,False,27,neutral,14219,,,,,,,,,
C,standard,roberta,2026.0,test,tuned,missing,Chưa có run full/protocol/kết quả hợp lệ,D:\DoAn\Đồ án NLP\goemotions-multilabel-classification\data\processed\transformers\roberta\seed_2026\full\standard\test_results.json,False,0,admiration,4130,,,,,,,,,
C,standard,roberta,2026.0,test,tuned,missing,Chưa có run full/protocol/kết quả hợp lệ,D:\DoAn\Đồ án NLP\goemotions-multilabel-classification\data\processed\transformers\roberta\seed_2026\full\standard\test_results.json,False,1,amusement,2328,,,,,,,,,
C,standard,roberta,2026.0,test,tuned,missing,Chưa có run full/protocol/kết quả hợp lệ,D:\DoAn\Đồ án NLP\goemotions-multilabel-classification\data\processed\transformers\roberta\seed_2026\full\standard\test_results.json,False,2,anger,1567,,,,,,,,,
C,standard,roberta,2026.0,test,tuned,missing,Chưa có run full/protocol/kết quả hợp lệ,D:\DoAn\Đồ án NLP\goemotions-multilabel-classification\data\processed\transformers\roberta\seed_2026\full\standard\test_results.json,False,3,annoyance,2470,,,,,,,,,
C,standard,roberta,2026.0,test,tuned,missing,Chưa có run full/protocol/kết quả hợp lệ,D:\DoAn\Đồ án NLP\goemotions-multilabel-classification\data\processed\transformers\roberta\seed_2026\full\standard\test_results.json,False,4,approval,2939,,,,,,,,,
C,standard,roberta,2026.0,test,tuned,missing,Chưa có run full/protocol/kết quả hợp lệ,D:\DoAn\Đồ án NLP\goemotions-multilabel-classification\data\processed\transformers\roberta\seed_2026\full\standard\test_results.json,False,5,caring,1087,,,,,,,,,
C,standard,roberta,2026.0,test,tuned,missing,Chưa có run full/protocol/kết quả hợp lệ,D:\DoAn\Đồ án NLP\goemotions-multilabel-classification\data\processed\transformers\roberta\seed_2026\full\standard\test_results.json,False,6,confusion,1368,,,,,,,,,
C,standard,roberta,2026.0,test,tuned,missing,Chưa có run full/protocol/kết quả hợp lệ,D:\DoAn\Đồ án NLP\goemotions-multilabel-classification\data\processed\transformers\roberta\seed_2026\full\standard\test_results.json,False,7,curiosity,2191,,,,,,,,,
C,standard,roberta,2026.0,test,tuned,missing,Chưa có run full/protocol/kết quả hợp lệ,D:\DoAn\Đồ án NLP\goemotions-multilabel-classification\data\processed\transformers\roberta\seed_2026\full\standard\test_results.json,False,8,desire,641,,,,,,,,,
C,standard,roberta,2026.0,test,tuned,missing,Chưa có run full/protocol/kết quả hợp lệ,D:\DoAn\Đồ án NLP\goemotions-multilabel-classification\data\processed\transformers\roberta\seed_2026\full\standard\test_results.json,False,9,disappointment,1269,,,,,,,,,
C,standard,roberta,2026.0,test,tuned,missing,Chưa có run full/protocol/kết quả hợp lệ,D:\DoAn\Đồ án NLP\goemotions-multilabel-classification\data\processed\transformers\roberta\seed_2026\full\standard\test_results.json,False,10,disapproval,2022,,,,,,,,,
C,standard,roberta,2026.0,test,tuned,missing,Chưa có run full/protocol/kết quả hợp lệ,D:\DoAn\Đồ án NLP\goemotions-multilabel-classification\data\processed\transformers\roberta\seed_2026\full\standard\test_results.json,False,11,disgust,793,,,,,,,,,
C,standard,roberta,2026.0,test,tuned,missing,Chưa có run full/protocol/kết quả hợp lệ,D:\DoAn\Đồ án NLP\goemotions-multilabel-classification\data\processed\transformers\roberta\seed_2026\full\standard\test_results.json,False,12,embarrassment,303,,,,,,,,,
C,standard,roberta,2026.0,test,tuned,missing,Chưa có run full/protocol/kết quả hợp lệ,D:\DoAn\Đồ án NLP\goemotions-multilabel-classification\data\processed\transformers\roberta\seed_2026\full\standard\test_results.json,False,13,excitement,853,,,,,,,,,
C,standard,roberta,2026.0,test,tuned,missing,Chưa có run full/protocol/kết quả hợp lệ,D:\DoAn\Đồ án NLP\goemotions-multilabel-classification\data\processed\transformers\roberta\seed_2026\full\standard\test_results.json,False,14,fear,596,,,,,,,,,
C,standard,roberta,2026.0,test,tuned,missing,Chưa có run full/protocol/kết quả hợp lệ,D:\DoAn\Đồ án NLP\goemotions-multilabel-classification\data\processed\transformers\roberta\seed_2026\full\standard\test_results.json,False,15,gratitude,2662,,,,,,,,,
C,standard,roberta,2026.0,test,tuned,missing,Chưa có run full/protocol/kết quả hợp lệ,D:\DoAn\Đồ án NLP\goemotions-multilabel-classification\data\processed\transformers\roberta\seed_2026\full\standard\test_results.json,False,16,grief,77,,,,,,,,,
C,standard,roberta,2026.0,test,tuned,missing,Chưa có run full/protocol/kết quả hợp lệ,D:\DoAn\Đồ án NLP\goemotions-multilabel-classification\data\processed\transformers\roberta\seed_2026\full\standard\test_results.json,False,17,joy,1452,,,,,,,,,
C,standard,roberta,2026.0,test,tuned,missing,Chưa có run full/protocol/kết quả hợp lệ,D:\DoAn\Đồ án NLP\goemotions-multilabel-classification\data\processed\transformers\roberta\seed_2026\full\standard\test_results.json,False,18,love,2086,,,,,,,,,
C,standard,roberta,2026.0,test,tuned,missing,Chưa có run full/protocol/kết quả hợp lệ,D:\DoAn\Đồ án NLP\goemotions-multilabel-classification\data\processed\transformers\roberta\seed_2026\full\standard\test_results.json,False,19,nervousness,164,,,,,,,,,
C,standard,roberta,2026.0,test,tuned,missing,Chưa có run full/protocol/kết quả hợp lệ,D:\DoAn\Đồ án NLP\goemotions-multilabel-classification\data\processed\transformers\roberta\seed_2026\full\standard\test_results.json,False,20,optimism,1581,,,,,,,,,
C,standard,roberta,2026.0,test,tuned,missing,Chưa có run full/protocol/kết quả hợp lệ,D:\DoAn\Đồ án NLP\goemotions-multilabel-classification\data\processed\transformers\roberta\seed_2026\full\standard\test_results.json,False,21,pride,111,,,,,,,,,
C,standard,roberta,2026.0,test,tuned,missing,Chưa có run full/protocol/kết quả hợp lệ,D:\DoAn\Đồ án NLP\goemotions-multilabel-classification\data\processed\transformers\roberta\seed_2026\full\standard\test_results.json,False,22,realization,1110,,,,,,,,,
C,standard,roberta,2026.0,test,tuned,missing,Chưa có run full/protocol/kết quả hợp lệ,D:\DoAn\Đồ án NLP\goemotions-multilabel-classification\data\processed\transformers\roberta\seed_2026\full\standard\test_results.json,False,23,relief,153,,,,,,,,,
C,standard,roberta,2026.0,test,tuned,missing,Chưa có run full/protocol/kết quả hợp lệ,D:\DoAn\Đồ án NLP\goemotions-multilabel-classification\data\processed\transformers\roberta\seed_2026\full\standard\test_results.json,False,24,remorse,545,,,,,,,,,
C,standard,roberta,2026.0,test,tuned,missing,Chưa có run full/protocol/kết quả hợp lệ,D:\DoAn\Đồ án NLP\goemotions-multilabel-classification\data\processed\transformers\roberta\seed_2026\full\standard\test_results.json,False,25,sadness,1326,,,,,,,,,
C,standard,roberta,2026.0,test,tuned,missing,Chưa có run full/protocol/kết quả hợp lệ,D:\DoAn\Đồ án NLP\goemotions-multilabel-classification\data\processed\transformers\roberta\seed_2026\full\standard\test_results.json,False,26,surprise,1060,,,,,,,,,
C,standard,roberta,2026.0,test,tuned,missing,Chưa có run full/protocol/kết quả hợp lệ,D:\DoAn\Đồ án NLP\goemotions-multilabel-classification\data\processed\transformers\roberta\seed_2026\full\standard\test_results.json,False,27,neutral,14219,,,,,,,,,
C,standard,distilbert,42.0,validation,fixed,missing,Chưa có run full/protocol/kết quả hợp lệ,D:\DoAn\Đồ án NLP\goemotions-multilabel-classification\data\processed\transformers\distilbert\seed_42\full\standard\validation_metrics.json,False,0,admiration,4130,,,,,,,,,
C,standard,distilbert,42.0,validation,fixed,missing,Chưa có run full/protocol/kết quả hợp lệ,D:\DoAn\Đồ án NLP\goemotions-multilabel-classification\data\processed\transformers\distilbert\seed_42\full\standard\validation_metrics.json,False,1,amusement,2328,,,,,,,,,
C,standard,distilbert,42.0,validation,fixed,missing,Chưa có run full/protocol/kết quả hợp lệ,D:\DoAn\Đồ án NLP\goemotions-multilabel-classification\data\processed\transformers\distilbert\seed_42\full\standard\validation_metrics.json,False,2,anger,1567,,,,,,,,,
C,standard,distilbert,42.0,validation,fixed,missing,Chưa có run full/protocol/kết quả hợp lệ,D:\DoAn\Đồ án NLP\goemotions-multilabel-classification\data\processed\transformers\distilbert\seed_42\full\standard\validation_metrics.json,False,3,annoyance,2470,,,,,,,,,
C,standard,distilbert,42.0,validation,fixed,missing,Chưa có run full/protocol/kết quả hợp lệ,D:\DoAn\Đồ án NLP\goemotions-multilabel-classification\data\processed\transformers\distilbert\seed_42\full\standard\validation_metrics.json,False,4,approval,2939,,,,,,,,,
C,standard,distilbert,42.0,validation,fixed,missing,Chưa có run full/protocol/kết quả hợp lệ,D:\DoAn\Đồ án NLP\goemotions-multilabel-classification\data\processed\transformers\distilbert\seed_42\full\standard\validation_metrics.json,False,5,caring,1087,,,,,,,,,
C,standard,distilbert,42.0,validation,fixed,missing,Chưa có run full/protocol/kết quả hợp lệ,D:\DoAn\Đồ án NLP\goemotions-multilabel-classification\data\processed\transformers\distilbert\seed_42\full\standard\validation_metrics.json,False,6,confusion,1368,,,,,,,,,
C,standard,distilbert,42.0,validation,fixed,missing,Chưa có run full/protocol/kết quả hợp lệ,D:\DoAn\Đồ án NLP\goemotions-multilabel-classification\data\processed\transformers\distilbert\seed_42\full\standard\validation_metrics.json,False,7,curiosity,2191,,,,,,,,,
C,standard,distilbert,42.0,validation,fixed,missing,Chưa có run full/protocol/kết quả hợp lệ,D:\DoAn\Đồ án NLP\goemotions-multilabel-classification\data\processed\transformers\distilbert\seed_42\full\standard\validation_metrics.json,False,8,desire,641,,,,,,,,,
C,standard,distilbert,42.0,validation,fixed,missing,Chưa có run full/protocol/kết quả hợp lệ,D:\DoAn\Đồ án NLP\goemotions-multilabel-classification\data\processed\transformers\distilbert\seed_42\full\standard\validation_metrics.json,False,9,disappointment,1269,,,,,,,,,
C,standard,distilbert,42.0,validation,fixed,missing,Chưa có run full/protocol/kết quả hợp lệ,D:\DoAn\Đồ án NLP\goemotions-multilabel-classification\data\processed\transformers\distilbert\seed_42\full\standard\validation_metrics.json,False,10,disapproval,2022,,,,,,,,,
C,standard,distilbert,42.0,validation,fixed,missing,Chưa có run full/protocol/kết quả hợp lệ,D:\DoAn\Đồ án NLP\goemotions-multilabel-classification\data\processed\transformers\distilbert\seed_42\full\standard\validation_metrics.json,False,11,disgust,793,,,,,,,,,
C,standard,distilbert,42.0,validation,fixed,missing,Chưa có run full/protocol/kết quả hợp lệ,D:\DoAn\Đồ án NLP\goemotions-multilabel-classification\data\processed\transformers\distilbert\seed_42\full\standard\validation_metrics.json,False,12,embarrassment,303,,,,,,,,,
C,standard,distilbert,42.0,validation,fixed,missing,Chưa có run full/protocol/kết quả hợp lệ,D:\DoAn\Đồ án NLP\goemotions-multilabel-classification\data\processed\transformers\distilbert\seed_42\full\standard\validation_metrics.json,False,13,excitement,853,,,,,,,,,
C,standard,distilbert,42.0,validation,fixed,missing,Chưa có run full/protocol/kết quả hợp lệ,D:\DoAn\Đồ án NLP\goemotions-multilabel-classification\data\processed\transformers\distilbert\seed_42\full\standard\validation_metrics.json,False,14,fear,596,,,,,,,,,
C,standard,distilbert,42.0,validation,fixed,missing,Chưa có run full/protocol/kết quả hợp lệ,D:\DoAn\Đồ án NLP\goemotions-multilabel-classification\data\processed\transformers\distilbert\seed_42\full\standard\validation_metrics.json,False,15,gratitude,2662,,,,,,,,,
C,standard,distilbert,42.0,validation,fixed,missing,Chưa có run full/protocol/kết quả hợp lệ,D:\DoAn\Đồ án NLP\goemotions-multilabel-classification\data\processed\transformers\distilbert\seed_42\full\standard\validation_metrics.json,False,16,grief,77,,,,,,,,,
C,standard,distilbert,42.0,validation,fixed,missing,Chưa có run full/protocol/kết quả hợp lệ,D:\DoAn\Đồ án NLP\goemotions-multilabel-classification\data\processed\transformers\distilbert\seed_42\full\standard\validation_metrics.json,False,17,joy,1452,,,,,,,,,
C,standard,distilbert,42.0,validation,fixed,missing,Chưa có run full/protocol/kết quả hợp lệ,D:\DoAn\Đồ án NLP\goemotions-multilabel-classification\data\processed\transformers\distilbert\seed_42\full\standard\validation_metrics.json,False,18,love,2086,,,,,,,,,
C,standard,distilbert,42.0,validation,fixed,missing,Chưa có run full/protocol/kết quả hợp lệ,D:\DoAn\Đồ án NLP\goemotions-multilabel-classification\data\processed\transformers\distilbert\seed_42\full\standard\validation_metrics.json,False,19,nervousness,164,,,,,,,,,
C,standard,distilbert,42.0,validation,fixed,missing,Chưa có run full/protocol/kết quả hợp lệ,D:\DoAn\Đồ án NLP\goemotions-multilabel-classification\data\processed\transformers\distilbert\seed_42\full\standard\validation_metrics.json,False,20,optimism,1581,,,,,,,,,
C,standard,distilbert,42.0,validation,fixed,missing,Chưa có run full/protocol/kết quả hợp lệ,D:\DoAn\Đồ án NLP\goemotions-multilabel-classification\data\processed\transformers\distilbert\seed_42\full\standard\validation_metrics.json,False,21,pride,111,,,,,,,,,
C,standard,distilbert,42.0,validation,fixed,missing,Chưa có run full/protocol/kết quả hợp lệ,D:\DoAn\Đồ án NLP\goemotions-multilabel-classification\data\processed\transformers\distilbert\seed_42\full\standard\validation_metrics.json,False,22,realization,1110,,,,,,,,,
C,standard,distilbert,42.0,validation,fixed,missing,Chưa có run full/protocol/kết quả hợp lệ,D:\DoAn\Đồ án NLP\goemotions-multilabel-classification\data\processed\transformers\distilbert\seed_42\full\standard\validation_metrics.json,False,23,relief,153,,,,,,,,,
C,standard,distilbert,42.0,validation,fixed,missing,Chưa có run full/protocol/kết quả hợp lệ,D:\DoAn\Đồ án NLP\goemotions-multilabel-classification\data\processed\transformers\distilbert\seed_42\full\standard\validation_metrics.json,False,24,remorse,545,,,,,,,,,
C,standard,distilbert,42.0,validation,fixed,missing,Chưa có run full/protocol/kết quả hợp lệ,D:\DoAn\Đồ án NLP\goemotions-multilabel-classification\data\processed\transformers\distilbert\seed_42\full\standard\validation_metrics.json,False,25,sadness,1326,,,,,,,,,
C,standard,distilbert,42.0,validation,fixed,missing,Chưa có run full/protocol/kết quả hợp lệ,D:\DoAn\Đồ án NLP\goemotions-multilabel-classification\data\processed\transformers\distilbert\seed_42\full\standard\validation_metrics.json,False,26,surprise,1060,,,,,,,,,
C,standard,distilbert,42.0,validation,fixed,missing,Chưa có run full/protocol/kết quả hợp lệ,D:\DoAn\Đồ án NLP\goemotions-multilabel-classification\data\processed\transformers\distilbert\seed_42\full\standard\validation_metrics.json,False,27,neutral,14219,,,,,,,,,
C,standard,distilbert,42.0,validation,global,missing,Chưa có run full/protocol/kết quả hợp lệ,D:\DoAn\Đồ án NLP\goemotions-multilabel-classification\data\processed\transformers\distilbert\seed_42\full\standard\final_protocol.json,True,0,admiration,4130,,,,,,,,,
C,standard,distilbert,42.0,validation,global,missing,Chưa có run full/protocol/kết quả hợp lệ,D:\DoAn\Đồ án NLP\goemotions-multilabel-classification\data\processed\transformers\distilbert\seed_42\full\standard\final_protocol.json,True,1,amusement,2328,,,,,,,,,
C,standard,distilbert,42.0,validation,global,missing,Chưa có run full/protocol/kết quả hợp lệ,D:\DoAn\Đồ án NLP\goemotions-multilabel-classification\data\processed\transformers\distilbert\seed_42\full\standard\final_protocol.json,True,2,anger,1567,,,,,,,,,
C,standard,distilbert,42.0,validation,global,missing,Chưa có run full/protocol/kết quả hợp lệ,D:\DoAn\Đồ án NLP\goemotions-multilabel-classification\data\processed\transformers\distilbert\seed_42\full\standard\final_protocol.json,True,3,annoyance,2470,,,,,,,,,
C,standard,distilbert,42.0,validation,global,missing,Chưa có run full/protocol/kết quả hợp lệ,D:\DoAn\Đồ án NLP\goemotions-multilabel-classification\data\processed\transformers\distilbert\seed_42\full\standard\final_protocol.json,True,4,approval,2939,,,,,,,,,
C,standard,distilbert,42.0,validation,global,missing,Chưa có run full/protocol/kết quả hợp lệ,D:\DoAn\Đồ án NLP\goemotions-multilabel-classification\data\processed\transformers\distilbert\seed_42\full\standard\final_protocol.json,True,5,caring,1087,,,,,,,,,
C,standard,distilbert,42.0,validation,global,missing,Chưa có run full/protocol/kết quả hợp lệ,D:\DoAn\Đồ án NLP\goemotions-multilabel-classification\data\processed\transformers\distilbert\seed_42\full\standard\final_protocol.json,True,6,confusion,1368,,,,,,,,,
C,standard,distilbert,42.0,validation,global,missing,Chưa có run full/protocol/kết quả hợp lệ,D:\DoAn\Đồ án NLP\goemotions-multilabel-classification\data\processed\transformers\distilbert\seed_42\full\standard\final_protocol.json,True,7,curiosity,2191,,,,,,,,,
C,standard,distilbert,42.0,validation,global,missing,Chưa có run full/protocol/kết quả hợp lệ,D:\DoAn\Đồ án NLP\goemotions-multilabel-classification\data\processed\transformers\distilbert\seed_42\full\standard\final_protocol.json,True,8,desire,641,,,,,,,,,
C,standard,distilbert,42.0,validation,global,missing,Chưa có run full/protocol/kết quả hợp lệ,D:\DoAn\Đồ án NLP\goemotions-multilabel-classification\data\processed\transformers\distilbert\seed_42\full\standard\final_protocol.json,True,9,disappointment,1269,,,,,,,,,
C,standard,distilbert,42.0,validation,global,missing,Chưa có run full/protocol/kết quả hợp lệ,D:\DoAn\Đồ án NLP\goemotions-multilabel-classification\data\processed\transformers\distilbert\seed_42\full\standard\final_protocol.json,True,10,disapproval,2022,,,,,,,,,
C,standard,distilbert,42.0,validation,global,missing,Chưa có run full/protocol/kết quả hợp lệ,D:\DoAn\Đồ án NLP\goemotions-multilabel-classification\data\processed\transformers\distilbert\seed_42\full\standard\final_protocol.json,True,11,disgust,793,,,,,,,,,
C,standard,distilbert,42.0,validation,global,missing,Chưa có run full/protocol/kết quả hợp lệ,D:\DoAn\Đồ án NLP\goemotions-multilabel-classification\data\processed\transformers\distilbert\seed_42\full\standard\final_protocol.json,True,12,embarrassment,303,,,,,,,,,
C,standard,distilbert,42.0,validation,global,missing,Chưa có run full/protocol/kết quả hợp lệ,D:\DoAn\Đồ án NLP\goemotions-multilabel-classification\data\processed\transformers\distilbert\seed_42\full\standard\final_protocol.json,True,13,excitement,853,,,,,,,,,
C,standard,distilbert,42.0,validation,global,missing,Chưa có run full/protocol/kết quả hợp lệ,D:\DoAn\Đồ án NLP\goemotions-multilabel-classification\data\processed\transformers\distilbert\seed_42\full\standard\final_protocol.json,True,14,fear,596,,,,,,,,,
C,standard,distilbert,42.0,validation,global,missing,Chưa có run full/protocol/kết quả hợp lệ,D:\DoAn\Đồ án NLP\goemotions-multilabel-classification\data\processed\transformers\distilbert\seed_42\full\standard\final_protocol.json,True,15,gratitude,2662,,,,,,,,,
C,standard,distilbert,42.0,validation,global,missing,Chưa có run full/protocol/kết quả hợp lệ,D:\DoAn\Đồ án NLP\goemotions-multilabel-classification\data\processed\transformers\distilbert\seed_42\full\standard\final_protocol.json,True,16,grief,77,,,,,,,,,
C,standard,distilbert,42.0,validation,global,missing,Chưa có run full/protocol/kết quả hợp lệ,D:\DoAn\Đồ án NLP\goemotions-multilabel-classification\data\processed\transformers\distilbert\seed_42\full\standard\final_protocol.json,True,17,joy,1452,,,,,,,,,
C,standard,distilbert,42.0,validation,global,missing,Chưa có run full/protocol/kết quả hợp lệ,D:\DoAn\Đồ án NLP\goemotions-multilabel-classification\data\processed\transformers\distilbert\seed_42\full\standard\final_protocol.json,True,18,love,2086,,,,,,,,,
C,standard,distilbert,42.0,validation,global,missing,Chưa có run full/protocol/kết quả hợp lệ,D:\DoAn\Đồ án NLP\goemotions-multilabel-classification\data\processed\transformers\distilbert\seed_42\full\standard\final_protocol.json,True,19,nervousness,164,,,,,,,,,
C,standard,distilbert,42.0,validation,global,missing,Chưa có run full/protocol/kết quả hợp lệ,D:\DoAn\Đồ án NLP\goemotions-multilabel-classification\data\processed\transformers\distilbert\seed_42\full\standard\final_protocol.json,True,20,optimism,1581,,,,,,,,,
C,standard,distilbert,42.0,validation,global,missing,Chưa có run full/protocol/kết quả hợp lệ,D:\DoAn\Đồ án NLP\goemotions-multilabel-classification\data\processed\transformers\distilbert\seed_42\full\standard\final_protocol.json,True,21,pride,111,,,,,,,,,
C,standard,distilbert,42.0,validation,global,missing,Chưa có run full/protocol/kết quả hợp lệ,D:\DoAn\Đồ án NLP\goemotions-multilabel-classification\data\processed\transformers\distilbert\seed_42\full\standard\final_protocol.json,True,22,realization,1110,,,,,,,,,
C,standard,distilbert,42.0,validation,global,missing,Chưa có run full/protocol/kết quả hợp lệ,D:\DoAn\Đồ án NLP\goemotions-multilabel-classification\data\processed\transformers\distilbert\seed_42\full\standard\final_protocol.json,True,23,relief,153,,,,,,,,,
C,standard,distilbert,42.0,validation,global,missing,Chưa có run full/protocol/kết quả hợp lệ,D:\DoAn\Đồ án NLP\goemotions-multilabel-classification\data\processed\transformers\distilbert\seed_42\full\standard\final_protocol.json,True,24,remorse,545,,,,,,,,,
C,standard,distilbert,42.0,validation,global,missing,Chưa có run full/protocol/kết quả hợp lệ,D:\DoAn\Đồ án NLP\goemotions-multilabel-classification\data\processed\transformers\distilbert\seed_42\full\standard\final_protocol.json,True,25,sadness,1326,,,,,,,,,
C,standard,distilbert,42.0,validation,global,missing,Chưa có run full/protocol/kết quả hợp lệ,D:\DoAn\Đồ án NLP\goemotions-multilabel-classification\data\processed\transformers\distilbert\seed_42\full\standard\final_protocol.json,True,26,surprise,1060,,,,,,,,,
C,standard,distilbert,42.0,validation,global,missing,Chưa có run full/protocol/kết quả hợp lệ,D:\DoAn\Đồ án NLP\goemotions-multilabel-classification\data\processed\transformers\distilbert\seed_42\full\standard\final_protocol.json,True,27,neutral,14219,,,,,,,,,
C,standard,distilbert,42.0,validation,tuned,missing,Chưa có run full/protocol/kết quả hợp lệ,D:\DoAn\Đồ án NLP\goemotions-multilabel-classification\data\processed\transformers\distilbert\seed_42\full\standard\final_protocol.json,True,0,admiration,4130,,,,,,,,,
C,standard,distilbert,42.0,validation,tuned,missing,Chưa có run full/protocol/kết quả hợp lệ,D:\DoAn\Đồ án NLP\goemotions-multilabel-classification\data\processed\transformers\distilbert\seed_42\full\standard\final_protocol.json,True,1,amusement,2328,,,,,,,,,
C,standard,distilbert,42.0,validation,tuned,missing,Chưa có run full/protocol/kết quả hợp lệ,D:\DoAn\Đồ án NLP\goemotions-multilabel-classification\data\processed\transformers\distilbert\seed_42\full\standard\final_protocol.json,True,2,anger,1567,,,,,,,,,
C,standard,distilbert,42.0,validation,tuned,missing,Chưa có run full/protocol/kết quả hợp lệ,D:\DoAn\Đồ án NLP\goemotions-multilabel-classification\data\processed\transformers\distilbert\seed_42\full\standard\final_protocol.json,True,3,annoyance,2470,,,,,,,,,
C,standard,distilbert,42.0,validation,tuned,missing,Chưa có run full/protocol/kết quả hợp lệ,D:\DoAn\Đồ án NLP\goemotions-multilabel-classification\data\processed\transformers\distilbert\seed_42\full\standard\final_protocol.json,True,4,approval,2939,,,,,,,,,
C,standard,distilbert,42.0,validation,tuned,missing,Chưa có run full/protocol/kết quả hợp lệ,D:\DoAn\Đồ án NLP\goemotions-multilabel-classification\data\processed\transformers\distilbert\seed_42\full\standard\final_protocol.json,True,5,caring,1087,,,,,,,,,
C,standard,distilbert,42.0,validation,tuned,missing,Chưa có run full/protocol/kết quả hợp lệ,D:\DoAn\Đồ án NLP\goemotions-multilabel-classification\data\processed\transformers\distilbert\seed_42\full\standard\final_protocol.json,True,6,confusion,1368,,,,,,,,,
C,standard,distilbert,42.0,validation,tuned,missing,Chưa có run full/protocol/kết quả hợp lệ,D:\DoAn\Đồ án NLP\goemotions-multilabel-classification\data\processed\transformers\distilbert\seed_42\full\standard\final_protocol.json,True,7,curiosity,2191,,,,,,,,,
C,standard,distilbert,42.0,validation,tuned,missing,Chưa có run full/protocol/kết quả hợp lệ,D:\DoAn\Đồ án NLP\goemotions-multilabel-classification\data\processed\transformers\distilbert\seed_42\full\standard\final_protocol.json,True,8,desire,641,,,,,,,,,
C,standard,distilbert,42.0,validation,tuned,missing,Chưa có run full/protocol/kết quả hợp lệ,D:\DoAn\Đồ án NLP\goemotions-multilabel-classification\data\processed\transformers\distilbert\seed_42\full\standard\final_protocol.json,True,9,disappointment,1269,,,,,,,,,
C,standard,distilbert,42.0,validation,tuned,missing,Chưa có run full/protocol/kết quả hợp lệ,D:\DoAn\Đồ án NLP\goemotions-multilabel-classification\data\processed\transformers\distilbert\seed_42\full\standard\final_protocol.json,True,10,disapproval,2022,,,,,,,,,
C,standard,distilbert,42.0,validation,tuned,missing,Chưa có run full/protocol/kết quả hợp lệ,D:\DoAn\Đồ án NLP\goemotions-multilabel-classification\data\processed\transformers\distilbert\seed_42\full\standard\final_protocol.json,True,11,disgust,793,,,,,,,,,
C,standard,distilbert,42.0,validation,tuned,missing,Chưa có run full/protocol/kết quả hợp lệ,D:\DoAn\Đồ án NLP\goemotions-multilabel-classification\data\processed\transformers\distilbert\seed_42\full\standard\final_protocol.json,True,12,embarrassment,303,,,,,,,,,
C,standard,distilbert,42.0,validation,tuned,missing,Chưa có run full/protocol/kết quả hợp lệ,D:\DoAn\Đồ án NLP\goemotions-multilabel-classification\data\processed\transformers\distilbert\seed_42\full\standard\final_protocol.json,True,13,excitement,853,,,,,,,,,
C,standard,distilbert,42.0,validation,tuned,missing,Chưa có run full/protocol/kết quả hợp lệ,D:\DoAn\Đồ án NLP\goemotions-multilabel-classification\data\processed\transformers\distilbert\seed_42\full\standard\final_protocol.json,True,14,fear,596,,,,,,,,,
C,standard,distilbert,42.0,validation,tuned,missing,Chưa có run full/protocol/kết quả hợp lệ,D:\DoAn\Đồ án NLP\goemotions-multilabel-classification\data\processed\transformers\distilbert\seed_42\full\standard\final_protocol.json,True,15,gratitude,2662,,,,,,,,,
C,standard,distilbert,42.0,validation,tuned,missing,Chưa có run full/protocol/kết quả hợp lệ,D:\DoAn\Đồ án NLP\goemotions-multilabel-classification\data\processed\transformers\distilbert\seed_42\full\standard\final_protocol.json,True,16,grief,77,,,,,,,,,
C,standard,distilbert,42.0,validation,tuned,missing,Chưa có run full/protocol/kết quả hợp lệ,D:\DoAn\Đồ án NLP\goemotions-multilabel-classification\data\processed\transformers\distilbert\seed_42\full\standard\final_protocol.json,True,17,joy,1452,,,,,,,,,
C,standard,distilbert,42.0,validation,tuned,missing,Chưa có run full/protocol/kết quả hợp lệ,D:\DoAn\Đồ án NLP\goemotions-multilabel-classification\data\processed\transformers\distilbert\seed_42\full\standard\final_protocol.json,True,18,love,2086,,,,,,,,,
C,standard,distilbert,42.0,validation,tuned,missing,Chưa có run full/protocol/kết quả hợp lệ,D:\DoAn\Đồ án NLP\goemotions-multilabel-classification\data\processed\transformers\distilbert\seed_42\full\standard\final_protocol.json,True,19,nervousness,164,,,,,,,,,
C,standard,distilbert,42.0,validation,tuned,missing,Chưa có run full/protocol/kết quả hợp lệ,D:\DoAn\Đồ án NLP\goemotions-multilabel-classification\data\processed\transformers\distilbert\seed_42\full\standard\final_protocol.json,True,20,optimism,1581,,,,,,,,,
C,standard,distilbert,42.0,validation,tuned,missing,Chưa có run full/protocol/kết quả hợp lệ,D:\DoAn\Đồ án NLP\goemotions-multilabel-classification\data\processed\transformers\distilbert\seed_42\full\standard\final_protocol.json,True,21,pride,111,,,,,,,,,
C,standard,distilbert,42.0,validation,tuned,missing,Chưa có run full/protocol/kết quả hợp lệ,D:\DoAn\Đồ án NLP\goemotions-multilabel-classification\data\processed\transformers\distilbert\seed_42\full\standard\final_protocol.json,True,22,realization,1110,,,,,,,,,
C,standard,distilbert,42.0,validation,tuned,missing,Chưa có run full/protocol/kết quả hợp lệ,D:\DoAn\Đồ án NLP\goemotions-multilabel-classification\data\processed\transformers\distilbert\seed_42\full\standard\final_protocol.json,True,23,relief,153,,,,,,,,,
C,standard,distilbert,42.0,validation,tuned,missing,Chưa có run full/protocol/kết quả hợp lệ,D:\DoAn\Đồ án NLP\goemotions-multilabel-classification\data\processed\transformers\distilbert\seed_42\full\standard\final_protocol.json,True,24,remorse,545,,,,,,,,,
C,standard,distilbert,42.0,validation,tuned,missing,Chưa có run full/protocol/kết quả hợp lệ,D:\DoAn\Đồ án NLP\goemotions-multilabel-classification\data\processed\transformers\distilbert\seed_42\full\standard\final_protocol.json,True,25,sadness,1326,,,,,,,,,
C,standard,distilbert,42.0,validation,tuned,missing,Chưa có run full/protocol/kết quả hợp lệ,D:\DoAn\Đồ án NLP\goemotions-multilabel-classification\data\processed\transformers\distilbert\seed_42\full\standard\final_protocol.json,True,26,surprise,1060,,,,,,,,,
C,standard,distilbert,42.0,validation,tuned,missing,Chưa có run full/protocol/kết quả hợp lệ,D:\DoAn\Đồ án NLP\goemotions-multilabel-classification\data\processed\transformers\distilbert\seed_42\full\standard\final_protocol.json,True,27,neutral,14219,,,,,,,,,
C,standard,distilbert,42.0,test,fixed,missing,Chưa có run full/protocol/kết quả hợp lệ,D:\DoAn\Đồ án NLP\goemotions-multilabel-classification\data\processed\transformers\distilbert\seed_42\full\standard\test_results.json,False,0,admiration,4130,,,,,,,,,
C,standard,distilbert,42.0,test,fixed,missing,Chưa có run full/protocol/kết quả hợp lệ,D:\DoAn\Đồ án NLP\goemotions-multilabel-classification\data\processed\transformers\distilbert\seed_42\full\standard\test_results.json,False,1,amusement,2328,,,,,,,,,
C,standard,distilbert,42.0,test,fixed,missing,Chưa có run full/protocol/kết quả hợp lệ,D:\DoAn\Đồ án NLP\goemotions-multilabel-classification\data\processed\transformers\distilbert\seed_42\full\standard\test_results.json,False,2,anger,1567,,,,,,,,,
C,standard,distilbert,42.0,test,fixed,missing,Chưa có run full/protocol/kết quả hợp lệ,D:\DoAn\Đồ án NLP\goemotions-multilabel-classification\data\processed\transformers\distilbert\seed_42\full\standard\test_results.json,False,3,annoyance,2470,,,,,,,,,
C,standard,distilbert,42.0,test,fixed,missing,Chưa có run full/protocol/kết quả hợp lệ,D:\DoAn\Đồ án NLP\goemotions-multilabel-classification\data\processed\transformers\distilbert\seed_42\full\standard\test_results.json,False,4,approval,2939,,,,,,,,,
C,standard,distilbert,42.0,test,fixed,missing,Chưa có run full/protocol/kết quả hợp lệ,D:\DoAn\Đồ án NLP\goemotions-multilabel-classification\data\processed\transformers\distilbert\seed_42\full\standard\test_results.json,False,5,caring,1087,,,,,,,,,
C,standard,distilbert,42.0,test,fixed,missing,Chưa có run full/protocol/kết quả hợp lệ,D:\DoAn\Đồ án NLP\goemotions-multilabel-classification\data\processed\transformers\distilbert\seed_42\full\standard\test_results.json,False,6,confusion,1368,,,,,,,,,
C,standard,distilbert,42.0,test,fixed,missing,Chưa có run full/protocol/kết quả hợp lệ,D:\DoAn\Đồ án NLP\goemotions-multilabel-classification\data\processed\transformers\distilbert\seed_42\full\standard\test_results.json,False,7,curiosity,2191,,,,,,,,,
C,standard,distilbert,42.0,test,fixed,missing,Chưa có run full/protocol/kết quả hợp lệ,D:\DoAn\Đồ án NLP\goemotions-multilabel-classification\data\processed\transformers\distilbert\seed_42\full\standard\test_results.json,False,8,desire,641,,,,,,,,,
C,standard,distilbert,42.0,test,fixed,missing,Chưa có run full/protocol/kết quả hợp lệ,D:\DoAn\Đồ án NLP\goemotions-multilabel-classification\data\processed\transformers\distilbert\seed_42\full\standard\test_results.json,False,9,disappointment,1269,,,,,,,,,
C,standard,distilbert,42.0,test,fixed,missing,Chưa có run full/protocol/kết quả hợp lệ,D:\DoAn\Đồ án NLP\goemotions-multilabel-classification\data\processed\transformers\distilbert\seed_42\full\standard\test_results.json,False,10,disapproval,2022,,,,,,,,,
C,standard,distilbert,42.0,test,fixed,missing,Chưa có run full/protocol/kết quả hợp lệ,D:\DoAn\Đồ án NLP\goemotions-multilabel-classification\data\processed\transformers\distilbert\seed_42\full\standard\test_results.json,False,11,disgust,793,,,,,,,,,
C,standard,distilbert,42.0,test,fixed,missing,Chưa có run full/protocol/kết quả hợp lệ,D:\DoAn\Đồ án NLP\goemotions-multilabel-classification\data\processed\transformers\distilbert\seed_42\full\standard\test_results.json,False,12,embarrassment,303,,,,,,,,,
C,standard,distilbert,42.0,test,fixed,missing,Chưa có run full/protocol/kết quả hợp lệ,D:\DoAn\Đồ án NLP\goemotions-multilabel-classification\data\processed\transformers\distilbert\seed_42\full\standard\test_results.json,False,13,excitement,853,,,,,,,,,
C,standard,distilbert,42.0,test,fixed,missing,Chưa có run full/protocol/kết quả hợp lệ,D:\DoAn\Đồ án NLP\goemotions-multilabel-classification\data\processed\transformers\distilbert\seed_42\full\standard\test_results.json,False,14,fear,596,,,,,,,,,
C,standard,distilbert,42.0,test,fixed,missing,Chưa có run full/protocol/kết quả hợp lệ,D:\DoAn\Đồ án NLP\goemotions-multilabel-classification\data\processed\transformers\distilbert\seed_42\full\standard\test_results.json,False,15,gratitude,2662,,,,,,,,,
C,standard,distilbert,42.0,test,fixed,missing,Chưa có run full/protocol/kết quả hợp lệ,D:\DoAn\Đồ án NLP\goemotions-multilabel-classification\data\processed\transformers\distilbert\seed_42\full\standard\test_results.json,False,16,grief,77,,,,,,,,,
C,standard,distilbert,42.0,test,fixed,missing,Chưa có run full/protocol/kết quả hợp lệ,D:\DoAn\Đồ án NLP\goemotions-multilabel-classification\data\processed\transformers\distilbert\seed_42\full\standard\test_results.json,False,17,joy,1452,,,,,,,,,
C,standard,distilbert,42.0,test,fixed,missing,Chưa có run full/protocol/kết quả hợp lệ,D:\DoAn\Đồ án NLP\goemotions-multilabel-classification\data\processed\transformers\distilbert\seed_42\full\standard\test_results.json,False,18,love,2086,,,,,,,,,
C,standard,distilbert,42.0,test,fixed,missing,Chưa có run full/protocol/kết quả hợp lệ,D:\DoAn\Đồ án NLP\goemotions-multilabel-classification\data\processed\transformers\distilbert\seed_42\full\standard\test_results.json,False,19,nervousness,164,,,,,,,,,
C,standard,distilbert,42.0,test,fixed,missing,Chưa có run full/protocol/kết quả hợp lệ,D:\DoAn\Đồ án NLP\goemotions-multilabel-classification\data\processed\transformers\distilbert\seed_42\full\standard\test_results.json,False,20,optimism,1581,,,,,,,,,
C,standard,distilbert,42.0,test,fixed,missing,Chưa có run full/protocol/kết quả hợp lệ,D:\DoAn\Đồ án NLP\goemotions-multilabel-classification\data\processed\transformers\distilbert\seed_42\full\standard\test_results.json,False,21,pride,111,,,,,,,,,
C,standard,distilbert,42.0,test,fixed,missing,Chưa có run full/protocol/kết quả hợp lệ,D:\DoAn\Đồ án NLP\goemotions-multilabel-classification\data\processed\transformers\distilbert\seed_42\full\standard\test_results.json,False,22,realization,1110,,,,,,,,,
C,standard,distilbert,42.0,test,fixed,missing,Chưa có run full/protocol/kết quả hợp lệ,D:\DoAn\Đồ án NLP\goemotions-multilabel-classification\data\processed\transformers\distilbert\seed_42\full\standard\test_results.json,False,23,relief,153,,,,,,,,,
C,standard,distilbert,42.0,test,fixed,missing,Chưa có run full/protocol/kết quả hợp lệ,D:\DoAn\Đồ án NLP\goemotions-multilabel-classification\data\processed\transformers\distilbert\seed_42\full\standard\test_results.json,False,24,remorse,545,,,,,,,,,
C,standard,distilbert,42.0,test,fixed,missing,Chưa có run full/protocol/kết quả hợp lệ,D:\DoAn\Đồ án NLP\goemotions-multilabel-classification\data\processed\transformers\distilbert\seed_42\full\standard\test_results.json,False,25,sadness,1326,,,,,,,,,
C,standard,distilbert,42.0,test,fixed,missing,Chưa có run full/protocol/kết quả hợp lệ,D:\DoAn\Đồ án NLP\goemotions-multilabel-classification\data\processed\transformers\distilbert\seed_42\full\standard\test_results.json,False,26,surprise,1060,,,,,,,,,
C,standard,distilbert,42.0,test,fixed,missing,Chưa có run full/protocol/kết quả hợp lệ,D:\DoAn\Đồ án NLP\goemotions-multilabel-classification\data\processed\transformers\distilbert\seed_42\full\standard\test_results.json,False,27,neutral,14219,,,,,,,,,
C,standard,distilbert,42.0,test,global,missing,Chưa có run full/protocol/kết quả hợp lệ,D:\DoAn\Đồ án NLP\goemotions-multilabel-classification\data\processed\transformers\distilbert\seed_42\full\standard\test_results.json,False,0,admiration,4130,,,,,,,,,
C,standard,distilbert,42.0,test,global,missing,Chưa có run full/protocol/kết quả hợp lệ,D:\DoAn\Đồ án NLP\goemotions-multilabel-classification\data\processed\transformers\distilbert\seed_42\full\standard\test_results.json,False,1,amusement,2328,,,,,,,,,
C,standard,distilbert,42.0,test,global,missing,Chưa có run full/protocol/kết quả hợp lệ,D:\DoAn\Đồ án NLP\goemotions-multilabel-classification\data\processed\transformers\distilbert\seed_42\full\standard\test_results.json,False,2,anger,1567,,,,,,,,,
C,standard,distilbert,42.0,test,global,missing,Chưa có run full/protocol/kết quả hợp lệ,D:\DoAn\Đồ án NLP\goemotions-multilabel-classification\data\processed\transformers\distilbert\seed_42\full\standard\test_results.json,False,3,annoyance,2470,,,,,,,,,
C,standard,distilbert,42.0,test,global,missing,Chưa có run full/protocol/kết quả hợp lệ,D:\DoAn\Đồ án NLP\goemotions-multilabel-classification\data\processed\transformers\distilbert\seed_42\full\standard\test_results.json,False,4,approval,2939,,,,,,,,,
C,standard,distilbert,42.0,test,global,missing,Chưa có run full/protocol/kết quả hợp lệ,D:\DoAn\Đồ án NLP\goemotions-multilabel-classification\data\processed\transformers\distilbert\seed_42\full\standard\test_results.json,False,5,caring,1087,,,,,,,,,
C,standard,distilbert,42.0,test,global,missing,Chưa có run full/protocol/kết quả hợp lệ,D:\DoAn\Đồ án NLP\goemotions-multilabel-classification\data\processed\transformers\distilbert\seed_42\full\standard\test_results.json,False,6,confusion,1368,,,,,,,,,
C,standard,distilbert,42.0,test,global,missing,Chưa có run full/protocol/kết quả hợp lệ,D:\DoAn\Đồ án NLP\goemotions-multilabel-classification\data\processed\transformers\distilbert\seed_42\full\standard\test_results.json,False,7,curiosity,2191,,,,,,,,,
C,standard,distilbert,42.0,test,global,missing,Chưa có run full/protocol/kết quả hợp lệ,D:\DoAn\Đồ án NLP\goemotions-multilabel-classification\data\processed\transformers\distilbert\seed_42\full\standard\test_results.json,False,8,desire,641,,,,,,,,,
C,standard,distilbert,42.0,test,global,missing,Chưa có run full/protocol/kết quả hợp lệ,D:\DoAn\Đồ án NLP\goemotions-multilabel-classification\data\processed\transformers\distilbert\seed_42\full\standard\test_results.json,False,9,disappointment,1269,,,,,,,,,
C,standard,distilbert,42.0,test,global,missing,Chưa có run full/protocol/kết quả hợp lệ,D:\DoAn\Đồ án NLP\goemotions-multilabel-classification\data\processed\transformers\distilbert\seed_42\full\standard\test_results.json,False,10,disapproval,2022,,,,,,,,,
C,standard,distilbert,42.0,test,global,missing,Chưa có run full/protocol/kết quả hợp lệ,D:\DoAn\Đồ án NLP\goemotions-multilabel-classification\data\processed\transformers\distilbert\seed_42\full\standard\test_results.json,False,11,disgust,793,,,,,,,,,
C,standard,distilbert,42.0,test,global,missing,Chưa có run full/protocol/kết quả hợp lệ,D:\DoAn\Đồ án NLP\goemotions-multilabel-classification\data\processed\transformers\distilbert\seed_42\full\standard\test_results.json,False,12,embarrassment,303,,,,,,,,,
C,standard,distilbert,42.0,test,global,missing,Chưa có run full/protocol/kết quả hợp lệ,D:\DoAn\Đồ án NLP\goemotions-multilabel-classification\data\processed\transformers\distilbert\seed_42\full\standard\test_results.json,False,13,excitement,853,,,,,,,,,
C,standard,distilbert,42.0,test,global,missing,Chưa có run full/protocol/kết quả hợp lệ,D:\DoAn\Đồ án NLP\goemotions-multilabel-classification\data\processed\transformers\distilbert\seed_42\full\standard\test_results.json,False,14,fear,596,,,,,,,,,
C,standard,distilbert,42.0,test,global,missing,Chưa có run full/protocol/kết quả hợp lệ,D:\DoAn\Đồ án NLP\goemotions-multilabel-classification\data\processed\transformers\distilbert\seed_42\full\standard\test_results.json,False,15,gratitude,2662,,,,,,,,,
C,standard,distilbert,42.0,test,global,missing,Chưa có run full/protocol/kết quả hợp lệ,D:\DoAn\Đồ án NLP\goemotions-multilabel-classification\data\processed\transformers\distilbert\seed_42\full\standard\test_results.json,False,16,grief,77,,,,,,,,,
C,standard,distilbert,42.0,test,global,missing,Chưa có run full/protocol/kết quả hợp lệ,D:\DoAn\Đồ án NLP\goemotions-multilabel-classification\data\processed\transformers\distilbert\seed_42\full\standard\test_results.json,False,17,joy,1452,,,,,,,,,
C,standard,distilbert,42.0,test,global,missing,Chưa có run full/protocol/kết quả hợp lệ,D:\DoAn\Đồ án NLP\goemotions-multilabel-classification\data\processed\transformers\distilbert\seed_42\full\standard\test_results.json,False,18,love,2086,,,,,,,,,
C,standard,distilbert,42.0,test,global,missing,Chưa có run full/protocol/kết quả hợp lệ,D:\DoAn\Đồ án NLP\goemotions-multilabel-classification\data\processed\transformers\distilbert\seed_42\full\standard\test_results.json,False,19,nervousness,164,,,,,,,,,
C,standard,distilbert,42.0,test,global,missing,Chưa có run full/protocol/kết quả hợp lệ,D:\DoAn\Đồ án NLP\goemotions-multilabel-classification\data\processed\transformers\distilbert\seed_42\full\standard\test_results.json,False,20,optimism,1581,,,,,,,,,
C,standard,distilbert,42.0,test,global,missing,Chưa có run full/protocol/kết quả hợp lệ,D:\DoAn\Đồ án NLP\goemotions-multilabel-classification\data\processed\transformers\distilbert\seed_42\full\standard\test_results.json,False,21,pride,111,,,,,,,,,
C,standard,distilbert,42.0,test,global,missing,Chưa có run full/protocol/kết quả hợp lệ,D:\DoAn\Đồ án NLP\goemotions-multilabel-classification\data\processed\transformers\distilbert\seed_42\full\standard\test_results.json,False,22,realization,1110,,,,,,,,,
C,standard,distilbert,42.0,test,global,missing,Chưa có run full/protocol/kết quả hợp lệ,D:\DoAn\Đồ án NLP\goemotions-multilabel-classification\data\processed\transformers\distilbert\seed_42\full\standard\test_results.json,False,23,relief,153,,,,,,,,,
C,standard,distilbert,42.0,test,global,missing,Chưa có run full/protocol/kết quả hợp lệ,D:\DoAn\Đồ án NLP\goemotions-multilabel-classification\data\processed\transformers\distilbert\seed_42\full\standard\test_results.json,False,24,remorse,545,,,,,,,,,
C,standard,distilbert,42.0,test,global,missing,Chưa có run full/protocol/kết quả hợp lệ,D:\DoAn\Đồ án NLP\goemotions-multilabel-classification\data\processed\transformers\distilbert\seed_42\full\standard\test_results.json,False,25,sadness,1326,,,,,,,,,
C,standard,distilbert,42.0,test,global,missing,Chưa có run full/protocol/kết quả hợp lệ,D:\DoAn\Đồ án NLP\goemotions-multilabel-classification\data\processed\transformers\distilbert\seed_42\full\standard\test_results.json,False,26,surprise,1060,,,,,,,,,
C,standard,distilbert,42.0,test,global,missing,Chưa có run full/protocol/kết quả hợp lệ,D:\DoAn\Đồ án NLP\goemotions-multilabel-classification\data\processed\transformers\distilbert\seed_42\full\standard\test_results.json,False,27,neutral,14219,,,,,,,,,
C,standard,distilbert,42.0,test,tuned,missing,Chưa có run full/protocol/kết quả hợp lệ,D:\DoAn\Đồ án NLP\goemotions-multilabel-classification\data\processed\transformers\distilbert\seed_42\full\standard\test_results.json,False,0,admiration,4130,,,,,,,,,
C,standard,distilbert,42.0,test,tuned,missing,Chưa có run full/protocol/kết quả hợp lệ,D:\DoAn\Đồ án NLP\goemotions-multilabel-classification\data\processed\transformers\distilbert\seed_42\full\standard\test_results.json,False,1,amusement,2328,,,,,,,,,
C,standard,distilbert,42.0,test,tuned,missing,Chưa có run full/protocol/kết quả hợp lệ,D:\DoAn\Đồ án NLP\goemotions-multilabel-classification\data\processed\transformers\distilbert\seed_42\full\standard\test_results.json,False,2,anger,1567,,,,,,,,,
C,standard,distilbert,42.0,test,tuned,missing,Chưa có run full/protocol/kết quả hợp lệ,D:\DoAn\Đồ án NLP\goemotions-multilabel-classification\data\processed\transformers\distilbert\seed_42\full\standard\test_results.json,False,3,annoyance,2470,,,,,,,,,
C,standard,distilbert,42.0,test,tuned,missing,Chưa có run full/protocol/kết quả hợp lệ,D:\DoAn\Đồ án NLP\goemotions-multilabel-classification\data\processed\transformers\distilbert\seed_42\full\standard\test_results.json,False,4,approval,2939,,,,,,,,,
C,standard,distilbert,42.0,test,tuned,missing,Chưa có run full/protocol/kết quả hợp lệ,D:\DoAn\Đồ án NLP\goemotions-multilabel-classification\data\processed\transformers\distilbert\seed_42\full\standard\test_results.json,False,5,caring,1087,,,,,,,,,
C,standard,distilbert,42.0,test,tuned,missing,Chưa có run full/protocol/kết quả hợp lệ,D:\DoAn\Đồ án NLP\goemotions-multilabel-classification\data\processed\transformers\distilbert\seed_42\full\standard\test_results.json,False,6,confusion,1368,,,,,,,,,
C,standard,distilbert,42.0,test,tuned,missing,Chưa có run full/protocol/kết quả hợp lệ,D:\DoAn\Đồ án NLP\goemotions-multilabel-classification\data\processed\transformers\distilbert\seed_42\full\standard\test_results.json,False,7,curiosity,2191,,,,,,,,,
C,standard,distilbert,42.0,test,tuned,missing,Chưa có run full/protocol/kết quả hợp lệ,D:\DoAn\Đồ án NLP\goemotions-multilabel-classification\data\processed\transformers\distilbert\seed_42\full\standard\test_results.json,False,8,desire,641,,,,,,,,,
C,standard,distilbert,42.0,test,tuned,missing,Chưa có run full/protocol/kết quả hợp lệ,D:\DoAn\Đồ án NLP\goemotions-multilabel-classification\data\processed\transformers\distilbert\seed_42\full\standard\test_results.json,False,9,disappointment,1269,,,,,,,,,
C,standard,distilbert,42.0,test,tuned,missing,Chưa có run full/protocol/kết quả hợp lệ,D:\DoAn\Đồ án NLP\goemotions-multilabel-classification\data\processed\transformers\distilbert\seed_42\full\standard\test_results.json,False,10,disapproval,2022,,,,,,,,,
C,standard,distilbert,42.0,test,tuned,missing,Chưa có run full/protocol/kết quả hợp lệ,D:\DoAn\Đồ án NLP\goemotions-multilabel-classification\data\processed\transformers\distilbert\seed_42\full\standard\test_results.json,False,11,disgust,793,,,,,,,,,
C,standard,distilbert,42.0,test,tuned,missing,Chưa có run full/protocol/kết quả hợp lệ,D:\DoAn\Đồ án NLP\goemotions-multilabel-classification\data\processed\transformers\distilbert\seed_42\full\standard\test_results.json,False,12,embarrassment,303,,,,,,,,,
C,standard,distilbert,42.0,test,tuned,missing,Chưa có run full/protocol/kết quả hợp lệ,D:\DoAn\Đồ án NLP\goemotions-multilabel-classification\data\processed\transformers\distilbert\seed_42\full\standard\test_results.json,False,13,excitement,853,,,,,,,,,
C,standard,distilbert,42.0,test,tuned,missing,Chưa có run full/protocol/kết quả hợp lệ,D:\DoAn\Đồ án NLP\goemotions-multilabel-classification\data\processed\transformers\distilbert\seed_42\full\standard\test_results.json,False,14,fear,596,,,,,,,,,
C,standard,distilbert,42.0,test,tuned,missing,Chưa có run full/protocol/kết quả hợp lệ,D:\DoAn\Đồ án NLP\goemotions-multilabel-classification\data\processed\transformers\distilbert\seed_42\full\standard\test_results.json,False,15,gratitude,2662,,,,,,,,,
C,standard,distilbert,42.0,test,tuned,missing,Chưa có run full/protocol/kết quả hợp lệ,D:\DoAn\Đồ án NLP\goemotions-multilabel-classification\data\processed\transformers\distilbert\seed_42\full\standard\test_results.json,False,16,grief,77,,,,,,,,,
C,standard,distilbert,42.0,test,tuned,missing,Chưa có run full/protocol/kết quả hợp lệ,D:\DoAn\Đồ án NLP\goemotions-multilabel-classification\data\processed\transformers\distilbert\seed_42\full\standard\test_results.json,False,17,joy,1452,,,,,,,,,
C,standard,distilbert,42.0,test,tuned,missing,Chưa có run full/protocol/kết quả hợp lệ,D:\DoAn\Đồ án NLP\goemotions-multilabel-classification\data\processed\transformers\distilbert\seed_42\full\standard\test_results.json,False,18,love,2086,,,,,,,,,
C,standard,distilbert,42.0,test,tuned,missing,Chưa có run full/protocol/kết quả hợp lệ,D:\DoAn\Đồ án NLP\goemotions-multilabel-classification\data\processed\transformers\distilbert\seed_42\full\standard\test_results.json,False,19,nervousness,164,,,,,,,,,
C,standard,distilbert,42.0,test,tuned,missing,Chưa có run full/protocol/kết quả hợp lệ,D:\DoAn\Đồ án NLP\goemotions-multilabel-classification\data\processed\transformers\distilbert\seed_42\full\standard\test_results.json,False,20,optimism,1581,,,,,,,,,
C,standard,distilbert,42.0,test,tuned,missing,Chưa có run full/protocol/kết quả hợp lệ,D:\DoAn\Đồ án NLP\goemotions-multilabel-classification\data\processed\transformers\distilbert\seed_42\full\standard\test_results.json,False,21,pride,111,,,,,,,,,
C,standard,distilbert,42.0,test,tuned,missing,Chưa có run full/protocol/kết quả hợp lệ,D:\DoAn\Đồ án NLP\goemotions-multilabel-classification\data\processed\transformers\distilbert\seed_42\full\standard\test_results.json,False,22,realization,1110,,,,,,,,,
C,standard,distilbert,42.0,test,tuned,missing,Chưa có run full/protocol/kết quả hợp lệ,D:\DoAn\Đồ án NLP\goemotions-multilabel-classification\data\processed\transformers\distilbert\seed_42\full\standard\test_results.json,False,23,relief,153,,,,,,,,,
C,standard,distilbert,42.0,test,tuned,missing,Chưa có run full/protocol/kết quả hợp lệ,D:\DoAn\Đồ án NLP\goemotions-multilabel-classification\data\processed\transformers\distilbert\seed_42\full\standard\test_results.json,False,24,remorse,545,,,,,,,,,
C,standard,distilbert,42.0,test,tuned,missing,Chưa có run full/protocol/kết quả hợp lệ,D:\DoAn\Đồ án NLP\goemotions-multilabel-classification\data\processed\transformers\distilbert\seed_42\full\standard\test_results.json,False,25,sadness,1326,,,,,,,,,
C,standard,distilbert,42.0,test,tuned,missing,Chưa có run full/protocol/kết quả hợp lệ,D:\DoAn\Đồ án NLP\goemotions-multilabel-classification\data\processed\transformers\distilbert\seed_42\full\standard\test_results.json,False,26,surprise,1060,,,,,,,,,
C,standard,distilbert,42.0,test,tuned,missing,Chưa có run full/protocol/kết quả hợp lệ,D:\DoAn\Đồ án NLP\goemotions-multilabel-classification\data\processed\transformers\distilbert\seed_42\full\standard\test_results.json,False,27,neutral,14219,,,,,,,,,
C,standard,distilbert,123.0,validation,fixed,missing,Chưa có run full/protocol/kết quả hợp lệ,D:\DoAn\Đồ án NLP\goemotions-multilabel-classification\data\processed\transformers\distilbert\seed_123\full\standard\validation_metrics.json,False,0,admiration,4130,,,,,,,,,
C,standard,distilbert,123.0,validation,fixed,missing,Chưa có run full/protocol/kết quả hợp lệ,D:\DoAn\Đồ án NLP\goemotions-multilabel-classification\data\processed\transformers\distilbert\seed_123\full\standard\validation_metrics.json,False,1,amusement,2328,,,,,,,,,
C,standard,distilbert,123.0,validation,fixed,missing,Chưa có run full/protocol/kết quả hợp lệ,D:\DoAn\Đồ án NLP\goemotions-multilabel-classification\data\processed\transformers\distilbert\seed_123\full\standard\validation_metrics.json,False,2,anger,1567,,,,,,,,,
C,standard,distilbert,123.0,validation,fixed,missing,Chưa có run full/protocol/kết quả hợp lệ,D:\DoAn\Đồ án NLP\goemotions-multilabel-classification\data\processed\transformers\distilbert\seed_123\full\standard\validation_metrics.json,False,3,annoyance,2470,,,,,,,,,
C,standard,distilbert,123.0,validation,fixed,missing,Chưa có run full/protocol/kết quả hợp lệ,D:\DoAn\Đồ án NLP\goemotions-multilabel-classification\data\processed\transformers\distilbert\seed_123\full\standard\validation_metrics.json,False,4,approval,2939,,,,,,,,,
C,standard,distilbert,123.0,validation,fixed,missing,Chưa có run full/protocol/kết quả hợp lệ,D:\DoAn\Đồ án NLP\goemotions-multilabel-classification\data\processed\transformers\distilbert\seed_123\full\standard\validation_metrics.json,False,5,caring,1087,,,,,,,,,
C,standard,distilbert,123.0,validation,fixed,missing,Chưa có run full/protocol/kết quả hợp lệ,D:\DoAn\Đồ án NLP\goemotions-multilabel-classification\data\processed\transformers\distilbert\seed_123\full\standard\validation_metrics.json,False,6,confusion,1368,,,,,,,,,
C,standard,distilbert,123.0,validation,fixed,missing,Chưa có run full/protocol/kết quả hợp lệ,D:\DoAn\Đồ án NLP\goemotions-multilabel-classification\data\processed\transformers\distilbert\seed_123\full\standard\validation_metrics.json,False,7,curiosity,2191,,,,,,,,,
C,standard,distilbert,123.0,validation,fixed,missing,Chưa có run full/protocol/kết quả hợp lệ,D:\DoAn\Đồ án NLP\goemotions-multilabel-classification\data\processed\transformers\distilbert\seed_123\full\standard\validation_metrics.json,False,8,desire,641,,,,,,,,,
C,standard,distilbert,123.0,validation,fixed,missing,Chưa có run full/protocol/kết quả hợp lệ,D:\DoAn\Đồ án NLP\goemotions-multilabel-classification\data\processed\transformers\distilbert\seed_123\full\standard\validation_metrics.json,False,9,disappointment,1269,,,,,,,,,
C,standard,distilbert,123.0,validation,fixed,missing,Chưa có run full/protocol/kết quả hợp lệ,D:\DoAn\Đồ án NLP\goemotions-multilabel-classification\data\processed\transformers\distilbert\seed_123\full\standard\validation_metrics.json,False,10,disapproval,2022,,,,,,,,,
C,standard,distilbert,123.0,validation,fixed,missing,Chưa có run full/protocol/kết quả hợp lệ,D:\DoAn\Đồ án NLP\goemotions-multilabel-classification\data\processed\transformers\distilbert\seed_123\full\standard\validation_metrics.json,False,11,disgust,793,,,,,,,,,
C,standard,distilbert,123.0,validation,fixed,missing,Chưa có run full/protocol/kết quả hợp lệ,D:\DoAn\Đồ án NLP\goemotions-multilabel-classification\data\processed\transformers\distilbert\seed_123\full\standard\validation_metrics.json,False,12,embarrassment,303,,,,,,,,,
C,standard,distilbert,123.0,validation,fixed,missing,Chưa có run full/protocol/kết quả hợp lệ,D:\DoAn\Đồ án NLP\goemotions-multilabel-classification\data\processed\transformers\distilbert\seed_123\full\standard\validation_metrics.json,False,13,excitement,853,,,,,,,,,
C,standard,distilbert,123.0,validation,fixed,missing,Chưa có run full/protocol/kết quả hợp lệ,D:\DoAn\Đồ án NLP\goemotions-multilabel-classification\data\processed\transformers\distilbert\seed_123\full\standard\validation_metrics.json,False,14,fear,596,,,,,,,,,
C,standard,distilbert,123.0,validation,fixed,missing,Chưa có run full/protocol/kết quả hợp lệ,D:\DoAn\Đồ án NLP\goemotions-multilabel-classification\data\processed\transformers\distilbert\seed_123\full\standard\validation_metrics.json,False,15,gratitude,2662,,,,,,,,,
C,standard,distilbert,123.0,validation,fixed,missing,Chưa có run full/protocol/kết quả hợp lệ,D:\DoAn\Đồ án NLP\goemotions-multilabel-classification\data\processed\transformers\distilbert\seed_123\full\standard\validation_metrics.json,False,16,grief,77,,,,,,,,,
C,standard,distilbert,123.0,validation,fixed,missing,Chưa có run full/protocol/kết quả hợp lệ,D:\DoAn\Đồ án NLP\goemotions-multilabel-classification\data\processed\transformers\distilbert\seed_123\full\standard\validation_metrics.json,False,17,joy,1452,,,,,,,,,
C,standard,distilbert,123.0,validation,fixed,missing,Chưa có run full/protocol/kết quả hợp lệ,D:\DoAn\Đồ án NLP\goemotions-multilabel-classification\data\processed\transformers\distilbert\seed_123\full\standard\validation_metrics.json,False,18,love,2086,,,,,,,,,
C,standard,distilbert,123.0,validation,fixed,missing,Chưa có run full/protocol/kết quả hợp lệ,D:\DoAn\Đồ án NLP\goemotions-multilabel-classification\data\processed\transformers\distilbert\seed_123\full\standard\validation_metrics.json,False,19,nervousness,164,,,,,,,,,
C,standard,distilbert,123.0,validation,fixed,missing,Chưa có run full/protocol/kết quả hợp lệ,D:\DoAn\Đồ án NLP\goemotions-multilabel-classification\data\processed\transformers\distilbert\seed_123\full\standard\validation_metrics.json,False,20,optimism,1581,,,,,,,,,
C,standard,distilbert,123.0,validation,fixed,missing,Chưa có run full/protocol/kết quả hợp lệ,D:\DoAn\Đồ án NLP\goemotions-multilabel-classification\data\processed\transformers\distilbert\seed_123\full\standard\validation_metrics.json,False,21,pride,111,,,,,,,,,
C,standard,distilbert,123.0,validation,fixed,missing,Chưa có run full/protocol/kết quả hợp lệ,D:\DoAn\Đồ án NLP\goemotions-multilabel-classification\data\processed\transformers\distilbert\seed_123\full\standard\validation_metrics.json,False,22,realization,1110,,,,,,,,,
C,standard,distilbert,123.0,validation,fixed,missing,Chưa có run full/protocol/kết quả hợp lệ,D:\DoAn\Đồ án NLP\goemotions-multilabel-classification\data\processed\transformers\distilbert\seed_123\full\standard\validation_metrics.json,False,23,relief,153,,,,,,,,,
C,standard,distilbert,123.0,validation,fixed,missing,Chưa có run full/protocol/kết quả hợp lệ,D:\DoAn\Đồ án NLP\goemotions-multilabel-classification\data\processed\transformers\distilbert\seed_123\full\standard\validation_metrics.json,False,24,remorse,545,,,,,,,,,
C,standard,distilbert,123.0,validation,fixed,missing,Chưa có run full/protocol/kết quả hợp lệ,D:\DoAn\Đồ án NLP\goemotions-multilabel-classification\data\processed\transformers\distilbert\seed_123\full\standard\validation_metrics.json,False,25,sadness,1326,,,,,,,,,
C,standard,distilbert,123.0,validation,fixed,missing,Chưa có run full/protocol/kết quả hợp lệ,D:\DoAn\Đồ án NLP\goemotions-multilabel-classification\data\processed\transformers\distilbert\seed_123\full\standard\validation_metrics.json,False,26,surprise,1060,,,,,,,,,
C,standard,distilbert,123.0,validation,fixed,missing,Chưa có run full/protocol/kết quả hợp lệ,D:\DoAn\Đồ án NLP\goemotions-multilabel-classification\data\processed\transformers\distilbert\seed_123\full\standard\validation_metrics.json,False,27,neutral,14219,,,,,,,,,
C,standard,distilbert,123.0,validation,global,missing,Chưa có run full/protocol/kết quả hợp lệ,D:\DoAn\Đồ án NLP\goemotions-multilabel-classification\data\processed\transformers\distilbert\seed_123\full\standard\final_protocol.json,True,0,admiration,4130,,,,,,,,,
C,standard,distilbert,123.0,validation,global,missing,Chưa có run full/protocol/kết quả hợp lệ,D:\DoAn\Đồ án NLP\goemotions-multilabel-classification\data\processed\transformers\distilbert\seed_123\full\standard\final_protocol.json,True,1,amusement,2328,,,,,,,,,
C,standard,distilbert,123.0,validation,global,missing,Chưa có run full/protocol/kết quả hợp lệ,D:\DoAn\Đồ án NLP\goemotions-multilabel-classification\data\processed\transformers\distilbert\seed_123\full\standard\final_protocol.json,True,2,anger,1567,,,,,,,,,
C,standard,distilbert,123.0,validation,global,missing,Chưa có run full/protocol/kết quả hợp lệ,D:\DoAn\Đồ án NLP\goemotions-multilabel-classification\data\processed\transformers\distilbert\seed_123\full\standard\final_protocol.json,True,3,annoyance,2470,,,,,,,,,
C,standard,distilbert,123.0,validation,global,missing,Chưa có run full/protocol/kết quả hợp lệ,D:\DoAn\Đồ án NLP\goemotions-multilabel-classification\data\processed\transformers\distilbert\seed_123\full\standard\final_protocol.json,True,4,approval,2939,,,,,,,,,
C,standard,distilbert,123.0,validation,global,missing,Chưa có run full/protocol/kết quả hợp lệ,D:\DoAn\Đồ án NLP\goemotions-multilabel-classification\data\processed\transformers\distilbert\seed_123\full\standard\final_protocol.json,True,5,caring,1087,,,,,,,,,
C,standard,distilbert,123.0,validation,global,missing,Chưa có run full/protocol/kết quả hợp lệ,D:\DoAn\Đồ án NLP\goemotions-multilabel-classification\data\processed\transformers\distilbert\seed_123\full\standard\final_protocol.json,True,6,confusion,1368,,,,,,,,,
C,standard,distilbert,123.0,validation,global,missing,Chưa có run full/protocol/kết quả hợp lệ,D:\DoAn\Đồ án NLP\goemotions-multilabel-classification\data\processed\transformers\distilbert\seed_123\full\standard\final_protocol.json,True,7,curiosity,2191,,,,,,,,,
C,standard,distilbert,123.0,validation,global,missing,Chưa có run full/protocol/kết quả hợp lệ,D:\DoAn\Đồ án NLP\goemotions-multilabel-classification\data\processed\transformers\distilbert\seed_123\full\standard\final_protocol.json,True,8,desire,641,,,,,,,,,
C,standard,distilbert,123.0,validation,global,missing,Chưa có run full/protocol/kết quả hợp lệ,D:\DoAn\Đồ án NLP\goemotions-multilabel-classification\data\processed\transformers\distilbert\seed_123\full\standard\final_protocol.json,True,9,disappointment,1269,,,,,,,,,
C,standard,distilbert,123.0,validation,global,missing,Chưa có run full/protocol/kết quả hợp lệ,D:\DoAn\Đồ án NLP\goemotions-multilabel-classification\data\processed\transformers\distilbert\seed_123\full\standard\final_protocol.json,True,10,disapproval,2022,,,,,,,,,
C,standard,distilbert,123.0,validation,global,missing,Chưa có run full/protocol/kết quả hợp lệ,D:\DoAn\Đồ án NLP\goemotions-multilabel-classification\data\processed\transformers\distilbert\seed_123\full\standard\final_protocol.json,True,11,disgust,793,,,,,,,,,
C,standard,distilbert,123.0,validation,global,missing,Chưa có run full/protocol/kết quả hợp lệ,D:\DoAn\Đồ án NLP\goemotions-multilabel-classification\data\processed\transformers\distilbert\seed_123\full\standard\final_protocol.json,True,12,embarrassment,303,,,,,,,,,
C,standard,distilbert,123.0,validation,global,missing,Chưa có run full/protocol/kết quả hợp lệ,D:\DoAn\Đồ án NLP\goemotions-multilabel-classification\data\processed\transformers\distilbert\seed_123\full\standard\final_protocol.json,True,13,excitement,853,,,,,,,,,
C,standard,distilbert,123.0,validation,global,missing,Chưa có run full/protocol/kết quả hợp lệ,D:\DoAn\Đồ án NLP\goemotions-multilabel-classification\data\processed\transformers\distilbert\seed_123\full\standard\final_protocol.json,True,14,fear,596,,,,,,,,,
C,standard,distilbert,123.0,validation,global,missing,Chưa có run full/protocol/kết quả hợp lệ,D:\DoAn\Đồ án NLP\goemotions-multilabel-classification\data\processed\transformers\distilbert\seed_123\full\standard\final_protocol.json,True,15,gratitude,2662,,,,,,,,,
C,standard,distilbert,123.0,validation,global,missing,Chưa có run full/protocol/kết quả hợp lệ,D:\DoAn\Đồ án NLP\goemotions-multilabel-classification\data\processed\transformers\distilbert\seed_123\full\standard\final_protocol.json,True,16,grief,77,,,,,,,,,
C,standard,distilbert,123.0,validation,global,missing,Chưa có run full/protocol/kết quả hợp lệ,D:\DoAn\Đồ án NLP\goemotions-multilabel-classification\data\processed\transformers\distilbert\seed_123\full\standard\final_protocol.json,True,17,joy,1452,,,,,,,,,
C,standard,distilbert,123.0,validation,global,missing,Chưa có run full/protocol/kết quả hợp lệ,D:\DoAn\Đồ án NLP\goemotions-multilabel-classification\data\processed\transformers\distilbert\seed_123\full\standard\final_protocol.json,True,18,love,2086,,,,,,,,,
C,standard,distilbert,123.0,validation,global,missing,Chưa có run full/protocol/kết quả hợp lệ,D:\DoAn\Đồ án NLP\goemotions-multilabel-classification\data\processed\transformers\distilbert\seed_123\full\standard\final_protocol.json,True,19,nervousness,164,,,,,,,,,
C,standard,distilbert,123.0,validation,global,missing,Chưa có run full/protocol/kết quả hợp lệ,D:\DoAn\Đồ án NLP\goemotions-multilabel-classification\data\processed\transformers\distilbert\seed_123\full\standard\final_protocol.json,True,20,optimism,1581,,,,,,,,,
C,standard,distilbert,123.0,validation,global,missing,Chưa có run full/protocol/kết quả hợp lệ,D:\DoAn\Đồ án NLP\goemotions-multilabel-classification\data\processed\transformers\distilbert\seed_123\full\standard\final_protocol.json,True,21,pride,111,,,,,,,,,
C,standard,distilbert,123.0,validation,global,missing,Chưa có run full/protocol/kết quả hợp lệ,D:\DoAn\Đồ án NLP\goemotions-multilabel-classification\data\processed\transformers\distilbert\seed_123\full\standard\final_protocol.json,True,22,realization,1110,,,,,,,,,
C,standard,distilbert,123.0,validation,global,missing,Chưa có run full/protocol/kết quả hợp lệ,D:\DoAn\Đồ án NLP\goemotions-multilabel-classification\data\processed\transformers\distilbert\seed_123\full\standard\final_protocol.json,True,23,relief,153,,,,,,,,,
C,standard,distilbert,123.0,validation,global,missing,Chưa có run full/protocol/kết quả hợp lệ,D:\DoAn\Đồ án NLP\goemotions-multilabel-classification\data\processed\transformers\distilbert\seed_123\full\standard\final_protocol.json,True,24,remorse,545,,,,,,,,,
C,standard,distilbert,123.0,validation,global,missing,Chưa có run full/protocol/kết quả hợp lệ,D:\DoAn\Đồ án NLP\goemotions-multilabel-classification\data\processed\transformers\distilbert\seed_123\full\standard\final_protocol.json,True,25,sadness,1326,,,,,,,,,
C,standard,distilbert,123.0,validation,global,missing,Chưa có run full/protocol/kết quả hợp lệ,D:\DoAn\Đồ án NLP\goemotions-multilabel-classification\data\processed\transformers\distilbert\seed_123\full\standard\final_protocol.json,True,26,surprise,1060,,,,,,,,,
C,standard,distilbert,123.0,validation,global,missing,Chưa có run full/protocol/kết quả hợp lệ,D:\DoAn\Đồ án NLP\goemotions-multilabel-classification\data\processed\transformers\distilbert\seed_123\full\standard\final_protocol.json,True,27,neutral,14219,,,,,,,,,
C,standard,distilbert,123.0,validation,tuned,missing,Chưa có run full/protocol/kết quả hợp lệ,D:\DoAn\Đồ án NLP\goemotions-multilabel-classification\data\processed\transformers\distilbert\seed_123\full\standard\final_protocol.json,True,0,admiration,4130,,,,,,,,,
C,standard,distilbert,123.0,validation,tuned,missing,Chưa có run full/protocol/kết quả hợp lệ,D:\DoAn\Đồ án NLP\goemotions-multilabel-classification\data\processed\transformers\distilbert\seed_123\full\standard\final_protocol.json,True,1,amusement,2328,,,,,,,,,
C,standard,distilbert,123.0,validation,tuned,missing,Chưa có run full/protocol/kết quả hợp lệ,D:\DoAn\Đồ án NLP\goemotions-multilabel-classification\data\processed\transformers\distilbert\seed_123\full\standard\final_protocol.json,True,2,anger,1567,,,,,,,,,
C,standard,distilbert,123.0,validation,tuned,missing,Chưa có run full/protocol/kết quả hợp lệ,D:\DoAn\Đồ án NLP\goemotions-multilabel-classification\data\processed\transformers\distilbert\seed_123\full\standard\final_protocol.json,True,3,annoyance,2470,,,,,,,,,
C,standard,distilbert,123.0,validation,tuned,missing,Chưa có run full/protocol/kết quả hợp lệ,D:\DoAn\Đồ án NLP\goemotions-multilabel-classification\data\processed\transformers\distilbert\seed_123\full\standard\final_protocol.json,True,4,approval,2939,,,,,,,,,
C,standard,distilbert,123.0,validation,tuned,missing,Chưa có run full/protocol/kết quả hợp lệ,D:\DoAn\Đồ án NLP\goemotions-multilabel-classification\data\processed\transformers\distilbert\seed_123\full\standard\final_protocol.json,True,5,caring,1087,,,,,,,,,
C,standard,distilbert,123.0,validation,tuned,missing,Chưa có run full/protocol/kết quả hợp lệ,D:\DoAn\Đồ án NLP\goemotions-multilabel-classification\data\processed\transformers\distilbert\seed_123\full\standard\final_protocol.json,True,6,confusion,1368,,,,,,,,,
C,standard,distilbert,123.0,validation,tuned,missing,Chưa có run full/protocol/kết quả hợp lệ,D:\DoAn\Đồ án NLP\goemotions-multilabel-classification\data\processed\transformers\distilbert\seed_123\full\standard\final_protocol.json,True,7,curiosity,2191,,,,,,,,,
C,standard,distilbert,123.0,validation,tuned,missing,Chưa có run full/protocol/kết quả hợp lệ,D:\DoAn\Đồ án NLP\goemotions-multilabel-classification\data\processed\transformers\distilbert\seed_123\full\standard\final_protocol.json,True,8,desire,641,,,,,,,,,
C,standard,distilbert,123.0,validation,tuned,missing,Chưa có run full/protocol/kết quả hợp lệ,D:\DoAn\Đồ án NLP\goemotions-multilabel-classification\data\processed\transformers\distilbert\seed_123\full\standard\final_protocol.json,True,9,disappointment,1269,,,,,,,,,
C,standard,distilbert,123.0,validation,tuned,missing,Chưa có run full/protocol/kết quả hợp lệ,D:\DoAn\Đồ án NLP\goemotions-multilabel-classification\data\processed\transformers\distilbert\seed_123\full\standard\final_protocol.json,True,10,disapproval,2022,,,,,,,,,
C,standard,distilbert,123.0,validation,tuned,missing,Chưa có run full/protocol/kết quả hợp lệ,D:\DoAn\Đồ án NLP\goemotions-multilabel-classification\data\processed\transformers\distilbert\seed_123\full\standard\final_protocol.json,True,11,disgust,793,,,,,,,,,
C,standard,distilbert,123.0,validation,tuned,missing,Chưa có run full/protocol/kết quả hợp lệ,D:\DoAn\Đồ án NLP\goemotions-multilabel-classification\data\processed\transformers\distilbert\seed_123\full\standard\final_protocol.json,True,12,embarrassment,303,,,,,,,,,
C,standard,distilbert,123.0,validation,tuned,missing,Chưa có run full/protocol/kết quả hợp lệ,D:\DoAn\Đồ án NLP\goemotions-multilabel-classification\data\processed\transformers\distilbert\seed_123\full\standard\final_protocol.json,True,13,excitement,853,,,,,,,,,
C,standard,distilbert,123.0,validation,tuned,missing,Chưa có run full/protocol/kết quả hợp lệ,D:\DoAn\Đồ án NLP\goemotions-multilabel-classification\data\processed\transformers\distilbert\seed_123\full\standard\final_protocol.json,True,14,fear,596,,,,,,,,,
C,standard,distilbert,123.0,validation,tuned,missing,Chưa có run full/protocol/kết quả hợp lệ,D:\DoAn\Đồ án NLP\goemotions-multilabel-classification\data\processed\transformers\distilbert\seed_123\full\standard\final_protocol.json,True,15,gratitude,2662,,,,,,,,,
C,standard,distilbert,123.0,validation,tuned,missing,Chưa có run full/protocol/kết quả hợp lệ,D:\DoAn\Đồ án NLP\goemotions-multilabel-classification\data\processed\transformers\distilbert\seed_123\full\standard\final_protocol.json,True,16,grief,77,,,,,,,,,
C,standard,distilbert,123.0,validation,tuned,missing,Chưa có run full/protocol/kết quả hợp lệ,D:\DoAn\Đồ án NLP\goemotions-multilabel-classification\data\processed\transformers\distilbert\seed_123\full\standard\final_protocol.json,True,17,joy,1452,,,,,,,,,
C,standard,distilbert,123.0,validation,tuned,missing,Chưa có run full/protocol/kết quả hợp lệ,D:\DoAn\Đồ án NLP\goemotions-multilabel-classification\data\processed\transformers\distilbert\seed_123\full\standard\final_protocol.json,True,18,love,2086,,,,,,,,,
C,standard,distilbert,123.0,validation,tuned,missing,Chưa có run full/protocol/kết quả hợp lệ,D:\DoAn\Đồ án NLP\goemotions-multilabel-classification\data\processed\transformers\distilbert\seed_123\full\standard\final_protocol.json,True,19,nervousness,164,,,,,,,,,
C,standard,distilbert,123.0,validation,tuned,missing,Chưa có run full/protocol/kết quả hợp lệ,D:\DoAn\Đồ án NLP\goemotions-multilabel-classification\data\processed\transformers\distilbert\seed_123\full\standard\final_protocol.json,True,20,optimism,1581,,,,,,,,,
C,standard,distilbert,123.0,validation,tuned,missing,Chưa có run full/protocol/kết quả hợp lệ,D:\DoAn\Đồ án NLP\goemotions-multilabel-classification\data\processed\transformers\distilbert\seed_123\full\standard\final_protocol.json,True,21,pride,111,,,,,,,,,
C,standard,distilbert,123.0,validation,tuned,missing,Chưa có run full/protocol/kết quả hợp lệ,D:\DoAn\Đồ án NLP\goemotions-multilabel-classification\data\processed\transformers\distilbert\seed_123\full\standard\final_protocol.json,True,22,realization,1110,,,,,,,,,
C,standard,distilbert,123.0,validation,tuned,missing,Chưa có run full/protocol/kết quả hợp lệ,D:\DoAn\Đồ án NLP\goemotions-multilabel-classification\data\processed\transformers\distilbert\seed_123\full\standard\final_protocol.json,True,23,relief,153,,,,,,,,,
C,standard,distilbert,123.0,validation,tuned,missing,Chưa có run full/protocol/kết quả hợp lệ,D:\DoAn\Đồ án NLP\goemotions-multilabel-classification\data\processed\transformers\distilbert\seed_123\full\standard\final_protocol.json,True,24,remorse,545,,,,,,,,,
C,standard,distilbert,123.0,validation,tuned,missing,Chưa có run full/protocol/kết quả hợp lệ,D:\DoAn\Đồ án NLP\goemotions-multilabel-classification\data\processed\transformers\distilbert\seed_123\full\standard\final_protocol.json,True,25,sadness,1326,,,,,,,,,
C,standard,distilbert,123.0,validation,tuned,missing,Chưa có run full/protocol/kết quả hợp lệ,D:\DoAn\Đồ án NLP\goemotions-multilabel-classification\data\processed\transformers\distilbert\seed_123\full\standard\final_protocol.json,True,26,surprise,1060,,,,,,,,,
C,standard,distilbert,123.0,validation,tuned,missing,Chưa có run full/protocol/kết quả hợp lệ,D:\DoAn\Đồ án NLP\goemotions-multilabel-classification\data\processed\transformers\distilbert\seed_123\full\standard\final_protocol.json,True,27,neutral,14219,,,,,,,,,
C,standard,distilbert,123.0,test,fixed,missing,Chưa có run full/protocol/kết quả hợp lệ,D:\DoAn\Đồ án NLP\goemotions-multilabel-classification\data\processed\transformers\distilbert\seed_123\full\standard\test_results.json,False,0,admiration,4130,,,,,,,,,
C,standard,distilbert,123.0,test,fixed,missing,Chưa có run full/protocol/kết quả hợp lệ,D:\DoAn\Đồ án NLP\goemotions-multilabel-classification\data\processed\transformers\distilbert\seed_123\full\standard\test_results.json,False,1,amusement,2328,,,,,,,,,
C,standard,distilbert,123.0,test,fixed,missing,Chưa có run full/protocol/kết quả hợp lệ,D:\DoAn\Đồ án NLP\goemotions-multilabel-classification\data\processed\transformers\distilbert\seed_123\full\standard\test_results.json,False,2,anger,1567,,,,,,,,,
C,standard,distilbert,123.0,test,fixed,missing,Chưa có run full/protocol/kết quả hợp lệ,D:\DoAn\Đồ án NLP\goemotions-multilabel-classification\data\processed\transformers\distilbert\seed_123\full\standard\test_results.json,False,3,annoyance,2470,,,,,,,,,
C,standard,distilbert,123.0,test,fixed,missing,Chưa có run full/protocol/kết quả hợp lệ,D:\DoAn\Đồ án NLP\goemotions-multilabel-classification\data\processed\transformers\distilbert\seed_123\full\standard\test_results.json,False,4,approval,2939,,,,,,,,,
C,standard,distilbert,123.0,test,fixed,missing,Chưa có run full/protocol/kết quả hợp lệ,D:\DoAn\Đồ án NLP\goemotions-multilabel-classification\data\processed\transformers\distilbert\seed_123\full\standard\test_results.json,False,5,caring,1087,,,,,,,,,
C,standard,distilbert,123.0,test,fixed,missing,Chưa có run full/protocol/kết quả hợp lệ,D:\DoAn\Đồ án NLP\goemotions-multilabel-classification\data\processed\transformers\distilbert\seed_123\full\standard\test_results.json,False,6,confusion,1368,,,,,,,,,
C,standard,distilbert,123.0,test,fixed,missing,Chưa có run full/protocol/kết quả hợp lệ,D:\DoAn\Đồ án NLP\goemotions-multilabel-classification\data\processed\transformers\distilbert\seed_123\full\standard\test_results.json,False,7,curiosity,2191,,,,,,,,,
C,standard,distilbert,123.0,test,fixed,missing,Chưa có run full/protocol/kết quả hợp lệ,D:\DoAn\Đồ án NLP\goemotions-multilabel-classification\data\processed\transformers\distilbert\seed_123\full\standard\test_results.json,False,8,desire,641,,,,,,,,,
C,standard,distilbert,123.0,test,fixed,missing,Chưa có run full/protocol/kết quả hợp lệ,D:\DoAn\Đồ án NLP\goemotions-multilabel-classification\data\processed\transformers\distilbert\seed_123\full\standard\test_results.json,False,9,disappointment,1269,,,,,,,,,
C,standard,distilbert,123.0,test,fixed,missing,Chưa có run full/protocol/kết quả hợp lệ,D:\DoAn\Đồ án NLP\goemotions-multilabel-classification\data\processed\transformers\distilbert\seed_123\full\standard\test_results.json,False,10,disapproval,2022,,,,,,,,,
C,standard,distilbert,123.0,test,fixed,missing,Chưa có run full/protocol/kết quả hợp lệ,D:\DoAn\Đồ án NLP\goemotions-multilabel-classification\data\processed\transformers\distilbert\seed_123\full\standard\test_results.json,False,11,disgust,793,,,,,,,,,
C,standard,distilbert,123.0,test,fixed,missing,Chưa có run full/protocol/kết quả hợp lệ,D:\DoAn\Đồ án NLP\goemotions-multilabel-classification\data\processed\transformers\distilbert\seed_123\full\standard\test_results.json,False,12,embarrassment,303,,,,,,,,,
C,standard,distilbert,123.0,test,fixed,missing,Chưa có run full/protocol/kết quả hợp lệ,D:\DoAn\Đồ án NLP\goemotions-multilabel-classification\data\processed\transformers\distilbert\seed_123\full\standard\test_results.json,False,13,excitement,853,,,,,,,,,
C,standard,distilbert,123.0,test,fixed,missing,Chưa có run full/protocol/kết quả hợp lệ,D:\DoAn\Đồ án NLP\goemotions-multilabel-classification\data\processed\transformers\distilbert\seed_123\full\standard\test_results.json,False,14,fear,596,,,,,,,,,
C,standard,distilbert,123.0,test,fixed,missing,Chưa có run full/protocol/kết quả hợp lệ,D:\DoAn\Đồ án NLP\goemotions-multilabel-classification\data\processed\transformers\distilbert\seed_123\full\standard\test_results.json,False,15,gratitude,2662,,,,,,,,,
C,standard,distilbert,123.0,test,fixed,missing,Chưa có run full/protocol/kết quả hợp lệ,D:\DoAn\Đồ án NLP\goemotions-multilabel-classification\data\processed\transformers\distilbert\seed_123\full\standard\test_results.json,False,16,grief,77,,,,,,,,,
C,standard,distilbert,123.0,test,fixed,missing,Chưa có run full/protocol/kết quả hợp lệ,D:\DoAn\Đồ án NLP\goemotions-multilabel-classification\data\processed\transformers\distilbert\seed_123\full\standard\test_results.json,False,17,joy,1452,,,,,,,,,
C,standard,distilbert,123.0,test,fixed,missing,Chưa có run full/protocol/kết quả hợp lệ,D:\DoAn\Đồ án NLP\goemotions-multilabel-classification\data\processed\transformers\distilbert\seed_123\full\standard\test_results.json,False,18,love,2086,,,,,,,,,
C,standard,distilbert,123.0,test,fixed,missing,Chưa có run full/protocol/kết quả hợp lệ,D:\DoAn\Đồ án NLP\goemotions-multilabel-classification\data\processed\transformers\distilbert\seed_123\full\standard\test_results.json,False,19,nervousness,164,,,,,,,,,
C,standard,distilbert,123.0,test,fixed,missing,Chưa có run full/protocol/kết quả hợp lệ,D:\DoAn\Đồ án NLP\goemotions-multilabel-classification\data\processed\transformers\distilbert\seed_123\full\standard\test_results.json,False,20,optimism,1581,,,,,,,,,
C,standard,distilbert,123.0,test,fixed,missing,Chưa có run full/protocol/kết quả hợp lệ,D:\DoAn\Đồ án NLP\goemotions-multilabel-classification\data\processed\transformers\distilbert\seed_123\full\standard\test_results.json,False,21,pride,111,,,,,,,,,
C,standard,distilbert,123.0,test,fixed,missing,Chưa có run full/protocol/kết quả hợp lệ,D:\DoAn\Đồ án NLP\goemotions-multilabel-classification\data\processed\transformers\distilbert\seed_123\full\standard\test_results.json,False,22,realization,1110,,,,,,,,,
C,standard,distilbert,123.0,test,fixed,missing,Chưa có run full/protocol/kết quả hợp lệ,D:\DoAn\Đồ án NLP\goemotions-multilabel-classification\data\processed\transformers\distilbert\seed_123\full\standard\test_results.json,False,23,relief,153,,,,,,,,,
C,standard,distilbert,123.0,test,fixed,missing,Chưa có run full/protocol/kết quả hợp lệ,D:\DoAn\Đồ án NLP\goemotions-multilabel-classification\data\processed\transformers\distilbert\seed_123\full\standard\test_results.json,False,24,remorse,545,,,,,,,,,
C,standard,distilbert,123.0,test,fixed,missing,Chưa có run full/protocol/kết quả hợp lệ,D:\DoAn\Đồ án NLP\goemotions-multilabel-classification\data\processed\transformers\distilbert\seed_123\full\standard\test_results.json,False,25,sadness,1326,,,,,,,,,
C,standard,distilbert,123.0,test,fixed,missing,Chưa có run full/protocol/kết quả hợp lệ,D:\DoAn\Đồ án NLP\goemotions-multilabel-classification\data\processed\transformers\distilbert\seed_123\full\standard\test_results.json,False,26,surprise,1060,,,,,,,,,
C,standard,distilbert,123.0,test,fixed,missing,Chưa có run full/protocol/kết quả hợp lệ,D:\DoAn\Đồ án NLP\goemotions-multilabel-classification\data\processed\transformers\distilbert\seed_123\full\standard\test_results.json,False,27,neutral,14219,,,,,,,,,
C,standard,distilbert,123.0,test,global,missing,Chưa có run full/protocol/kết quả hợp lệ,D:\DoAn\Đồ án NLP\goemotions-multilabel-classification\data\processed\transformers\distilbert\seed_123\full\standard\test_results.json,False,0,admiration,4130,,,,,,,,,
C,standard,distilbert,123.0,test,global,missing,Chưa có run full/protocol/kết quả hợp lệ,D:\DoAn\Đồ án NLP\goemotions-multilabel-classification\data\processed\transformers\distilbert\seed_123\full\standard\test_results.json,False,1,amusement,2328,,,,,,,,,
C,standard,distilbert,123.0,test,global,missing,Chưa có run full/protocol/kết quả hợp lệ,D:\DoAn\Đồ án NLP\goemotions-multilabel-classification\data\processed\transformers\distilbert\seed_123\full\standard\test_results.json,False,2,anger,1567,,,,,,,,,
C,standard,distilbert,123.0,test,global,missing,Chưa có run full/protocol/kết quả hợp lệ,D:\DoAn\Đồ án NLP\goemotions-multilabel-classification\data\processed\transformers\distilbert\seed_123\full\standard\test_results.json,False,3,annoyance,2470,,,,,,,,,
C,standard,distilbert,123.0,test,global,missing,Chưa có run full/protocol/kết quả hợp lệ,D:\DoAn\Đồ án NLP\goemotions-multilabel-classification\data\processed\transformers\distilbert\seed_123\full\standard\test_results.json,False,4,approval,2939,,,,,,,,,
C,standard,distilbert,123.0,test,global,missing,Chưa có run full/protocol/kết quả hợp lệ,D:\DoAn\Đồ án NLP\goemotions-multilabel-classification\data\processed\transformers\distilbert\seed_123\full\standard\test_results.json,False,5,caring,1087,,,,,,,,,
C,standard,distilbert,123.0,test,global,missing,Chưa có run full/protocol/kết quả hợp lệ,D:\DoAn\Đồ án NLP\goemotions-multilabel-classification\data\processed\transformers\distilbert\seed_123\full\standard\test_results.json,False,6,confusion,1368,,,,,,,,,
C,standard,distilbert,123.0,test,global,missing,Chưa có run full/protocol/kết quả hợp lệ,D:\DoAn\Đồ án NLP\goemotions-multilabel-classification\data\processed\transformers\distilbert\seed_123\full\standard\test_results.json,False,7,curiosity,2191,,,,,,,,,
C,standard,distilbert,123.0,test,global,missing,Chưa có run full/protocol/kết quả hợp lệ,D:\DoAn\Đồ án NLP\goemotions-multilabel-classification\data\processed\transformers\distilbert\seed_123\full\standard\test_results.json,False,8,desire,641,,,,,,,,,
C,standard,distilbert,123.0,test,global,missing,Chưa có run full/protocol/kết quả hợp lệ,D:\DoAn\Đồ án NLP\goemotions-multilabel-classification\data\processed\transformers\distilbert\seed_123\full\standard\test_results.json,False,9,disappointment,1269,,,,,,,,,
C,standard,distilbert,123.0,test,global,missing,Chưa có run full/protocol/kết quả hợp lệ,D:\DoAn\Đồ án NLP\goemotions-multilabel-classification\data\processed\transformers\distilbert\seed_123\full\standard\test_results.json,False,10,disapproval,2022,,,,,,,,,
C,standard,distilbert,123.0,test,global,missing,Chưa có run full/protocol/kết quả hợp lệ,D:\DoAn\Đồ án NLP\goemotions-multilabel-classification\data\processed\transformers\distilbert\seed_123\full\standard\test_results.json,False,11,disgust,793,,,,,,,,,
C,standard,distilbert,123.0,test,global,missing,Chưa có run full/protocol/kết quả hợp lệ,D:\DoAn\Đồ án NLP\goemotions-multilabel-classification\data\processed\transformers\distilbert\seed_123\full\standard\test_results.json,False,12,embarrassment,303,,,,,,,,,
C,standard,distilbert,123.0,test,global,missing,Chưa có run full/protocol/kết quả hợp lệ,D:\DoAn\Đồ án NLP\goemotions-multilabel-classification\data\processed\transformers\distilbert\seed_123\full\standard\test_results.json,False,13,excitement,853,,,,,,,,,
C,standard,distilbert,123.0,test,global,missing,Chưa có run full/protocol/kết quả hợp lệ,D:\DoAn\Đồ án NLP\goemotions-multilabel-classification\data\processed\transformers\distilbert\seed_123\full\standard\test_results.json,False,14,fear,596,,,,,,,,,
C,standard,distilbert,123.0,test,global,missing,Chưa có run full/protocol/kết quả hợp lệ,D:\DoAn\Đồ án NLP\goemotions-multilabel-classification\data\processed\transformers\distilbert\seed_123\full\standard\test_results.json,False,15,gratitude,2662,,,,,,,,,
C,standard,distilbert,123.0,test,global,missing,Chưa có run full/protocol/kết quả hợp lệ,D:\DoAn\Đồ án NLP\goemotions-multilabel-classification\data\processed\transformers\distilbert\seed_123\full\standard\test_results.json,False,16,grief,77,,,,,,,,,
C,standard,distilbert,123.0,test,global,missing,Chưa có run full/protocol/kết quả hợp lệ,D:\DoAn\Đồ án NLP\goemotions-multilabel-classification\data\processed\transformers\distilbert\seed_123\full\standard\test_results.json,False,17,joy,1452,,,,,,,,,
C,standard,distilbert,123.0,test,global,missing,Chưa có run full/protocol/kết quả hợp lệ,D:\DoAn\Đồ án NLP\goemotions-multilabel-classification\data\processed\transformers\distilbert\seed_123\full\standard\test_results.json,False,18,love,2086,,,,,,,,,
C,standard,distilbert,123.0,test,global,missing,Chưa có run full/protocol/kết quả hợp lệ,D:\DoAn\Đồ án NLP\goemotions-multilabel-classification\data\processed\transformers\distilbert\seed_123\full\standard\test_results.json,False,19,nervousness,164,,,,,,,,,
C,standard,distilbert,123.0,test,global,missing,Chưa có run full/protocol/kết quả hợp lệ,D:\DoAn\Đồ án NLP\goemotions-multilabel-classification\data\processed\transformers\distilbert\seed_123\full\standard\test_results.json,False,20,optimism,1581,,,,,,,,,
C,standard,distilbert,123.0,test,global,missing,Chưa có run full/protocol/kết quả hợp lệ,D:\DoAn\Đồ án NLP\goemotions-multilabel-classification\data\processed\transformers\distilbert\seed_123\full\standard\test_results.json,False,21,pride,111,,,,,,,,,
C,standard,distilbert,123.0,test,global,missing,Chưa có run full/protocol/kết quả hợp lệ,D:\DoAn\Đồ án NLP\goemotions-multilabel-classification\data\processed\transformers\distilbert\seed_123\full\standard\test_results.json,False,22,realization,1110,,,,,,,,,
C,standard,distilbert,123.0,test,global,missing,Chưa có run full/protocol/kết quả hợp lệ,D:\DoAn\Đồ án NLP\goemotions-multilabel-classification\data\processed\transformers\distilbert\seed_123\full\standard\test_results.json,False,23,relief,153,,,,,,,,,
C,standard,distilbert,123.0,test,global,missing,Chưa có run full/protocol/kết quả hợp lệ,D:\DoAn\Đồ án NLP\goemotions-multilabel-classification\data\processed\transformers\distilbert\seed_123\full\standard\test_results.json,False,24,remorse,545,,,,,,,,,
C,standard,distilbert,123.0,test,global,missing,Chưa có run full/protocol/kết quả hợp lệ,D:\DoAn\Đồ án NLP\goemotions-multilabel-classification\data\processed\transformers\distilbert\seed_123\full\standard\test_results.json,False,25,sadness,1326,,,,,,,,,
C,standard,distilbert,123.0,test,global,missing,Chưa có run full/protocol/kết quả hợp lệ,D:\DoAn\Đồ án NLP\goemotions-multilabel-classification\data\processed\transformers\distilbert\seed_123\full\standard\test_results.json,False,26,surprise,1060,,,,,,,,,
C,standard,distilbert,123.0,test,global,missing,Chưa có run full/protocol/kết quả hợp lệ,D:\DoAn\Đồ án NLP\goemotions-multilabel-classification\data\processed\transformers\distilbert\seed_123\full\standard\test_results.json,False,27,neutral,14219,,,,,,,,,
C,standard,distilbert,123.0,test,tuned,missing,Chưa có run full/protocol/kết quả hợp lệ,D:\DoAn\Đồ án NLP\goemotions-multilabel-classification\data\processed\transformers\distilbert\seed_123\full\standard\test_results.json,False,0,admiration,4130,,,,,,,,,
C,standard,distilbert,123.0,test,tuned,missing,Chưa có run full/protocol/kết quả hợp lệ,D:\DoAn\Đồ án NLP\goemotions-multilabel-classification\data\processed\transformers\distilbert\seed_123\full\standard\test_results.json,False,1,amusement,2328,,,,,,,,,
C,standard,distilbert,123.0,test,tuned,missing,Chưa có run full/protocol/kết quả hợp lệ,D:\DoAn\Đồ án NLP\goemotions-multilabel-classification\data\processed\transformers\distilbert\seed_123\full\standard\test_results.json,False,2,anger,1567,,,,,,,,,
C,standard,distilbert,123.0,test,tuned,missing,Chưa có run full/protocol/kết quả hợp lệ,D:\DoAn\Đồ án NLP\goemotions-multilabel-classification\data\processed\transformers\distilbert\seed_123\full\standard\test_results.json,False,3,annoyance,2470,,,,,,,,,
C,standard,distilbert,123.0,test,tuned,missing,Chưa có run full/protocol/kết quả hợp lệ,D:\DoAn\Đồ án NLP\goemotions-multilabel-classification\data\processed\transformers\distilbert\seed_123\full\standard\test_results.json,False,4,approval,2939,,,,,,,,,
C,standard,distilbert,123.0,test,tuned,missing,Chưa có run full/protocol/kết quả hợp lệ,D:\DoAn\Đồ án NLP\goemotions-multilabel-classification\data\processed\transformers\distilbert\seed_123\full\standard\test_results.json,False,5,caring,1087,,,,,,,,,
C,standard,distilbert,123.0,test,tuned,missing,Chưa có run full/protocol/kết quả hợp lệ,D:\DoAn\Đồ án NLP\goemotions-multilabel-classification\data\processed\transformers\distilbert\seed_123\full\standard\test_results.json,False,6,confusion,1368,,,,,,,,,
C,standard,distilbert,123.0,test,tuned,missing,Chưa có run full/protocol/kết quả hợp lệ,D:\DoAn\Đồ án NLP\goemotions-multilabel-classification\data\processed\transformers\distilbert\seed_123\full\standard\test_results.json,False,7,curiosity,2191,,,,,,,,,
C,standard,distilbert,123.0,test,tuned,missing,Chưa có run full/protocol/kết quả hợp lệ,D:\DoAn\Đồ án NLP\goemotions-multilabel-classification\data\processed\transformers\distilbert\seed_123\full\standard\test_results.json,False,8,desire,641,,,,,,,,,
C,standard,distilbert,123.0,test,tuned,missing,Chưa có run full/protocol/kết quả hợp lệ,D:\DoAn\Đồ án NLP\goemotions-multilabel-classification\data\processed\transformers\distilbert\seed_123\full\standard\test_results.json,False,9,disappointment,1269,,,,,,,,,
C,standard,distilbert,123.0,test,tuned,missing,Chưa có run full/protocol/kết quả hợp lệ,D:\DoAn\Đồ án NLP\goemotions-multilabel-classification\data\processed\transformers\distilbert\seed_123\full\standard\test_results.json,False,10,disapproval,2022,,,,,,,,,
C,standard,distilbert,123.0,test,tuned,missing,Chưa có run full/protocol/kết quả hợp lệ,D:\DoAn\Đồ án NLP\goemotions-multilabel-classification\data\processed\transformers\distilbert\seed_123\full\standard\test_results.json,False,11,disgust,793,,,,,,,,,
C,standard,distilbert,123.0,test,tuned,missing,Chưa có run full/protocol/kết quả hợp lệ,D:\DoAn\Đồ án NLP\goemotions-multilabel-classification\data\processed\transformers\distilbert\seed_123\full\standard\test_results.json,False,12,embarrassment,303,,,,,,,,,
C,standard,distilbert,123.0,test,tuned,missing,Chưa có run full/protocol/kết quả hợp lệ,D:\DoAn\Đồ án NLP\goemotions-multilabel-classification\data\processed\transformers\distilbert\seed_123\full\standard\test_results.json,False,13,excitement,853,,,,,,,,,
C,standard,distilbert,123.0,test,tuned,missing,Chưa có run full/protocol/kết quả hợp lệ,D:\DoAn\Đồ án NLP\goemotions-multilabel-classification\data\processed\transformers\distilbert\seed_123\full\standard\test_results.json,False,14,fear,596,,,,,,,,,
C,standard,distilbert,123.0,test,tuned,missing,Chưa có run full/protocol/kết quả hợp lệ,D:\DoAn\Đồ án NLP\goemotions-multilabel-classification\data\processed\transformers\distilbert\seed_123\full\standard\test_results.json,False,15,gratitude,2662,,,,,,,,,
C,standard,distilbert,123.0,test,tuned,missing,Chưa có run full/protocol/kết quả hợp lệ,D:\DoAn\Đồ án NLP\goemotions-multilabel-classification\data\processed\transformers\distilbert\seed_123\full\standard\test_results.json,False,16,grief,77,,,,,,,,,
C,standard,distilbert,123.0,test,tuned,missing,Chưa có run full/protocol/kết quả hợp lệ,D:\DoAn\Đồ án NLP\goemotions-multilabel-classification\data\processed\transformers\distilbert\seed_123\full\standard\test_results.json,False,17,joy,1452,,,,,,,,,
C,standard,distilbert,123.0,test,tuned,missing,Chưa có run full/protocol/kết quả hợp lệ,D:\DoAn\Đồ án NLP\goemotions-multilabel-classification\data\processed\transformers\distilbert\seed_123\full\standard\test_results.json,False,18,love,2086,,,,,,,,,
C,standard,distilbert,123.0,test,tuned,missing,Chưa có run full/protocol/kết quả hợp lệ,D:\DoAn\Đồ án NLP\goemotions-multilabel-classification\data\processed\transformers\distilbert\seed_123\full\standard\test_results.json,False,19,nervousness,164,,,,,,,,,
C,standard,distilbert,123.0,test,tuned,missing,Chưa có run full/protocol/kết quả hợp lệ,D:\DoAn\Đồ án NLP\goemotions-multilabel-classification\data\processed\transformers\distilbert\seed_123\full\standard\test_results.json,False,20,optimism,1581,,,,,,,,,
C,standard,distilbert,123.0,test,tuned,missing,Chưa có run full/protocol/kết quả hợp lệ,D:\DoAn\Đồ án NLP\goemotions-multilabel-classification\data\processed\transformers\distilbert\seed_123\full\standard\test_results.json,False,21,pride,111,,,,,,,,,
C,standard,distilbert,123.0,test,tuned,missing,Chưa có run full/protocol/kết quả hợp lệ,D:\DoAn\Đồ án NLP\goemotions-multilabel-classification\data\processed\transformers\distilbert\seed_123\full\standard\test_results.json,False,22,realization,1110,,,,,,,,,
C,standard,distilbert,123.0,test,tuned,missing,Chưa có run full/protocol/kết quả hợp lệ,D:\DoAn\Đồ án NLP\goemotions-multilabel-classification\data\processed\transformers\distilbert\seed_123\full\standard\test_results.json,False,23,relief,153,,,,,,,,,
C,standard,distilbert,123.0,test,tuned,missing,Chưa có run full/protocol/kết quả hợp lệ,D:\DoAn\Đồ án NLP\goemotions-multilabel-classification\data\processed\transformers\distilbert\seed_123\full\standard\test_results.json,False,24,remorse,545,,,,,,,,,
C,standard,distilbert,123.0,test,tuned,missing,Chưa có run full/protocol/kết quả hợp lệ,D:\DoAn\Đồ án NLP\goemotions-multilabel-classification\data\processed\transformers\distilbert\seed_123\full\standard\test_results.json,False,25,sadness,1326,,,,,,,,,
C,standard,distilbert,123.0,test,tuned,missing,Chưa có run full/protocol/kết quả hợp lệ,D:\DoAn\Đồ án NLP\goemotions-multilabel-classification\data\processed\transformers\distilbert\seed_123\full\standard\test_results.json,False,26,surprise,1060,,,,,,,,,
C,standard,distilbert,123.0,test,tuned,missing,Chưa có run full/protocol/kết quả hợp lệ,D:\DoAn\Đồ án NLP\goemotions-multilabel-classification\data\processed\transformers\distilbert\seed_123\full\standard\test_results.json,False,27,neutral,14219,,,,,,,,,
C,standard,distilbert,2026.0,validation,fixed,missing,Chưa có run full/protocol/kết quả hợp lệ,D:\DoAn\Đồ án NLP\goemotions-multilabel-classification\data\processed\transformers\distilbert\seed_2026\full\standard\validation_metrics.json,False,0,admiration,4130,,,,,,,,,
C,standard,distilbert,2026.0,validation,fixed,missing,Chưa có run full/protocol/kết quả hợp lệ,D:\DoAn\Đồ án NLP\goemotions-multilabel-classification\data\processed\transformers\distilbert\seed_2026\full\standard\validation_metrics.json,False,1,amusement,2328,,,,,,,,,
C,standard,distilbert,2026.0,validation,fixed,missing,Chưa có run full/protocol/kết quả hợp lệ,D:\DoAn\Đồ án NLP\goemotions-multilabel-classification\data\processed\transformers\distilbert\seed_2026\full\standard\validation_metrics.json,False,2,anger,1567,,,,,,,,,
C,standard,distilbert,2026.0,validation,fixed,missing,Chưa có run full/protocol/kết quả hợp lệ,D:\DoAn\Đồ án NLP\goemotions-multilabel-classification\data\processed\transformers\distilbert\seed_2026\full\standard\validation_metrics.json,False,3,annoyance,2470,,,,,,,,,
C,standard,distilbert,2026.0,validation,fixed,missing,Chưa có run full/protocol/kết quả hợp lệ,D:\DoAn\Đồ án NLP\goemotions-multilabel-classification\data\processed\transformers\distilbert\seed_2026\full\standard\validation_metrics.json,False,4,approval,2939,,,,,,,,,
C,standard,distilbert,2026.0,validation,fixed,missing,Chưa có run full/protocol/kết quả hợp lệ,D:\DoAn\Đồ án NLP\goemotions-multilabel-classification\data\processed\transformers\distilbert\seed_2026\full\standard\validation_metrics.json,False,5,caring,1087,,,,,,,,,
C,standard,distilbert,2026.0,validation,fixed,missing,Chưa có run full/protocol/kết quả hợp lệ,D:\DoAn\Đồ án NLP\goemotions-multilabel-classification\data\processed\transformers\distilbert\seed_2026\full\standard\validation_metrics.json,False,6,confusion,1368,,,,,,,,,
C,standard,distilbert,2026.0,validation,fixed,missing,Chưa có run full/protocol/kết quả hợp lệ,D:\DoAn\Đồ án NLP\goemotions-multilabel-classification\data\processed\transformers\distilbert\seed_2026\full\standard\validation_metrics.json,False,7,curiosity,2191,,,,,,,,,
C,standard,distilbert,2026.0,validation,fixed,missing,Chưa có run full/protocol/kết quả hợp lệ,D:\DoAn\Đồ án NLP\goemotions-multilabel-classification\data\processed\transformers\distilbert\seed_2026\full\standard\validation_metrics.json,False,8,desire,641,,,,,,,,,
C,standard,distilbert,2026.0,validation,fixed,missing,Chưa có run full/protocol/kết quả hợp lệ,D:\DoAn\Đồ án NLP\goemotions-multilabel-classification\data\processed\transformers\distilbert\seed_2026\full\standard\validation_metrics.json,False,9,disappointment,1269,,,,,,,,,
C,standard,distilbert,2026.0,validation,fixed,missing,Chưa có run full/protocol/kết quả hợp lệ,D:\DoAn\Đồ án NLP\goemotions-multilabel-classification\data\processed\transformers\distilbert\seed_2026\full\standard\validation_metrics.json,False,10,disapproval,2022,,,,,,,,,
C,standard,distilbert,2026.0,validation,fixed,missing,Chưa có run full/protocol/kết quả hợp lệ,D:\DoAn\Đồ án NLP\goemotions-multilabel-classification\data\processed\transformers\distilbert\seed_2026\full\standard\validation_metrics.json,False,11,disgust,793,,,,,,,,,
C,standard,distilbert,2026.0,validation,fixed,missing,Chưa có run full/protocol/kết quả hợp lệ,D:\DoAn\Đồ án NLP\goemotions-multilabel-classification\data\processed\transformers\distilbert\seed_2026\full\standard\validation_metrics.json,False,12,embarrassment,303,,,,,,,,,
C,standard,distilbert,2026.0,validation,fixed,missing,Chưa có run full/protocol/kết quả hợp lệ,D:\DoAn\Đồ án NLP\goemotions-multilabel-classification\data\processed\transformers\distilbert\seed_2026\full\standard\validation_metrics.json,False,13,excitement,853,,,,,,,,,
C,standard,distilbert,2026.0,validation,fixed,missing,Chưa có run full/protocol/kết quả hợp lệ,D:\DoAn\Đồ án NLP\goemotions-multilabel-classification\data\processed\transformers\distilbert\seed_2026\full\standard\validation_metrics.json,False,14,fear,596,,,,,,,,,
C,standard,distilbert,2026.0,validation,fixed,missing,Chưa có run full/protocol/kết quả hợp lệ,D:\DoAn\Đồ án NLP\goemotions-multilabel-classification\data\processed\transformers\distilbert\seed_2026\full\standard\validation_metrics.json,False,15,gratitude,2662,,,,,,,,,
C,standard,distilbert,2026.0,validation,fixed,missing,Chưa có run full/protocol/kết quả hợp lệ,D:\DoAn\Đồ án NLP\goemotions-multilabel-classification\data\processed\transformers\distilbert\seed_2026\full\standard\validation_metrics.json,False,16,grief,77,,,,,,,,,
C,standard,distilbert,2026.0,validation,fixed,missing,Chưa có run full/protocol/kết quả hợp lệ,D:\DoAn\Đồ án NLP\goemotions-multilabel-classification\data\processed\transformers\distilbert\seed_2026\full\standard\validation_metrics.json,False,17,joy,1452,,,,,,,,,
C,standard,distilbert,2026.0,validation,fixed,missing,Chưa có run full/protocol/kết quả hợp lệ,D:\DoAn\Đồ án NLP\goemotions-multilabel-classification\data\processed\transformers\distilbert\seed_2026\full\standard\validation_metrics.json,False,18,love,2086,,,,,,,,,
C,standard,distilbert,2026.0,validation,fixed,missing,Chưa có run full/protocol/kết quả hợp lệ,D:\DoAn\Đồ án NLP\goemotions-multilabel-classification\data\processed\transformers\distilbert\seed_2026\full\standard\validation_metrics.json,False,19,nervousness,164,,,,,,,,,
C,standard,distilbert,2026.0,validation,fixed,missing,Chưa có run full/protocol/kết quả hợp lệ,D:\DoAn\Đồ án NLP\goemotions-multilabel-classification\data\processed\transformers\distilbert\seed_2026\full\standard\validation_metrics.json,False,20,optimism,1581,,,,,,,,,
C,standard,distilbert,2026.0,validation,fixed,missing,Chưa có run full/protocol/kết quả hợp lệ,D:\DoAn\Đồ án NLP\goemotions-multilabel-classification\data\processed\transformers\distilbert\seed_2026\full\standard\validation_metrics.json,False,21,pride,111,,,,,,,,,
C,standard,distilbert,2026.0,validation,fixed,missing,Chưa có run full/protocol/kết quả hợp lệ,D:\DoAn\Đồ án NLP\goemotions-multilabel-classification\data\processed\transformers\distilbert\seed_2026\full\standard\validation_metrics.json,False,22,realization,1110,,,,,,,,,
C,standard,distilbert,2026.0,validation,fixed,missing,Chưa có run full/protocol/kết quả hợp lệ,D:\DoAn\Đồ án NLP\goemotions-multilabel-classification\data\processed\transformers\distilbert\seed_2026\full\standard\validation_metrics.json,False,23,relief,153,,,,,,,,,
C,standard,distilbert,2026.0,validation,fixed,missing,Chưa có run full/protocol/kết quả hợp lệ,D:\DoAn\Đồ án NLP\goemotions-multilabel-classification\data\processed\transformers\distilbert\seed_2026\full\standard\validation_metrics.json,False,24,remorse,545,,,,,,,,,
C,standard,distilbert,2026.0,validation,fixed,missing,Chưa có run full/protocol/kết quả hợp lệ,D:\DoAn\Đồ án NLP\goemotions-multilabel-classification\data\processed\transformers\distilbert\seed_2026\full\standard\validation_metrics.json,False,25,sadness,1326,,,,,,,,,
C,standard,distilbert,2026.0,validation,fixed,missing,Chưa có run full/protocol/kết quả hợp lệ,D:\DoAn\Đồ án NLP\goemotions-multilabel-classification\data\processed\transformers\distilbert\seed_2026\full\standard\validation_metrics.json,False,26,surprise,1060,,,,,,,,,
C,standard,distilbert,2026.0,validation,fixed,missing,Chưa có run full/protocol/kết quả hợp lệ,D:\DoAn\Đồ án NLP\goemotions-multilabel-classification\data\processed\transformers\distilbert\seed_2026\full\standard\validation_metrics.json,False,27,neutral,14219,,,,,,,,,
C,standard,distilbert,2026.0,validation,global,missing,Chưa có run full/protocol/kết quả hợp lệ,D:\DoAn\Đồ án NLP\goemotions-multilabel-classification\data\processed\transformers\distilbert\seed_2026\full\standard\final_protocol.json,True,0,admiration,4130,,,,,,,,,
C,standard,distilbert,2026.0,validation,global,missing,Chưa có run full/protocol/kết quả hợp lệ,D:\DoAn\Đồ án NLP\goemotions-multilabel-classification\data\processed\transformers\distilbert\seed_2026\full\standard\final_protocol.json,True,1,amusement,2328,,,,,,,,,
C,standard,distilbert,2026.0,validation,global,missing,Chưa có run full/protocol/kết quả hợp lệ,D:\DoAn\Đồ án NLP\goemotions-multilabel-classification\data\processed\transformers\distilbert\seed_2026\full\standard\final_protocol.json,True,2,anger,1567,,,,,,,,,
C,standard,distilbert,2026.0,validation,global,missing,Chưa có run full/protocol/kết quả hợp lệ,D:\DoAn\Đồ án NLP\goemotions-multilabel-classification\data\processed\transformers\distilbert\seed_2026\full\standard\final_protocol.json,True,3,annoyance,2470,,,,,,,,,
C,standard,distilbert,2026.0,validation,global,missing,Chưa có run full/protocol/kết quả hợp lệ,D:\DoAn\Đồ án NLP\goemotions-multilabel-classification\data\processed\transformers\distilbert\seed_2026\full\standard\final_protocol.json,True,4,approval,2939,,,,,,,,,
C,standard,distilbert,2026.0,validation,global,missing,Chưa có run full/protocol/kết quả hợp lệ,D:\DoAn\Đồ án NLP\goemotions-multilabel-classification\data\processed\transformers\distilbert\seed_2026\full\standard\final_protocol.json,True,5,caring,1087,,,,,,,,,
C,standard,distilbert,2026.0,validation,global,missing,Chưa có run full/protocol/kết quả hợp lệ,D:\DoAn\Đồ án NLP\goemotions-multilabel-classification\data\processed\transformers\distilbert\seed_2026\full\standard\final_protocol.json,True,6,confusion,1368,,,,,,,,,
C,standard,distilbert,2026.0,validation,global,missing,Chưa có run full/protocol/kết quả hợp lệ,D:\DoAn\Đồ án NLP\goemotions-multilabel-classification\data\processed\transformers\distilbert\seed_2026\full\standard\final_protocol.json,True,7,curiosity,2191,,,,,,,,,
C,standard,distilbert,2026.0,validation,global,missing,Chưa có run full/protocol/kết quả hợp lệ,D:\DoAn\Đồ án NLP\goemotions-multilabel-classification\data\processed\transformers\distilbert\seed_2026\full\standard\final_protocol.json,True,8,desire,641,,,,,,,,,
C,standard,distilbert,2026.0,validation,global,missing,Chưa có run full/protocol/kết quả hợp lệ,D:\DoAn\Đồ án NLP\goemotions-multilabel-classification\data\processed\transformers\distilbert\seed_2026\full\standard\final_protocol.json,True,9,disappointment,1269,,,,,,,,,
C,standard,distilbert,2026.0,validation,global,missing,Chưa có run full/protocol/kết quả hợp lệ,D:\DoAn\Đồ án NLP\goemotions-multilabel-classification\data\processed\transformers\distilbert\seed_2026\full\standard\final_protocol.json,True,10,disapproval,2022,,,,,,,,,
C,standard,distilbert,2026.0,validation,global,missing,Chưa có run full/protocol/kết quả hợp lệ,D:\DoAn\Đồ án NLP\goemotions-multilabel-classification\data\processed\transformers\distilbert\seed_2026\full\standard\final_protocol.json,True,11,disgust,793,,,,,,,,,
C,standard,distilbert,2026.0,validation,global,missing,Chưa có run full/protocol/kết quả hợp lệ,D:\DoAn\Đồ án NLP\goemotions-multilabel-classification\data\processed\transformers\distilbert\seed_2026\full\standard\final_protocol.json,True,12,embarrassment,303,,,,,,,,,
C,standard,distilbert,2026.0,validation,global,missing,Chưa có run full/protocol/kết quả hợp lệ,D:\DoAn\Đồ án NLP\goemotions-multilabel-classification\data\processed\transformers\distilbert\seed_2026\full\standard\final_protocol.json,True,13,excitement,853,,,,,,,,,
C,standard,distilbert,2026.0,validation,global,missing,Chưa có run full/protocol/kết quả hợp lệ,D:\DoAn\Đồ án NLP\goemotions-multilabel-classification\data\processed\transformers\distilbert\seed_2026\full\standard\final_protocol.json,True,14,fear,596,,,,,,,,,
C,standard,distilbert,2026.0,validation,global,missing,Chưa có run full/protocol/kết quả hợp lệ,D:\DoAn\Đồ án NLP\goemotions-multilabel-classification\data\processed\transformers\distilbert\seed_2026\full\standard\final_protocol.json,True,15,gratitude,2662,,,,,,,,,
C,standard,distilbert,2026.0,validation,global,missing,Chưa có run full/protocol/kết quả hợp lệ,D:\DoAn\Đồ án NLP\goemotions-multilabel-classification\data\processed\transformers\distilbert\seed_2026\full\standard\final_protocol.json,True,16,grief,77,,,,,,,,,
C,standard,distilbert,2026.0,validation,global,missing,Chưa có run full/protocol/kết quả hợp lệ,D:\DoAn\Đồ án NLP\goemotions-multilabel-classification\data\processed\transformers\distilbert\seed_2026\full\standard\final_protocol.json,True,17,joy,1452,,,,,,,,,
C,standard,distilbert,2026.0,validation,global,missing,Chưa có run full/protocol/kết quả hợp lệ,D:\DoAn\Đồ án NLP\goemotions-multilabel-classification\data\processed\transformers\distilbert\seed_2026\full\standard\final_protocol.json,True,18,love,2086,,,,,,,,,
C,standard,distilbert,2026.0,validation,global,missing,Chưa có run full/protocol/kết quả hợp lệ,D:\DoAn\Đồ án NLP\goemotions-multilabel-classification\data\processed\transformers\distilbert\seed_2026\full\standard\final_protocol.json,True,19,nervousness,164,,,,,,,,,
C,standard,distilbert,2026.0,validation,global,missing,Chưa có run full/protocol/kết quả hợp lệ,D:\DoAn\Đồ án NLP\goemotions-multilabel-classification\data\processed\transformers\distilbert\seed_2026\full\standard\final_protocol.json,True,20,optimism,1581,,,,,,,,,
C,standard,distilbert,2026.0,validation,global,missing,Chưa có run full/protocol/kết quả hợp lệ,D:\DoAn\Đồ án NLP\goemotions-multilabel-classification\data\processed\transformers\distilbert\seed_2026\full\standard\final_protocol.json,True,21,pride,111,,,,,,,,,
C,standard,distilbert,2026.0,validation,global,missing,Chưa có run full/protocol/kết quả hợp lệ,D:\DoAn\Đồ án NLP\goemotions-multilabel-classification\data\processed\transformers\distilbert\seed_2026\full\standard\final_protocol.json,True,22,realization,1110,,,,,,,,,
C,standard,distilbert,2026.0,validation,global,missing,Chưa có run full/protocol/kết quả hợp lệ,D:\DoAn\Đồ án NLP\goemotions-multilabel-classification\data\processed\transformers\distilbert\seed_2026\full\standard\final_protocol.json,True,23,relief,153,,,,,,,,,
C,standard,distilbert,2026.0,validation,global,missing,Chưa có run full/protocol/kết quả hợp lệ,D:\DoAn\Đồ án NLP\goemotions-multilabel-classification\data\processed\transformers\distilbert\seed_2026\full\standard\final_protocol.json,True,24,remorse,545,,,,,,,,,
C,standard,distilbert,2026.0,validation,global,missing,Chưa có run full/protocol/kết quả hợp lệ,D:\DoAn\Đồ án NLP\goemotions-multilabel-classification\data\processed\transformers\distilbert\seed_2026\full\standard\final_protocol.json,True,25,sadness,1326,,,,,,,,,
C,standard,distilbert,2026.0,validation,global,missing,Chưa có run full/protocol/kết quả hợp lệ,D:\DoAn\Đồ án NLP\goemotions-multilabel-classification\data\processed\transformers\distilbert\seed_2026\full\standard\final_protocol.json,True,26,surprise,1060,,,,,,,,,
C,standard,distilbert,2026.0,validation,global,missing,Chưa có run full/protocol/kết quả hợp lệ,D:\DoAn\Đồ án NLP\goemotions-multilabel-classification\data\processed\transformers\distilbert\seed_2026\full\standard\final_protocol.json,True,27,neutral,14219,,,,,,,,,
C,standard,distilbert,2026.0,validation,tuned,missing,Chưa có run full/protocol/kết quả hợp lệ,D:\DoAn\Đồ án NLP\goemotions-multilabel-classification\data\processed\transformers\distilbert\seed_2026\full\standard\final_protocol.json,True,0,admiration,4130,,,,,,,,,
C,standard,distilbert,2026.0,validation,tuned,missing,Chưa có run full/protocol/kết quả hợp lệ,D:\DoAn\Đồ án NLP\goemotions-multilabel-classification\data\processed\transformers\distilbert\seed_2026\full\standard\final_protocol.json,True,1,amusement,2328,,,,,,,,,
C,standard,distilbert,2026.0,validation,tuned,missing,Chưa có run full/protocol/kết quả hợp lệ,D:\DoAn\Đồ án NLP\goemotions-multilabel-classification\data\processed\transformers\distilbert\seed_2026\full\standard\final_protocol.json,True,2,anger,1567,,,,,,,,,
C,standard,distilbert,2026.0,validation,tuned,missing,Chưa có run full/protocol/kết quả hợp lệ,D:\DoAn\Đồ án NLP\goemotions-multilabel-classification\data\processed\transformers\distilbert\seed_2026\full\standard\final_protocol.json,True,3,annoyance,2470,,,,,,,,,
C,standard,distilbert,2026.0,validation,tuned,missing,Chưa có run full/protocol/kết quả hợp lệ,D:\DoAn\Đồ án NLP\goemotions-multilabel-classification\data\processed\transformers\distilbert\seed_2026\full\standard\final_protocol.json,True,4,approval,2939,,,,,,,,,
C,standard,distilbert,2026.0,validation,tuned,missing,Chưa có run full/protocol/kết quả hợp lệ,D:\DoAn\Đồ án NLP\goemotions-multilabel-classification\data\processed\transformers\distilbert\seed_2026\full\standard\final_protocol.json,True,5,caring,1087,,,,,,,,,
C,standard,distilbert,2026.0,validation,tuned,missing,Chưa có run full/protocol/kết quả hợp lệ,D:\DoAn\Đồ án NLP\goemotions-multilabel-classification\data\processed\transformers\distilbert\seed_2026\full\standard\final_protocol.json,True,6,confusion,1368,,,,,,,,,
C,standard,distilbert,2026.0,validation,tuned,missing,Chưa có run full/protocol/kết quả hợp lệ,D:\DoAn\Đồ án NLP\goemotions-multilabel-classification\data\processed\transformers\distilbert\seed_2026\full\standard\final_protocol.json,True,7,curiosity,2191,,,,,,,,,
C,standard,distilbert,2026.0,validation,tuned,missing,Chưa có run full/protocol/kết quả hợp lệ,D:\DoAn\Đồ án NLP\goemotions-multilabel-classification\data\processed\transformers\distilbert\seed_2026\full\standard\final_protocol.json,True,8,desire,641,,,,,,,,,
C,standard,distilbert,2026.0,validation,tuned,missing,Chưa có run full/protocol/kết quả hợp lệ,D:\DoAn\Đồ án NLP\goemotions-multilabel-classification\data\processed\transformers\distilbert\seed_2026\full\standard\final_protocol.json,True,9,disappointment,1269,,,,,,,,,
C,standard,distilbert,2026.0,validation,tuned,missing,Chưa có run full/protocol/kết quả hợp lệ,D:\DoAn\Đồ án NLP\goemotions-multilabel-classification\data\processed\transformers\distilbert\seed_2026\full\standard\final_protocol.json,True,10,disapproval,2022,,,,,,,,,
C,standard,distilbert,2026.0,validation,tuned,missing,Chưa có run full/protocol/kết quả hợp lệ,D:\DoAn\Đồ án NLP\goemotions-multilabel-classification\data\processed\transformers\distilbert\seed_2026\full\standard\final_protocol.json,True,11,disgust,793,,,,,,,,,
C,standard,distilbert,2026.0,validation,tuned,missing,Chưa có run full/protocol/kết quả hợp lệ,D:\DoAn\Đồ án NLP\goemotions-multilabel-classification\data\processed\transformers\distilbert\seed_2026\full\standard\final_protocol.json,True,12,embarrassment,303,,,,,,,,,
C,standard,distilbert,2026.0,validation,tuned,missing,Chưa có run full/protocol/kết quả hợp lệ,D:\DoAn\Đồ án NLP\goemotions-multilabel-classification\data\processed\transformers\distilbert\seed_2026\full\standard\final_protocol.json,True,13,excitement,853,,,,,,,,,
C,standard,distilbert,2026.0,validation,tuned,missing,Chưa có run full/protocol/kết quả hợp lệ,D:\DoAn\Đồ án NLP\goemotions-multilabel-classification\data\processed\transformers\distilbert\seed_2026\full\standard\final_protocol.json,True,14,fear,596,,,,,,,,,
C,standard,distilbert,2026.0,validation,tuned,missing,Chưa có run full/protocol/kết quả hợp lệ,D:\DoAn\Đồ án NLP\goemotions-multilabel-classification\data\processed\transformers\distilbert\seed_2026\full\standard\final_protocol.json,True,15,gratitude,2662,,,,,,,,,
C,standard,distilbert,2026.0,validation,tuned,missing,Chưa có run full/protocol/kết quả hợp lệ,D:\DoAn\Đồ án NLP\goemotions-multilabel-classification\data\processed\transformers\distilbert\seed_2026\full\standard\final_protocol.json,True,16,grief,77,,,,,,,,,
C,standard,distilbert,2026.0,validation,tuned,missing,Chưa có run full/protocol/kết quả hợp lệ,D:\DoAn\Đồ án NLP\goemotions-multilabel-classification\data\processed\transformers\distilbert\seed_2026\full\standard\final_protocol.json,True,17,joy,1452,,,,,,,,,
C,standard,distilbert,2026.0,validation,tuned,missing,Chưa có run full/protocol/kết quả hợp lệ,D:\DoAn\Đồ án NLP\goemotions-multilabel-classification\data\processed\transformers\distilbert\seed_2026\full\standard\final_protocol.json,True,18,love,2086,,,,,,,,,
C,standard,distilbert,2026.0,validation,tuned,missing,Chưa có run full/protocol/kết quả hợp lệ,D:\DoAn\Đồ án NLP\goemotions-multilabel-classification\data\processed\transformers\distilbert\seed_2026\full\standard\final_protocol.json,True,19,nervousness,164,,,,,,,,,
C,standard,distilbert,2026.0,validation,tuned,missing,Chưa có run full/protocol/kết quả hợp lệ,D:\DoAn\Đồ án NLP\goemotions-multilabel-classification\data\processed\transformers\distilbert\seed_2026\full\standard\final_protocol.json,True,20,optimism,1581,,,,,,,,,
C,standard,distilbert,2026.0,validation,tuned,missing,Chưa có run full/protocol/kết quả hợp lệ,D:\DoAn\Đồ án NLP\goemotions-multilabel-classification\data\processed\transformers\distilbert\seed_2026\full\standard\final_protocol.json,True,21,pride,111,,,,,,,,,
C,standard,distilbert,2026.0,validation,tuned,missing,Chưa có run full/protocol/kết quả hợp lệ,D:\DoAn\Đồ án NLP\goemotions-multilabel-classification\data\processed\transformers\distilbert\seed_2026\full\standard\final_protocol.json,True,22,realization,1110,,,,,,,,,
C,standard,distilbert,2026.0,validation,tuned,missing,Chưa có run full/protocol/kết quả hợp lệ,D:\DoAn\Đồ án NLP\goemotions-multilabel-classification\data\processed\transformers\distilbert\seed_2026\full\standard\final_protocol.json,True,23,relief,153,,,,,,,,,
C,standard,distilbert,2026.0,validation,tuned,missing,Chưa có run full/protocol/kết quả hợp lệ,D:\DoAn\Đồ án NLP\goemotions-multilabel-classification\data\processed\transformers\distilbert\seed_2026\full\standard\final_protocol.json,True,24,remorse,545,,,,,,,,,
C,standard,distilbert,2026.0,validation,tuned,missing,Chưa có run full/protocol/kết quả hợp lệ,D:\DoAn\Đồ án NLP\goemotions-multilabel-classification\data\processed\transformers\distilbert\seed_2026\full\standard\final_protocol.json,True,25,sadness,1326,,,,,,,,,
C,standard,distilbert,2026.0,validation,tuned,missing,Chưa có run full/protocol/kết quả hợp lệ,D:\DoAn\Đồ án NLP\goemotions-multilabel-classification\data\processed\transformers\distilbert\seed_2026\full\standard\final_protocol.json,True,26,surprise,1060,,,,,,,,,
C,standard,distilbert,2026.0,validation,tuned,missing,Chưa có run full/protocol/kết quả hợp lệ,D:\DoAn\Đồ án NLP\goemotions-multilabel-classification\data\processed\transformers\distilbert\seed_2026\full\standard\final_protocol.json,True,27,neutral,14219,,,,,,,,,
C,standard,distilbert,2026.0,test,fixed,missing,Chưa có run full/protocol/kết quả hợp lệ,D:\DoAn\Đồ án NLP\goemotions-multilabel-classification\data\processed\transformers\distilbert\seed_2026\full\standard\test_results.json,False,0,admiration,4130,,,,,,,,,
C,standard,distilbert,2026.0,test,fixed,missing,Chưa có run full/protocol/kết quả hợp lệ,D:\DoAn\Đồ án NLP\goemotions-multilabel-classification\data\processed\transformers\distilbert\seed_2026\full\standard\test_results.json,False,1,amusement,2328,,,,,,,,,
C,standard,distilbert,2026.0,test,fixed,missing,Chưa có run full/protocol/kết quả hợp lệ,D:\DoAn\Đồ án NLP\goemotions-multilabel-classification\data\processed\transformers\distilbert\seed_2026\full\standard\test_results.json,False,2,anger,1567,,,,,,,,,
C,standard,distilbert,2026.0,test,fixed,missing,Chưa có run full/protocol/kết quả hợp lệ,D:\DoAn\Đồ án NLP\goemotions-multilabel-classification\data\processed\transformers\distilbert\seed_2026\full\standard\test_results.json,False,3,annoyance,2470,,,,,,,,,
C,standard,distilbert,2026.0,test,fixed,missing,Chưa có run full/protocol/kết quả hợp lệ,D:\DoAn\Đồ án NLP\goemotions-multilabel-classification\data\processed\transformers\distilbert\seed_2026\full\standard\test_results.json,False,4,approval,2939,,,,,,,,,
C,standard,distilbert,2026.0,test,fixed,missing,Chưa có run full/protocol/kết quả hợp lệ,D:\DoAn\Đồ án NLP\goemotions-multilabel-classification\data\processed\transformers\distilbert\seed_2026\full\standard\test_results.json,False,5,caring,1087,,,,,,,,,
C,standard,distilbert,2026.0,test,fixed,missing,Chưa có run full/protocol/kết quả hợp lệ,D:\DoAn\Đồ án NLP\goemotions-multilabel-classification\data\processed\transformers\distilbert\seed_2026\full\standard\test_results.json,False,6,confusion,1368,,,,,,,,,
C,standard,distilbert,2026.0,test,fixed,missing,Chưa có run full/protocol/kết quả hợp lệ,D:\DoAn\Đồ án NLP\goemotions-multilabel-classification\data\processed\transformers\distilbert\seed_2026\full\standard\test_results.json,False,7,curiosity,2191,,,,,,,,,
C,standard,distilbert,2026.0,test,fixed,missing,Chưa có run full/protocol/kết quả hợp lệ,D:\DoAn\Đồ án NLP\goemotions-multilabel-classification\data\processed\transformers\distilbert\seed_2026\full\standard\test_results.json,False,8,desire,641,,,,,,,,,
C,standard,distilbert,2026.0,test,fixed,missing,Chưa có run full/protocol/kết quả hợp lệ,D:\DoAn\Đồ án NLP\goemotions-multilabel-classification\data\processed\transformers\distilbert\seed_2026\full\standard\test_results.json,False,9,disappointment,1269,,,,,,,,,
C,standard,distilbert,2026.0,test,fixed,missing,Chưa có run full/protocol/kết quả hợp lệ,D:\DoAn\Đồ án NLP\goemotions-multilabel-classification\data\processed\transformers\distilbert\seed_2026\full\standard\test_results.json,False,10,disapproval,2022,,,,,,,,,
C,standard,distilbert,2026.0,test,fixed,missing,Chưa có run full/protocol/kết quả hợp lệ,D:\DoAn\Đồ án NLP\goemotions-multilabel-classification\data\processed\transformers\distilbert\seed_2026\full\standard\test_results.json,False,11,disgust,793,,,,,,,,,
C,standard,distilbert,2026.0,test,fixed,missing,Chưa có run full/protocol/kết quả hợp lệ,D:\DoAn\Đồ án NLP\goemotions-multilabel-classification\data\processed\transformers\distilbert\seed_2026\full\standard\test_results.json,False,12,embarrassment,303,,,,,,,,,
C,standard,distilbert,2026.0,test,fixed,missing,Chưa có run full/protocol/kết quả hợp lệ,D:\DoAn\Đồ án NLP\goemotions-multilabel-classification\data\processed\transformers\distilbert\seed_2026\full\standard\test_results.json,False,13,excitement,853,,,,,,,,,
C,standard,distilbert,2026.0,test,fixed,missing,Chưa có run full/protocol/kết quả hợp lệ,D:\DoAn\Đồ án NLP\goemotions-multilabel-classification\data\processed\transformers\distilbert\seed_2026\full\standard\test_results.json,False,14,fear,596,,,,,,,,,
C,standard,distilbert,2026.0,test,fixed,missing,Chưa có run full/protocol/kết quả hợp lệ,D:\DoAn\Đồ án NLP\goemotions-multilabel-classification\data\processed\transformers\distilbert\seed_2026\full\standard\test_results.json,False,15,gratitude,2662,,,,,,,,,
C,standard,distilbert,2026.0,test,fixed,missing,Chưa có run full/protocol/kết quả hợp lệ,D:\DoAn\Đồ án NLP\goemotions-multilabel-classification\data\processed\transformers\distilbert\seed_2026\full\standard\test_results.json,False,16,grief,77,,,,,,,,,
C,standard,distilbert,2026.0,test,fixed,missing,Chưa có run full/protocol/kết quả hợp lệ,D:\DoAn\Đồ án NLP\goemotions-multilabel-classification\data\processed\transformers\distilbert\seed_2026\full\standard\test_results.json,False,17,joy,1452,,,,,,,,,
C,standard,distilbert,2026.0,test,fixed,missing,Chưa có run full/protocol/kết quả hợp lệ,D:\DoAn\Đồ án NLP\goemotions-multilabel-classification\data\processed\transformers\distilbert\seed_2026\full\standard\test_results.json,False,18,love,2086,,,,,,,,,
C,standard,distilbert,2026.0,test,fixed,missing,Chưa có run full/protocol/kết quả hợp lệ,D:\DoAn\Đồ án NLP\goemotions-multilabel-classification\data\processed\transformers\distilbert\seed_2026\full\standard\test_results.json,False,19,nervousness,164,,,,,,,,,
C,standard,distilbert,2026.0,test,fixed,missing,Chưa có run full/protocol/kết quả hợp lệ,D:\DoAn\Đồ án NLP\goemotions-multilabel-classification\data\processed\transformers\distilbert\seed_2026\full\standard\test_results.json,False,20,optimism,1581,,,,,,,,,
C,standard,distilbert,2026.0,test,fixed,missing,Chưa có run full/protocol/kết quả hợp lệ,D:\DoAn\Đồ án NLP\goemotions-multilabel-classification\data\processed\transformers\distilbert\seed_2026\full\standard\test_results.json,False,21,pride,111,,,,,,,,,
C,standard,distilbert,2026.0,test,fixed,missing,Chưa có run full/protocol/kết quả hợp lệ,D:\DoAn\Đồ án NLP\goemotions-multilabel-classification\data\processed\transformers\distilbert\seed_2026\full\standard\test_results.json,False,22,realization,1110,,,,,,,,,
C,standard,distilbert,2026.0,test,fixed,missing,Chưa có run full/protocol/kết quả hợp lệ,D:\DoAn\Đồ án NLP\goemotions-multilabel-classification\data\processed\transformers\distilbert\seed_2026\full\standard\test_results.json,False,23,relief,153,,,,,,,,,
C,standard,distilbert,2026.0,test,fixed,missing,Chưa có run full/protocol/kết quả hợp lệ,D:\DoAn\Đồ án NLP\goemotions-multilabel-classification\data\processed\transformers\distilbert\seed_2026\full\standard\test_results.json,False,24,remorse,545,,,,,,,,,
C,standard,distilbert,2026.0,test,fixed,missing,Chưa có run full/protocol/kết quả hợp lệ,D:\DoAn\Đồ án NLP\goemotions-multilabel-classification\data\processed\transformers\distilbert\seed_2026\full\standard\test_results.json,False,25,sadness,1326,,,,,,,,,
C,standard,distilbert,2026.0,test,fixed,missing,Chưa có run full/protocol/kết quả hợp lệ,D:\DoAn\Đồ án NLP\goemotions-multilabel-classification\data\processed\transformers\distilbert\seed_2026\full\standard\test_results.json,False,26,surprise,1060,,,,,,,,,
C,standard,distilbert,2026.0,test,fixed,missing,Chưa có run full/protocol/kết quả hợp lệ,D:\DoAn\Đồ án NLP\goemotions-multilabel-classification\data\processed\transformers\distilbert\seed_2026\full\standard\test_results.json,False,27,neutral,14219,,,,,,,,,
C,standard,distilbert,2026.0,test,global,missing,Chưa có run full/protocol/kết quả hợp lệ,D:\DoAn\Đồ án NLP\goemotions-multilabel-classification\data\processed\transformers\distilbert\seed_2026\full\standard\test_results.json,False,0,admiration,4130,,,,,,,,,
C,standard,distilbert,2026.0,test,global,missing,Chưa có run full/protocol/kết quả hợp lệ,D:\DoAn\Đồ án NLP\goemotions-multilabel-classification\data\processed\transformers\distilbert\seed_2026\full\standard\test_results.json,False,1,amusement,2328,,,,,,,,,
C,standard,distilbert,2026.0,test,global,missing,Chưa có run full/protocol/kết quả hợp lệ,D:\DoAn\Đồ án NLP\goemotions-multilabel-classification\data\processed\transformers\distilbert\seed_2026\full\standard\test_results.json,False,2,anger,1567,,,,,,,,,
C,standard,distilbert,2026.0,test,global,missing,Chưa có run full/protocol/kết quả hợp lệ,D:\DoAn\Đồ án NLP\goemotions-multilabel-classification\data\processed\transformers\distilbert\seed_2026\full\standard\test_results.json,False,3,annoyance,2470,,,,,,,,,
C,standard,distilbert,2026.0,test,global,missing,Chưa có run full/protocol/kết quả hợp lệ,D:\DoAn\Đồ án NLP\goemotions-multilabel-classification\data\processed\transformers\distilbert\seed_2026\full\standard\test_results.json,False,4,approval,2939,,,,,,,,,
C,standard,distilbert,2026.0,test,global,missing,Chưa có run full/protocol/kết quả hợp lệ,D:\DoAn\Đồ án NLP\goemotions-multilabel-classification\data\processed\transformers\distilbert\seed_2026\full\standard\test_results.json,False,5,caring,1087,,,,,,,,,
C,standard,distilbert,2026.0,test,global,missing,Chưa có run full/protocol/kết quả hợp lệ,D:\DoAn\Đồ án NLP\goemotions-multilabel-classification\data\processed\transformers\distilbert\seed_2026\full\standard\test_results.json,False,6,confusion,1368,,,,,,,,,
C,standard,distilbert,2026.0,test,global,missing,Chưa có run full/protocol/kết quả hợp lệ,D:\DoAn\Đồ án NLP\goemotions-multilabel-classification\data\processed\transformers\distilbert\seed_2026\full\standard\test_results.json,False,7,curiosity,2191,,,,,,,,,
C,standard,distilbert,2026.0,test,global,missing,Chưa có run full/protocol/kết quả hợp lệ,D:\DoAn\Đồ án NLP\goemotions-multilabel-classification\data\processed\transformers\distilbert\seed_2026\full\standard\test_results.json,False,8,desire,641,,,,,,,,,
C,standard,distilbert,2026.0,test,global,missing,Chưa có run full/protocol/kết quả hợp lệ,D:\DoAn\Đồ án NLP\goemotions-multilabel-classification\data\processed\transformers\distilbert\seed_2026\full\standard\test_results.json,False,9,disappointment,1269,,,,,,,,,
C,standard,distilbert,2026.0,test,global,missing,Chưa có run full/protocol/kết quả hợp lệ,D:\DoAn\Đồ án NLP\goemotions-multilabel-classification\data\processed\transformers\distilbert\seed_2026\full\standard\test_results.json,False,10,disapproval,2022,,,,,,,,,
C,standard,distilbert,2026.0,test,global,missing,Chưa có run full/protocol/kết quả hợp lệ,D:\DoAn\Đồ án NLP\goemotions-multilabel-classification\data\processed\transformers\distilbert\seed_2026\full\standard\test_results.json,False,11,disgust,793,,,,,,,,,
C,standard,distilbert,2026.0,test,global,missing,Chưa có run full/protocol/kết quả hợp lệ,D:\DoAn\Đồ án NLP\goemotions-multilabel-classification\data\processed\transformers\distilbert\seed_2026\full\standard\test_results.json,False,12,embarrassment,303,,,,,,,,,
C,standard,distilbert,2026.0,test,global,missing,Chưa có run full/protocol/kết quả hợp lệ,D:\DoAn\Đồ án NLP\goemotions-multilabel-classification\data\processed\transformers\distilbert\seed_2026\full\standard\test_results.json,False,13,excitement,853,,,,,,,,,
C,standard,distilbert,2026.0,test,global,missing,Chưa có run full/protocol/kết quả hợp lệ,D:\DoAn\Đồ án NLP\goemotions-multilabel-classification\data\processed\transformers\distilbert\seed_2026\full\standard\test_results.json,False,14,fear,596,,,,,,,,,
C,standard,distilbert,2026.0,test,global,missing,Chưa có run full/protocol/kết quả hợp lệ,D:\DoAn\Đồ án NLP\goemotions-multilabel-classification\data\processed\transformers\distilbert\seed_2026\full\standard\test_results.json,False,15,gratitude,2662,,,,,,,,,
C,standard,distilbert,2026.0,test,global,missing,Chưa có run full/protocol/kết quả hợp lệ,D:\DoAn\Đồ án NLP\goemotions-multilabel-classification\data\processed\transformers\distilbert\seed_2026\full\standard\test_results.json,False,16,grief,77,,,,,,,,,
C,standard,distilbert,2026.0,test,global,missing,Chưa có run full/protocol/kết quả hợp lệ,D:\DoAn\Đồ án NLP\goemotions-multilabel-classification\data\processed\transformers\distilbert\seed_2026\full\standard\test_results.json,False,17,joy,1452,,,,,,,,,
C,standard,distilbert,2026.0,test,global,missing,Chưa có run full/protocol/kết quả hợp lệ,D:\DoAn\Đồ án NLP\goemotions-multilabel-classification\data\processed\transformers\distilbert\seed_2026\full\standard\test_results.json,False,18,love,2086,,,,,,,,,
C,standard,distilbert,2026.0,test,global,missing,Chưa có run full/protocol/kết quả hợp lệ,D:\DoAn\Đồ án NLP\goemotions-multilabel-classification\data\processed\transformers\distilbert\seed_2026\full\standard\test_results.json,False,19,nervousness,164,,,,,,,,,
C,standard,distilbert,2026.0,test,global,missing,Chưa có run full/protocol/kết quả hợp lệ,D:\DoAn\Đồ án NLP\goemotions-multilabel-classification\data\processed\transformers\distilbert\seed_2026\full\standard\test_results.json,False,20,optimism,1581,,,,,,,,,
C,standard,distilbert,2026.0,test,global,missing,Chưa có run full/protocol/kết quả hợp lệ,D:\DoAn\Đồ án NLP\goemotions-multilabel-classification\data\processed\transformers\distilbert\seed_2026\full\standard\test_results.json,False,21,pride,111,,,,,,,,,
C,standard,distilbert,2026.0,test,global,missing,Chưa có run full/protocol/kết quả hợp lệ,D:\DoAn\Đồ án NLP\goemotions-multilabel-classification\data\processed\transformers\distilbert\seed_2026\full\standard\test_results.json,False,22,realization,1110,,,,,,,,,
C,standard,distilbert,2026.0,test,global,missing,Chưa có run full/protocol/kết quả hợp lệ,D:\DoAn\Đồ án NLP\goemotions-multilabel-classification\data\processed\transformers\distilbert\seed_2026\full\standard\test_results.json,False,23,relief,153,,,,,,,,,
C,standard,distilbert,2026.0,test,global,missing,Chưa có run full/protocol/kết quả hợp lệ,D:\DoAn\Đồ án NLP\goemotions-multilabel-classification\data\processed\transformers\distilbert\seed_2026\full\standard\test_results.json,False,24,remorse,545,,,,,,,,,
C,standard,distilbert,2026.0,test,global,missing,Chưa có run full/protocol/kết quả hợp lệ,D:\DoAn\Đồ án NLP\goemotions-multilabel-classification\data\processed\transformers\distilbert\seed_2026\full\standard\test_results.json,False,25,sadness,1326,,,,,,,,,
C,standard,distilbert,2026.0,test,global,missing,Chưa có run full/protocol/kết quả hợp lệ,D:\DoAn\Đồ án NLP\goemotions-multilabel-classification\data\processed\transformers\distilbert\seed_2026\full\standard\test_results.json,False,26,surprise,1060,,,,,,,,,
C,standard,distilbert,2026.0,test,global,missing,Chưa có run full/protocol/kết quả hợp lệ,D:\DoAn\Đồ án NLP\goemotions-multilabel-classification\data\processed\transformers\distilbert\seed_2026\full\standard\test_results.json,False,27,neutral,14219,,,,,,,,,
C,standard,distilbert,2026.0,test,tuned,missing,Chưa có run full/protocol/kết quả hợp lệ,D:\DoAn\Đồ án NLP\goemotions-multilabel-classification\data\processed\transformers\distilbert\seed_2026\full\standard\test_results.json,False,0,admiration,4130,,,,,,,,,
C,standard,distilbert,2026.0,test,tuned,missing,Chưa có run full/protocol/kết quả hợp lệ,D:\DoAn\Đồ án NLP\goemotions-multilabel-classification\data\processed\transformers\distilbert\seed_2026\full\standard\test_results.json,False,1,amusement,2328,,,,,,,,,
C,standard,distilbert,2026.0,test,tuned,missing,Chưa có run full/protocol/kết quả hợp lệ,D:\DoAn\Đồ án NLP\goemotions-multilabel-classification\data\processed\transformers\distilbert\seed_2026\full\standard\test_results.json,False,2,anger,1567,,,,,,,,,
C,standard,distilbert,2026.0,test,tuned,missing,Chưa có run full/protocol/kết quả hợp lệ,D:\DoAn\Đồ án NLP\goemotions-multilabel-classification\data\processed\transformers\distilbert\seed_2026\full\standard\test_results.json,False,3,annoyance,2470,,,,,,,,,
C,standard,distilbert,2026.0,test,tuned,missing,Chưa có run full/protocol/kết quả hợp lệ,D:\DoAn\Đồ án NLP\goemotions-multilabel-classification\data\processed\transformers\distilbert\seed_2026\full\standard\test_results.json,False,4,approval,2939,,,,,,,,,
C,standard,distilbert,2026.0,test,tuned,missing,Chưa có run full/protocol/kết quả hợp lệ,D:\DoAn\Đồ án NLP\goemotions-multilabel-classification\data\processed\transformers\distilbert\seed_2026\full\standard\test_results.json,False,5,caring,1087,,,,,,,,,
C,standard,distilbert,2026.0,test,tuned,missing,Chưa có run full/protocol/kết quả hợp lệ,D:\DoAn\Đồ án NLP\goemotions-multilabel-classification\data\processed\transformers\distilbert\seed_2026\full\standard\test_results.json,False,6,confusion,1368,,,,,,,,,
C,standard,distilbert,2026.0,test,tuned,missing,Chưa có run full/protocol/kết quả hợp lệ,D:\DoAn\Đồ án NLP\goemotions-multilabel-classification\data\processed\transformers\distilbert\seed_2026\full\standard\test_results.json,False,7,curiosity,2191,,,,,,,,,
C,standard,distilbert,2026.0,test,tuned,missing,Chưa có run full/protocol/kết quả hợp lệ,D:\DoAn\Đồ án NLP\goemotions-multilabel-classification\data\processed\transformers\distilbert\seed_2026\full\standard\test_results.json,False,8,desire,641,,,,,,,,,
C,standard,distilbert,2026.0,test,tuned,missing,Chưa có run full/protocol/kết quả hợp lệ,D:\DoAn\Đồ án NLP\goemotions-multilabel-classification\data\processed\transformers\distilbert\seed_2026\full\standard\test_results.json,False,9,disappointment,1269,,,,,,,,,
C,standard,distilbert,2026.0,test,tuned,missing,Chưa có run full/protocol/kết quả hợp lệ,D:\DoAn\Đồ án NLP\goemotions-multilabel-classification\data\processed\transformers\distilbert\seed_2026\full\standard\test_results.json,False,10,disapproval,2022,,,,,,,,,
C,standard,distilbert,2026.0,test,tuned,missing,Chưa có run full/protocol/kết quả hợp lệ,D:\DoAn\Đồ án NLP\goemotions-multilabel-classification\data\processed\transformers\distilbert\seed_2026\full\standard\test_results.json,False,11,disgust,793,,,,,,,,,
C,standard,distilbert,2026.0,test,tuned,missing,Chưa có run full/protocol/kết quả hợp lệ,D:\DoAn\Đồ án NLP\goemotions-multilabel-classification\data\processed\transformers\distilbert\seed_2026\full\standard\test_results.json,False,12,embarrassment,303,,,,,,,,,
C,standard,distilbert,2026.0,test,tuned,missing,Chưa có run full/protocol/kết quả hợp lệ,D:\DoAn\Đồ án NLP\goemotions-multilabel-classification\data\processed\transformers\distilbert\seed_2026\full\standard\test_results.json,False,13,excitement,853,,,,,,,,,
C,standard,distilbert,2026.0,test,tuned,missing,Chưa có run full/protocol/kết quả hợp lệ,D:\DoAn\Đồ án NLP\goemotions-multilabel-classification\data\processed\transformers\distilbert\seed_2026\full\standard\test_results.json,False,14,fear,596,,,,,,,,,
C,standard,distilbert,2026.0,test,tuned,missing,Chưa có run full/protocol/kết quả hợp lệ,D:\DoAn\Đồ án NLP\goemotions-multilabel-classification\data\processed\transformers\distilbert\seed_2026\full\standard\test_results.json,False,15,gratitude,2662,,,,,,,,,
C,standard,distilbert,2026.0,test,tuned,missing,Chưa có run full/protocol/kết quả hợp lệ,D:\DoAn\Đồ án NLP\goemotions-multilabel-classification\data\processed\transformers\distilbert\seed_2026\full\standard\test_results.json,False,16,grief,77,,,,,,,,,
C,standard,distilbert,2026.0,test,tuned,missing,Chưa có run full/protocol/kết quả hợp lệ,D:\DoAn\Đồ án NLP\goemotions-multilabel-classification\data\processed\transformers\distilbert\seed_2026\full\standard\test_results.json,False,17,joy,1452,,,,,,,,,
C,standard,distilbert,2026.0,test,tuned,missing,Chưa có run full/protocol/kết quả hợp lệ,D:\DoAn\Đồ án NLP\goemotions-multilabel-classification\data\processed\transformers\distilbert\seed_2026\full\standard\test_results.json,False,18,love,2086,,,,,,,,,
C,standard,distilbert,2026.0,test,tuned,missing,Chưa có run full/protocol/kết quả hợp lệ,D:\DoAn\Đồ án NLP\goemotions-multilabel-classification\data\processed\transformers\distilbert\seed_2026\full\standard\test_results.json,False,19,nervousness,164,,,,,,,,,
C,standard,distilbert,2026.0,test,tuned,missing,Chưa có run full/protocol/kết quả hợp lệ,D:\DoAn\Đồ án NLP\goemotions-multilabel-classification\data\processed\transformers\distilbert\seed_2026\full\standard\test_results.json,False,20,optimism,1581,,,,,,,,,
C,standard,distilbert,2026.0,test,tuned,missing,Chưa có run full/protocol/kết quả hợp lệ,D:\DoAn\Đồ án NLP\goemotions-multilabel-classification\data\processed\transformers\distilbert\seed_2026\full\standard\test_results.json,False,21,pride,111,,,,,,,,,
C,standard,distilbert,2026.0,test,tuned,missing,Chưa có run full/protocol/kết quả hợp lệ,D:\DoAn\Đồ án NLP\goemotions-multilabel-classification\data\processed\transformers\distilbert\seed_2026\full\standard\test_results.json,False,22,realization,1110,,,,,,,,,
C,standard,distilbert,2026.0,test,tuned,missing,Chưa có run full/protocol/kết quả hợp lệ,D:\DoAn\Đồ án NLP\goemotions-multilabel-classification\data\processed\transformers\distilbert\seed_2026\full\standard\test_results.json,False,23,relief,153,,,,,,,,,
C,standard,distilbert,2026.0,test,tuned,missing,Chưa có run full/protocol/kết quả hợp lệ,D:\DoAn\Đồ án NLP\goemotions-multilabel-classification\data\processed\transformers\distilbert\seed_2026\full\standard\test_results.json,False,24,remorse,545,,,,,,,,,
C,standard,distilbert,2026.0,test,tuned,missing,Chưa có run full/protocol/kết quả hợp lệ,D:\DoAn\Đồ án NLP\goemotions-multilabel-classification\data\processed\transformers\distilbert\seed_2026\full\standard\test_results.json,False,25,sadness,1326,,,,,,,,,
C,standard,distilbert,2026.0,test,tuned,missing,Chưa có run full/protocol/kết quả hợp lệ,D:\DoAn\Đồ án NLP\goemotions-multilabel-classification\data\processed\transformers\distilbert\seed_2026\full\standard\test_results.json,False,26,surprise,1060,,,,,,,,,
C,standard,distilbert,2026.0,test,tuned,missing,Chưa có run full/protocol/kết quả hợp lệ,D:\DoAn\Đồ án NLP\goemotions-multilabel-classification\data\processed\transformers\distilbert\seed_2026\full\standard\test_results.json,False,27,neutral,14219,,,,,,,,,
